{"Epochs": 45, "TrainAcc": [0.22241666666666668, 0.7864166666666667, 0.8515, 0.872, 0.8953333333333333, 0.903, 0.9223333333333333, 0.9300833333333334, 0.9345833333333333, 0.94575, 0.9515, 0.9560833333333333, 0.9618333333333333, 0.9620833333333333, 0.9699166666666666, 0.96525, 0.9654166666666667, 0.9739166666666667, 0.9764166666666667, 0.9759166666666667, 0.9796666666666667, 0.9789166666666667, 0.9774166666666667, 0.9749166666666667, 0.977, 0.98075, 0.9778333333333333, 0.9751666666666666, 0.9743333333333334, 0.976, 0.9814166666666667, 0.97725, 0.9818333333333333, 0.9864166666666667, 0.9863333333333333, 0.98475, 0.9875833333333334, 0.9875, 0.9848333333333333, 0.9841666666666666, 0.9831666666666666, 0.98075, 0.98575, 0.9854166666666667, 0.9893333333333333, 0.9878333333333333, 0.9879166666666667, 0.9851666666666666, 0.98925, 0.9896666666666667, 0.98525, 0.9878333333333333, 0.9866666666666667, 0.9885, 0.9895, 0.9879166666666667, 0.9890833333333333, 0.9916666666666667, 0.9865833333333334, 0.98925, 0.9898333333333333, 0.9909166666666667, 0.9925, 0.9913333333333333, 0.9934166666666666, 0.9880833333333333, 0.9909166666666667, 0.98825, 0.99075, 0.98775, 0.9879166666666667, 0.9888333333333333, 0.9868333333333333, 0.9865833333333334, 0.9894166666666667, 0.9905, 0.9895833333333334, 0.9906666666666667, 0.991, 0.9914166666666666, 0.9935833333333334, 0.9909166666666667, 0.9898333333333333, 0.9868333333333333, 0.9904166666666666, 0.994, 0.9933333333333333, 0.9935, 0.9951666666666666, 0.9941666666666666, 0.9931666666666666, 0.9955, 0.9948333333333333, 0.9955833333333334, 0.9930833333333333, 0.9951666666666666, 0.9951666666666666, 0.9945, 0.99475, 0.99425, 0.9933333333333333, 0.9940833333333333, 0.99525, 0.996, 0.99625, 0.9970833333333333, 0.9955, 0.9934166666666666, 0.9931666666666666, 0.99475, 0.99425, 0.9955833333333334, 0.9964166666666666, 0.9935833333333334, 0.99475, 0.99475, 0.9954166666666666, 0.9953333333333333, 0.9959166666666667, 0.9965, 0.9961666666666666, 0.9954166666666666, 0.9950833333333333, 0.99625, 0.9969166666666667, 0.9958333333333333, 0.99675, 0.9955833333333334, 0.996, 0.9971666666666666, 0.9968333333333333, 0.9965, 0.9963333333333333, 0.99375, 0.9953333333333333, 0.995, 0.9955833333333334, 0.9960833333333333, 0.9946666666666667, 0.9945, 0.9911666666666666, 0.99475, 0.99425, 0.9970833333333333, 0.9966666666666667, 0.9958333333333333, 0.9969166666666667, 0.9973333333333333, 0.9945833333333334, 0.99625, 0.99675, 0.9955833333333334, 0.9968333333333333, 0.9958333333333333, 0.9968333333333333, 0.9953333333333333, 0.9968333333333333, 0.9963333333333333, 0.9964166666666666, 0.9955833333333334, 0.9945833333333334, 0.9925, 0.9943333333333333, 0.9956666666666667, 0.9948333333333333, 0.99275, 0.99025, 0.99475, 0.9925, 0.9908333333333333, 0.99225, 0.9923333333333333, 0.99125, 0.9885, 0.9933333333333333, 0.9939166666666667, 0.9935833333333334, 0.9961666666666666, 0.9916666666666667, 0.9963333333333333, 0.99375, 0.9933333333333333, 0.9938333333333333, 0.99375, 0.9943333333333333, 0.9958333333333333, 0.9945, 0.995, 0.99575, 0.99525, 0.9946666666666667, 0.9961666666666666, 0.9933333333333333, 0.9928333333333333, 0.99525, 0.9960833333333333, 0.99725, 0.9971666666666666, 0.9975833333333334, 0.9985, 0.999, 0.9960833333333333, 0.9978333333333333, 0.9963333333333333, 0.9980833333333333, 0.9970833333333333, 0.9939166666666667, 0.9975, 0.9969166666666667, 0.9975, 0.99125, 0.9949166666666667, 0.9965, 0.9963333333333333, 0.99625, 0.9964166666666666, 0.99475, 0.9961666666666666, 0.99675, 0.9936666666666667, 0.9955833333333334, 0.99425, 0.9936666666666667, 0.99275, 0.9935], "ValidAcc": [0.2255, 0.77325, 0.832, 0.84725, 0.866, 0.876, 0.88825, 0.886, 0.89925, 0.899, 0.90275, 0.90825, 0.91575, 0.90475, 0.91025, 0.90975, 0.905, 0.91675, 0.91375, 0.91775, 0.91575, 0.9195, 0.91575, 0.90475, 0.91675, 0.91425, 0.90875, 0.9055, 0.90475, 0.911, 0.90925, 0.8995, 0.90925, 0.9155, 0.92075, 0.91475, 0.916, 0.91325, 0.9125, 0.9015, 0.9055, 0.906, 0.913, 0.91225, 0.916, 0.91475, 0.912, 0.91475, 0.9125, 0.912, 0.90825, 0.91025, 0.91, 0.912, 0.90825, 0.9135, 0.921, 0.92575, 0.91175, 0.917, 0.92075, 0.92125, 0.9185, 0.917, 0.9195, 0.90975, 0.91375, 0.909, 0.92275, 0.91025, 0.90975, 0.91225, 0.9115, 0.913, 0.9135, 0.91625, 0.9155, 0.919, 0.91675, 0.917, 0.914, 0.913, 0.91475, 0.9095, 0.9095, 0.9185, 0.919, 0.90825, 0.9175, 0.913, 0.9135, 0.919, 0.91325, 0.91525, 0.91425, 0.919, 0.9205, 0.91375, 0.915, 0.9145, 0.917, 0.925, 0.927, 0.925, 0.91875, 0.9155, 0.92125, 0.91475, 0.9155, 0.9175, 0.918, 0.91775, 0.9185, 0.9145, 0.915, 0.91675, 0.9185, 0.91475, 0.91675, 0.921, 0.923, 0.92275, 0.92025, 0.9195, 0.92425, 0.92275, 0.9235, 0.92425, 0.9215, 0.91825, 0.92275, 0.92225, 0.92575, 0.923, 0.917, 0.91575, 0.91275, 0.9145, 0.91675, 0.92225, 0.916, 0.918, 0.91575, 0.91625, 0.92125, 0.9205, 0.9215, 0.919, 0.913, 0.92, 0.9225, 0.92175, 0.92125, 0.9205, 0.91875, 0.919, 0.92025, 0.92, 0.9205, 0.922, 0.919, 0.9175, 0.9135, 0.92125, 0.91875, 0.91575, 0.9105, 0.92075, 0.91225, 0.9175, 0.91475, 0.916, 0.91375, 0.91325, 0.91125, 0.9135, 0.9115, 0.917, 0.91475, 0.91475, 0.91725, 0.91575, 0.92325, 0.9195, 0.91725, 0.92325, 0.92375, 0.92325, 0.9175, 0.91925, 0.9175, 0.91525, 0.91275, 0.913, 0.91325, 0.91725, 0.91625, 0.916, 0.913, 0.9205, 0.9205, 0.91675, 0.92175, 0.92075, 0.91875, 0.9205, 0.915, 0.91225, 0.91275, 0.91625, 0.9105, 0.91625, 0.9235, 0.9215, 0.917, 0.91525, 0.91075, 0.912, 0.91675, 0.915, 0.92, 0.9145, 0.91325, 0.91675, 0.916], "TestAcc": 0.92225}