{"Epochs": 83, "TrainAcc": [0.051333333333333335, 0.0985, 0.0605, 0.09966666666666667, 0.1285, 0.1185, 0.1785, 0.18983333333333333, 0.24766666666666667, 0.38416666666666666, 0.3278333333333333, 0.49016666666666664, 0.6075, 0.6618333333333334, 0.6823333333333333, 0.731, 0.7376666666666667, 0.7263333333333334, 0.8305, 0.8325, 0.8423333333333334, 0.8563333333333333, 0.8658333333333333, 0.8741666666666666, 0.9076666666666666, 0.9231666666666667, 0.921, 0.92, 0.941, 0.9485, 0.9505, 0.9625, 0.9621666666666666, 0.9676666666666667, 0.956, 0.9461666666666667, 0.9583333333333334, 0.9596666666666667, 0.9483333333333334, 0.965, 0.9648333333333333, 0.9718333333333333, 0.9713333333333334, 0.9796666666666667, 0.9863333333333333, 0.9783333333333334, 0.9586666666666667, 0.96, 0.9668333333333333, 0.9696666666666667, 0.985, 0.9798333333333333, 0.9793333333333333, 0.9775, 0.9706666666666667, 0.987, 0.9878333333333333, 0.9865, 0.9848333333333333, 0.9856666666666667, 0.9891666666666666, 0.9813333333333333, 0.9911666666666666, 0.9896666666666667, 0.98, 0.9841666666666666, 0.9751666666666666, 0.9903333333333333, 0.9903333333333333, 0.9853333333333333, 0.9593333333333334, 0.9846666666666667, 0.9808333333333333, 0.9723333333333334, 0.9746666666666667, 0.972, 0.985, 0.9873333333333333, 0.9741666666666666, 0.9895, 0.9811666666666666, 0.9896666666666667, 0.9935], "ValidAcc": [0.059, 0.0975, 0.054, 0.1035, 0.132, 0.1205, 0.1825, 0.181, 0.237, 0.3745, 0.3315, 0.473, 0.5735, 0.6255, 0.639, 0.68, 0.6875, 0.685, 0.753, 0.7405, 0.7495, 0.748, 0.7705, 0.7555, 0.7885, 0.792, 0.796, 0.782, 0.8075, 0.8085, 0.8045, 0.8175, 0.808, 0.8145, 0.8035, 0.787, 0.8115, 0.802, 0.798, 0.799, 0.796, 0.816, 0.8075, 0.803, 0.821, 0.8145, 0.795, 0.792, 0.7985, 0.812, 0.8205, 0.8145, 0.809, 0.8085, 0.803, 0.82, 0.8175, 0.825, 0.808, 0.821, 0.825, 0.829, 0.8305, 0.823, 0.8045, 0.816, 0.8035, 0.8275, 0.819, 0.822, 0.7955, 0.8035, 0.8125, 0.805, 0.803, 0.802, 0.804, 0.812, 0.7935, 0.808, 0.8045, 0.8125, 0.825], "TestAcc": 0.8205}