{"Epochs": 69, "TrainAcc": [0.055, 0.4705, 0.5731666666666667, 0.6131666666666666, 0.6376666666666667, 0.6598333333333334, 0.6665, 0.6808333333333333, 0.6936666666666667, 0.701, 0.716, 0.7261666666666666, 0.729, 0.7271666666666666, 0.7353333333333333, 0.7426666666666667, 0.7433333333333333, 0.7445, 0.7516666666666667, 0.7573333333333333, 0.7683333333333333, 0.7606666666666667, 0.7686666666666667, 0.7678333333333334, 0.7715, 0.7835, 0.7786666666666666, 0.7775, 0.7846666666666666, 0.7896666666666666, 0.7888333333333334, 0.7888333333333334, 0.7901666666666667, 0.7968333333333333, 0.7998333333333333, 0.7896666666666666, 0.7986666666666666, 0.8011666666666667, 0.8036666666666666, 0.8058333333333333, 0.798, 0.8056666666666666, 0.8075, 0.8083333333333333, 0.812, 0.8101666666666667, 0.8095, 0.8056666666666666, 0.8115, 0.8196666666666667, 0.8113333333333334, 0.8143333333333334, 0.8103333333333333, 0.817, 0.8168333333333333, 0.8153333333333334, 0.8135, 0.813, 0.8205, 0.8201666666666667, 0.822, 0.8203333333333334, 0.8213333333333334, 0.8268333333333333, 0.8208333333333333, 0.8205, 0.8196666666666667, 0.8263333333333334, 0.8138333333333333], "ValidAcc": [0.06, 0.453, 0.5375, 0.562, 0.5835, 0.6045, 0.609, 0.6265, 0.6295, 0.6315, 0.637, 0.631, 0.642, 0.639, 0.6445, 0.6515, 0.6505, 0.654, 0.662, 0.659, 0.6535, 0.6585, 0.658, 0.667, 0.661, 0.6655, 0.6655, 0.66, 0.664, 0.663, 0.665, 0.658, 0.66, 0.6615, 0.67, 0.671, 0.667, 0.6635, 0.668, 0.671, 0.6625, 0.662, 0.672, 0.6665, 0.674, 0.673, 0.6735, 0.673, 0.6805, 0.672, 0.6645, 0.6665, 0.6655, 0.661, 0.6725, 0.674, 0.669, 0.66, 0.667, 0.6695, 0.6475, 0.6675, 0.6685, 0.6715, 0.664, 0.6735, 0.6565, 0.656, 0.6695], "TestAcc": 0.6535}