{"Epochs": 41, "TrainAcc": [0.16766666666666666, 0.7923333333333333, 0.8701666666666666, 0.9016666666666666, 0.9336666666666666, 0.9426666666666667, 0.953, 0.948, 0.9428333333333333, 0.9556666666666667, 0.9596666666666667, 0.9648333333333333, 0.965, 0.9495, 0.9475, 0.9636666666666667, 0.9661666666666666, 0.9468333333333333, 0.9671666666666666, 0.967, 0.9726666666666667, 0.9725, 0.9601666666666666, 0.9763333333333334, 0.965, 0.9556666666666667, 0.9648333333333333, 0.9691666666666666, 0.9695, 0.9756666666666667, 0.9758333333333333, 0.9783333333333334, 0.9721666666666666, 0.9601666666666666, 0.9718333333333333, 0.9718333333333333, 0.9491666666666667, 0.9726666666666667, 0.967, 0.9753333333333334, 0.9688333333333333], "ValidAcc": [0.1605, 0.7495, 0.804, 0.848, 0.861, 0.863, 0.8715, 0.8635, 0.8615, 0.869, 0.8745, 0.8765, 0.867, 0.8525, 0.859, 0.883, 0.8635, 0.8625, 0.8725, 0.8625, 0.8875, 0.883, 0.8665, 0.882, 0.878, 0.8745, 0.8615, 0.871, 0.87, 0.8815, 0.874, 0.887, 0.882, 0.866, 0.8755, 0.881, 0.846, 0.8835, 0.8715, 0.881, 0.8815], "TestAcc": 0.869}