{"Epochs": 51, "TrainAcc": [0.055, 0.05533333333333333, 0.05533333333333333, 0.09383333333333334, 0.106, 0.12733333333333333, 0.18116666666666667, 0.19483333333333333, 0.20816666666666667, 0.2115, 0.2275, 0.23166666666666666, 0.234, 0.23883333333333334, 0.24516666666666667, 0.24166666666666667, 0.24633333333333332, 0.24683333333333332, 0.24366666666666667, 0.24316666666666667, 0.25283333333333335, 0.24683333333333332, 0.24783333333333332, 0.25, 0.249, 0.24716666666666667, 0.24883333333333332, 0.24733333333333332, 0.24783333333333332, 0.24516666666666667, 0.25233333333333335, 0.24566666666666667, 0.24816666666666667, 0.2505, 0.2455, 0.24966666666666668, 0.24016666666666667, 0.2485, 0.247, 0.24716666666666667, 0.24333333333333335, 0.24533333333333332, 0.2485, 0.2485, 0.246, 0.2475, 0.24616666666666667, 0.24733333333333332, 0.2455, 0.24583333333333332, 0.24883333333333332], "ValidAcc": [0.0465, 0.0475, 0.0475, 0.0915, 0.1025, 0.1225, 0.1815, 0.183, 0.1965, 0.2, 0.216, 0.22, 0.217, 0.2285, 0.2395, 0.2325, 0.2365, 0.2355, 0.2375, 0.235, 0.2335, 0.228, 0.2375, 0.236, 0.2345, 0.24, 0.2405, 0.24, 0.2305, 0.241, 0.246, 0.239, 0.2415, 0.2335, 0.231, 0.2435, 0.2375, 0.232, 0.2365, 0.242, 0.2325, 0.2395, 0.2395, 0.24, 0.2425, 0.225, 0.229, 0.2425, 0.2345, 0.244, 0.2415], "TestAcc": 0.226}