{"Epochs": 181, "TrainAcc": [0.0475, 0.057, 0.052, 0.049666666666666665, 0.04783333333333333, 0.04666666666666667, 0.04933333333333333, 0.051833333333333335, 0.06233333333333333, 0.10033333333333333, 0.09216666666666666, 0.08383333333333333, 0.0975, 0.0905, 0.10016666666666667, 0.11883333333333333, 0.095, 0.10883333333333334, 0.12133333333333333, 0.13666666666666666, 0.15566666666666668, 0.1765, 0.189, 0.22216666666666668, 0.25416666666666665, 0.23816666666666667, 0.27116666666666667, 0.30483333333333335, 0.3475, 0.39566666666666667, 0.3913333333333333, 0.43583333333333335, 0.43666666666666665, 0.4255, 0.5163333333333333, 0.5616666666666666, 0.6106666666666667, 0.6226666666666667, 0.675, 0.6415, 0.6843333333333333, 0.681, 0.672, 0.7106666666666667, 0.7255, 0.697, 0.7375, 0.743, 0.7511666666666666, 0.7718333333333334, 0.779, 0.7848333333333334, 0.795, 0.8088333333333333, 0.7626666666666667, 0.8018333333333333, 0.8058333333333333, 0.829, 0.8155, 0.852, 0.842, 0.7955, 0.8371666666666666, 0.8425, 0.8635, 0.8583333333333333, 0.8435, 0.8723333333333333, 0.8716666666666667, 0.8741666666666666, 0.8758333333333334, 0.8951666666666667, 0.8775, 0.8208333333333333, 0.8611666666666666, 0.8545, 0.8931666666666667, 0.899, 0.8965, 0.9026666666666666, 0.9125, 0.9115, 0.9016666666666666, 0.9291666666666667, 0.9201666666666667, 0.9195, 0.9105, 0.9215, 0.9283333333333333, 0.9383333333333334, 0.9186666666666666, 0.9315, 0.9386666666666666, 0.9356666666666666, 0.9315, 0.9458333333333333, 0.926, 0.9368333333333333, 0.9283333333333333, 0.9393333333333334, 0.9355, 0.9501666666666667, 0.9471666666666667, 0.9523333333333334, 0.9636666666666667, 0.9585, 0.9603333333333334, 0.969, 0.957, 0.9635, 0.9648333333333333, 0.9413333333333334, 0.9415, 0.9468333333333333, 0.944, 0.9513333333333334, 0.9586666666666667, 0.9628333333333333, 0.966, 0.9638333333333333, 0.9551666666666667, 0.9481666666666667, 0.9478333333333333, 0.9621666666666666, 0.9638333333333333, 0.9676666666666667, 0.9546666666666667, 0.9621666666666666, 0.9628333333333333, 0.9416666666666667, 0.9626666666666667, 0.965, 0.9591666666666666, 0.9676666666666667, 0.9721666666666666, 0.9681666666666666, 0.9645, 0.9695, 0.966, 0.9668333333333333, 0.9683333333333334, 0.9688333333333333, 0.9705, 0.9713333333333334, 0.9711666666666666, 0.9721666666666666, 0.9725, 0.9715, 0.9676666666666667, 0.965, 0.9768333333333333, 0.9673333333333334, 0.9776666666666667, 0.9785, 0.977, 0.9783333333333334, 0.9753333333333334, 0.974, 0.9778333333333333, 0.9811666666666666, 0.9805, 0.9751666666666666, 0.9743333333333334, 0.9753333333333334, 0.9775, 0.9785, 0.984, 0.9841666666666666, 0.987, 0.9841666666666666, 0.9861666666666666, 0.9835, 0.987, 0.983, 0.9826666666666667, 0.9781666666666666, 0.982, 0.9695, 0.9736666666666667, 0.9718333333333333, 0.9761666666666666, 0.9693333333333334, 0.9543333333333334, 0.9548333333333333, 0.9511666666666667, 0.9673333333333334, 0.9461666666666667, 0.968, 0.934, 0.9538333333333333, 0.9551666666666667, 0.9595, 0.9566666666666667, 0.9666666666666667, 0.9705, 0.9815, 0.976, 0.9841666666666666, 0.9868333333333333, 0.9821666666666666, 0.9823333333333333, 0.9788333333333333, 0.9741666666666666, 0.9838333333333333, 0.9798333333333333, 0.9851666666666666, 0.9848333333333333, 0.982, 0.9845, 0.9855, 0.9823333333333333, 0.983, 0.9765, 0.9825, 0.981, 0.9813333333333333, 0.9826666666666667, 0.9871666666666666, 0.9823333333333333, 0.9346666666666666, 0.9763333333333334, 0.9518333333333333, 0.9448333333333333, 0.9735, 0.9596666666666667, 0.9365, 0.9653333333333334, 0.9615, 0.972, 0.9765, 0.9726666666666667, 0.9606666666666667, 0.9643333333333334, 0.9725, 0.9703333333333334, 0.9636666666666667, 0.9631666666666666, 0.9766666666666667, 0.9696666666666667, 0.9721666666666666, 0.9736666666666667, 0.9681666666666666, 0.9778333333333333, 0.9765, 0.9653333333333334, 0.9821666666666666, 0.9703333333333334, 0.9681666666666666, 0.9818333333333333, 0.9763333333333334, 0.9828333333333333, 0.9713333333333334, 0.9716666666666667, 0.9788333333333333, 0.9826666666666667, 0.9801666666666666, 0.9753333333333334, 0.9765, 0.9855, 0.9828333333333333, 0.9595, 0.9705, 0.9763333333333334, 0.9695, 0.9748333333333333, 0.9775, 0.9865, 0.9771666666666666, 0.975, 0.985, 0.9795, 0.9836666666666667, 0.9845, 0.9821666666666666, 0.9873333333333333, 0.9833333333333333, 0.983, 0.9851666666666666, 0.9851666666666666, 0.9836666666666667, 0.9861666666666666, 0.981, 0.9693333333333334, 0.9845, 0.984, 0.9783333333333334, 0.9805, 0.9895, 0.9863333333333333, 0.9906666666666667, 0.9896666666666667, 0.9895, 0.9916666666666667, 0.9926666666666667, 0.9925, 0.9916666666666667, 0.9896666666666667, 0.9878333333333333, 0.9916666666666667, 0.986, 0.974, 0.984, 0.9833333333333333, 0.9918333333333333, 0.9868333333333333, 0.9875, 0.9741666666666666, 0.9756666666666667, 0.9866666666666667, 0.9853333333333333, 0.988, 0.9878333333333333, 0.971, 0.9815, 0.9831666666666666, 0.9865, 0.9881666666666666, 0.9896666666666667, 0.9888333333333333, 0.9861666666666666, 0.9896666666666667, 0.988, 0.9843333333333333, 0.993, 0.9756666666666667, 0.9908333333333333, 0.985, 0.9901666666666666, 0.9596666666666667, 0.9616666666666667, 0.9323333333333333, 0.9653333333333334, 0.9743333333333334, 0.9618333333333333, 0.9513333333333334, 0.9786666666666667, 0.9345, 0.9596666666666667, 0.9766666666666667, 0.9808333333333333, 0.979, 0.9851666666666666, 0.99, 0.9883333333333333, 0.9881666666666666, 0.9911666666666666, 0.9856666666666667, 0.9846666666666667, 0.9853333333333333, 0.992, 0.9941666666666666, 0.9938333333333333, 0.9908333333333333, 0.987, 0.9858333333333333, 0.9708333333333333, 0.99, 0.986, 0.9876666666666667, 0.9861666666666666, 0.9888333333333333, 0.9886666666666667, 0.988, 0.9875, 0.9463333333333334, 0.9798333333333333, 0.9601666666666666, 0.9815, 0.9891666666666666, 0.989, 0.9885, 0.993, 0.993, 0.9846666666666667, 0.9925, 0.989, 0.986, 0.9905, 0.9908333333333333, 0.994, 0.9956666666666667, 0.996, 0.9943333333333333, 0.9908333333333333, 0.9895, 0.9861666666666666, 0.9938333333333333, 0.9883333333333333, 0.9933333333333333, 0.9926666666666667, 0.9921666666666666, 0.9893333333333333, 0.9885, 0.991, 0.9856666666666667, 0.9925, 0.9875, 0.9905, 0.991, 0.9888333333333333, 0.9863333333333333, 0.9906666666666667, 0.9865, 0.982, 0.9898333333333333, 0.9916666666666667, 0.9903333333333333, 0.9946666666666667, 0.995, 0.992, 0.9915, 0.9936666666666667, 0.993, 0.9941666666666666, 0.9921666666666666, 0.9853333333333333, 0.9806666666666667, 0.9883333333333333, 0.9858333333333333, 0.9883333333333333, 0.987, 0.9876666666666667, 0.9923333333333333, 0.9926666666666667, 0.9838333333333333, 0.9756666666666667, 0.9873333333333333, 0.9886666666666667, 0.9886666666666667, 0.9845, 0.98, 0.9936666666666667, 0.9936666666666667, 0.9883333333333333, 0.9908333333333333, 0.9881666666666666, 0.9836666666666667, 0.9815, 0.9905, 0.9813333333333333, 0.9831666666666666, 0.9925, 0.9895, 0.9895, 0.9916666666666667, 0.9911666666666666, 0.9928333333333333, 0.991, 0.996, 0.9966666666666667, 0.9953333333333333, 0.9966666666666667, 0.9935, 0.9938333333333333, 0.982, 0.9845, 0.989, 0.9856666666666667, 0.9848333333333333, 0.9836666666666667, 0.9758333333333333, 0.9751666666666666, 0.9673333333333334, 0.9806666666666667, 0.9105, 0.9188333333333333, 0.9741666666666666, 0.9751666666666666, 0.9798333333333333, 0.9858333333333333, 0.9851666666666666, 0.9858333333333333, 0.9805, 0.9843333333333333, 0.983, 0.9883333333333333, 0.9911666666666666, 0.989, 0.9918333333333333, 0.9883333333333333, 0.9778333333333333, 0.9728333333333333, 0.9805, 0.9736666666666667, 0.9681666666666666, 0.9553333333333334, 0.9715, 0.98, 0.9733333333333334, 0.957, 0.9701666666666666, 0.9528333333333333, 0.9703333333333334, 0.9621666666666666, 0.9805, 0.9718333333333333, 0.9688333333333333, 0.9773333333333334, 0.9825, 0.9761666666666666, 0.979, 0.9723333333333334, 0.9851666666666666, 0.9811666666666666, 0.9766666666666667, 0.9846666666666667, 0.9895, 0.9896666666666667, 0.9765,