{"Epochs": 50, "TrainAcc": [0.17233333333333334, 0.7263333333333334, 0.833, 0.8828333333333334, 0.8945, 0.9216666666666666, 0.9515, 0.9595, 0.9531666666666667, 0.9666666666666667, 0.9631666666666666, 0.9553333333333334, 0.9695, 0.957, 0.9661666666666666, 0.9681666666666666, 0.9613333333333334, 0.9745, 0.9796666666666667, 0.9815, 0.9731666666666666, 0.9801666666666666, 0.9828333333333333, 0.9811666666666666, 0.9568333333333333, 0.9683333333333334, 0.9581666666666667, 0.9686666666666667, 0.9721666666666666, 0.9838333333333333, 0.9843333333333333, 0.9728333333333333, 0.9718333333333333, 0.9525, 0.9751666666666666, 0.98, 0.9728333333333333, 0.9766666666666667, 0.9678333333333333, 0.9846666666666667, 0.9748333333333333, 0.9756666666666667, 0.98, 0.9621666666666666, 0.9755, 0.9781666666666666, 0.9716666666666667, 0.9623333333333334, 0.9563333333333334, 0.913], "ValidAcc": [0.1765, 0.686, 0.7675, 0.791, 0.7995, 0.8185, 0.8285, 0.856, 0.8285, 0.852, 0.84, 0.8185, 0.8495, 0.823, 0.838, 0.8525, 0.829, 0.8425, 0.858, 0.8465, 0.8485, 0.858, 0.862, 0.8635, 0.844, 0.8395, 0.8195, 0.8455, 0.846, 0.8645, 0.861, 0.8495, 0.854, 0.8305, 0.8515, 0.857, 0.848, 0.855, 0.834, 0.859, 0.8485, 0.8505, 0.8585, 0.841, 0.8515, 0.8525, 0.855, 0.8395, 0.826, 0.799], "TestAcc": 0.858}