{"Epochs": 47, "TrainAcc": [0.138, 0.8216666666666667, 0.8911666666666667, 0.8903333333333333, 0.9126666666666666, 0.9381666666666667, 0.943, 0.9406666666666667, 0.9485, 0.9403333333333334, 0.9491666666666667, 0.9595, 0.9596666666666667, 0.9653333333333334, 0.9578333333333333, 0.9515, 0.9595, 0.9653333333333334, 0.9616666666666667, 0.9651666666666666, 0.9666666666666667, 0.9623333333333334, 0.96, 0.9653333333333334, 0.9715, 0.979, 0.9821666666666666, 0.976, 0.976, 0.9655, 0.9655, 0.9568333333333333, 0.9573333333333334, 0.9446666666666667, 0.9445, 0.9185, 0.9641666666666666, 0.9415, 0.9193333333333333, 0.9416666666666667, 0.9575, 0.9615, 0.936, 0.9571666666666667, 0.9666666666666667, 0.9791666666666666, 0.9843333333333333], "ValidAcc": [0.13, 0.773, 0.842, 0.819, 0.8505, 0.8685, 0.865, 0.861, 0.8655, 0.8735, 0.875, 0.8895, 0.8795, 0.8905, 0.8845, 0.8715, 0.8805, 0.8935, 0.8735, 0.883, 0.878, 0.8715, 0.875, 0.882, 0.88, 0.8905, 0.9055, 0.884, 0.8815, 0.8795, 0.8855, 0.862, 0.874, 0.8575, 0.846, 0.852, 0.8655, 0.8545, 0.8395, 0.8695, 0.8605, 0.874, 0.8525, 0.851, 0.8775, 0.892, 0.899], "TestAcc": 0.8915}