{"Epochs": 1, "TrainAcc": [0.049833333333333334, 0.051916666666666667, 0.051916666666666667, 0.0515, 0.051083333333333335], "ValidAcc": [0.0525, 0.04775, 0.04775, 0.0525, 0.05], "TestAcc": 0.04675}