{"Epochs": 1, "TrainAcc": [0.0515, 0.048916666666666664, 0.048916666666666664, 0.04975, 0.051916666666666667], "ValidAcc": [0.0525, 0.05, 0.05, 0.05175, 0.04775], "TestAcc": 0.0465}