{"Epochs": 34, "TrainAcc": [0.2434130072262368, 0.7421901056142302, 0.8247359644246803, 0.870094496942746, 0.8936631461923291, 0.9084491384102279, 0.9221789883268483, 0.9295719844357977, 0.9316842690383547, 0.938076709282935, 0.9445247359644247, 0.9459699833240689, 0.9546970539188439, 0.9610894941634242, 0.9595330739299611, 0.9593107281823235, 0.9577543079488605, 0.959088382434686, 0.9683157309616454, 0.9662034463590884, 0.9748749305169538, 0.9752640355753196, 0.977431906614786, 0.9795997776542523, 0.9798221234018899, 0.9782657031684269, 0.9809894385769872, 0.9843802112284603, 0.9818232351306281, 0.9793774319066147, 0.9897165091717621, 0.9854919399666482, 0.9863813229571985, 0.9864924958310173, 0.9844913841022791, 0.9862701500833797, 0.9891050583657588, 0.9873262923846582, 0.9846025569760979, 0.9888271261812118, 0.9879377431906615, 0.984213451917732, 0.9858254585881046, 0.9865480822679267, 0.9867148415786549, 0.9899388549193997, 0.9927181767648694, 0.9933296275708727, 0.9933296275708727, 0.9886603668704836, 0.9907726514730406, 0.9928293496386882, 0.99266259032796, 0.994219010561423, 0.9953863257365203, 0.9941634241245136, 0.9891050583657588, 0.9869927737632018, 0.9882156753752085, 0.9940522512506949, 0.9940522512506949, 0.9952195664257921, 0.9892162312395776, 0.982379099499722, 0.9844357976653697, 0.9836575875486381, 0.98715953307393, 0.9888271261812118, 0.987715397443024, 0.9846581434130073, 0.9857698721511952, 0.9852695942190106, 0.9835464146748193, 0.9832128960533629, 0.9835464146748193, 0.988715953307393, 0.9910505836575876, 0.9914396887159533, 0.9930516953863258, 0.9909394107837688, 0.9893829905503058, 0.9848804891606449, 0.99082823790995, 0.9891050583657588, 0.9884380211228461, 0.9914396887159533, 0.9918287937743191, 0.9945525291828794, 0.9938299055030573, 0.9928293496386882, 0.9953307392996109, 0.996053362979433, 0.9974430239021679, 0.9968871595330739, 0.9983324068927182, 0.9982768204558088, 0.9981100611450806, 0.9968315730961645, 0.9961645358532518, 0.9969983324068927, 0.9975541967759867, 0.9974986103390773, 0.9976097832128961, 0.9977765425236242, 0.9976097832128961, 0.9973874374652585, 0.9983324068927182, 0.9980544747081712, 0.9977765425236242, 0.9988326848249027, 0.9991662034463591, 0.9992217898832685, 0.9993329627570873, 0.9995553085047248, 0.99816564758199, 0.9964980544747082, 0.9977765425236242, 0.9969983324068927, 0.9956642579210673, 0.9969427459699833, 0.9976653696498055, 0.9983879933296276, 0.9981100611450806, 0.9992773763201779, 0.9981100611450806, 0.9986659255141745, 0.99633129516398, 0.9964424680377988, 0.9958866036687049, 0.9937743190661479, 0.994219010561423, 0.9958866036687049, 0.9964424680377988, 0.9942745969983324, 0.992940522512507, 0.9933852140077821, 0.9939410783768761, 0.9937187326292385, 0.9916064480266815, 0.9923290717065036, 0.9926070038910506, 0.9886047804335742, 0.9922734852695942, 0.9917176209005003, 0.9926070038910506, 0.9935519733185103, 0.9873818788215676, 0.9932740411339633, 0.9872707059477488, 0.9903835464146749, 0.9914396887159533, 0.9910505836575876, 0.9922734852695942, 0.9948304613674264, 0.9944413563090606, 0.9959421901056142, 0.9972206781545303, 0.9952751528627015, 0.9961645358532518, 0.9959977765425236, 0.9954419121734297, 0.9951639799888827, 0.9976097832128961, 0.9977765425236242, 0.9974986103390773, 0.9972762645914397, 0.9972762645914397, 0.9976653696498055, 0.9973318510283491, 0.9968871595330739, 0.9956642579210673, 0.9972206781545303, 0.9973874374652585, 0.9972762645914397, 0.9969427459699833, 0.9980544747081712, 0.9979988882712618, 0.9974986103390773, 0.9989994441356309, 0.9977209560867148, 0.9972206781545303, 0.9977209560867148, 0.9964980544747082, 0.9970539188438021, 0.996609227348527, 0.9948304613674264, 0.9936631461923291, 0.99449694274597, 0.9964424680377988, 0.9957754307948861, 0.9966648137854364, 0.9963868816008894, 0.9966648137854364, 0.9863813229571985, 0.9904391328515842, 0.9904391328515842, 0.9935519733185103, 0.9936075597554197, 0.9882712618121179, 0.9903835464146749, 0.9899388549193997, 0.9918287937743191, 0.9902167871039467, 0.987437465258477, 0.9903835464146749, 0.991106170094497, 0.9927737632017788, 0.9884380211228461, 0.9893829905503058, 0.9915508615897721, 0.9921623123957755, 0.9916620344635909, 0.9932184546970539, 0.9962757087270706, 0.994219010561423, 0.9946637020566982, 0.994774874930517, 0.9957198443579767, 0.9971095052807115, 0.997887715397443, 0.9976097832128961, 0.9973318510283491, 0.9973874374652585, 0.9948860478043358, 0.9959421901056142, 0.9949416342412452, 0.9977765425236242, 0.9976097832128961, 0.99816564758199, 0.9979433018343524, 0.9969983324068927, 0.9982768204558088, 0.998443579766537, 0.9979433018343524, 0.9983324068927182, 0.9987770983879933, 0.9987215119510839, 0.9985547526403558, 0.9992217898832685, 0.9992217898832685, 0.9993329627570873, 0.9992217898832685, 0.9996108949416342, 0.9996664813785436, 0.9991106170094497, 0.9994441356309061, 0.9994997220678155, 0.9996664813785436, 0.9995553085047248, 0.9996108949416342, 0.9997776542523624, 0.9996108949416342, 0.9992773763201779, 0.9979433018343524, 0.9991662034463591, 0.9987770983879933, 0.9988882712618121, 0.9987770983879933, 0.9989438576987215, 0.9984991662034464, 0.9988882712618121, 0.9962201222901612, 0.9983879933296276, 0.998443579766537, 0.9987770983879933, 0.9985547526403558, 0.9981100611450806, 0.9987215119510839, 0.9989438576987215, 0.9994441356309061, 0.9994441356309061, 0.9994441356309061],