{"Epochs": 51, "TrainAcc": [0.1725, 0.7796666666666666, 0.8545, 0.8745, 0.9058333333333334, 0.9195, 0.9143333333333333, 0.9193333333333333, 0.9306666666666666, 0.9175, 0.928, 0.9321666666666667, 0.9253333333333333, 0.9261666666666667, 0.9321666666666667, 0.9288333333333333, 0.9201666666666667, 0.9296666666666666, 0.9156666666666666, 0.9343333333333333, 0.9445, 0.9276666666666666, 0.9511666666666667, 0.959, 0.9551666666666667, 0.9478333333333333, 0.956, 0.9568333333333333, 0.9598333333333333, 0.9563333333333334, 0.9551666666666667, 0.9416666666666667, 0.9606666666666667, 0.9598333333333333, 0.949, 0.958, 0.954, 0.9665, 0.9726666666666667, 0.9676666666666667, 0.9686666666666667, 0.9741666666666666, 0.9718333333333333, 0.9698333333333333, 0.9693333333333334, 0.9693333333333334, 0.9688333333333333, 0.961, 0.9613333333333334, 0.9741666666666666, 0.975, 0.9728333333333333, 0.9681666666666666, 0.95, 0.9645, 0.9685, 0.9665, 0.9661666666666666, 0.9645, 0.9708333333333333, 0.9736666666666667, 0.9756666666666667, 0.9818333333333333, 0.9741666666666666, 0.963, 0.9653333333333334, 0.9701666666666666, 0.9706666666666667, 0.9735, 0.9688333333333333, 0.9766666666666667, 0.9758333333333333, 0.9761666666666666, 0.974, 0.9791666666666666, 0.9776666666666667, 0.9846666666666667, 0.9735, 0.971, 0.9713333333333334, 0.9701666666666666, 0.981, 0.971, 0.9785, 0.9798333333333333, 0.9811666666666666, 0.9818333333333333, 0.9858333333333333, 0.9805, 0.9776666666666667, 0.981, 0.976, 0.9855, 0.9783333333333334, 0.9713333333333334, 0.9595, 0.965, 0.9713333333333334, 0.9666666666666667, 0.9716666666666667, 0.9748333333333333, 0.968, 0.9658333333333333, 0.9708333333333333, 0.9406666666666667, 0.9386666666666666, 0.9435, 0.9308333333333333, 0.9508333333333333, 0.923, 0.9433333333333334, 0.9308333333333333, 0.951, 0.9656666666666667, 0.9675, 0.959, 0.969, 0.9696666666666667, 0.9533333333333334, 0.9655, 0.9608333333333333, 0.9323333333333333, 0.9483333333333334, 0.893, 0.9333333333333333, 0.941, 0.9576666666666667, 0.9548333333333333, 0.9656666666666667, 0.9688333333333333, 0.968, 0.9676666666666667, 0.9561666666666667, 0.9261666666666667, 0.9631666666666666, 0.9605, 0.9665, 0.9551666666666667, 0.9426666666666667, 0.9396666666666667, 0.9233333333333333, 0.9195, 0.888, 0.8511666666666666, 0.846, 0.8148333333333333, 0.8731666666666666, 0.9046666666666666, 0.9135, 0.906, 0.9211666666666667, 0.934, 0.9548333333333333], "ValidAcc": [0.171, 0.7585, 0.8345, 0.8455, 0.867, 0.862, 0.8545, 0.863, 0.8635, 0.863, 0.8685, 0.8785, 0.8725, 0.8665, 0.8665, 0.866, 0.8585, 0.868, 0.859, 0.88, 0.8815, 0.8575, 0.8875, 0.8855, 0.8795, 0.879, 0.882, 0.886, 0.882, 0.869, 0.8665, 0.875, 0.888, 0.885, 0.8805, 0.892, 0.8875, 0.9, 0.901, 0.898, 0.899, 0.898, 0.903, 0.891, 0.8855, 0.8975, 0.9005, 0.893, 0.893, 0.8935, 0.8975, 0.894, 0.8875, 0.862, 0.88, 0.887, 0.8765, 0.878, 0.8925, 0.894, 0.8955, 0.905, 0.9055, 0.8935, 0.8905, 0.8875, 0.892, 0.893, 0.8945, 0.885, 0.8995, 0.894, 0.8925, 0.8925, 0.8965, 0.9045, 0.8995, 0.9, 0.905, 0.8985, 0.891, 0.905, 0.893, 0.904, 0.907, 0.9, 0.904, 0.906, 0.903, 0.8975, 0.901, 0.8915, 0.9075, 0.9005, 0.894, 0.878, 0.8775, 0.8955, 0.8905, 0.8935, 0.8925, 0.8885, 0.8825, 0.883, 0.8565, 0.858, 0.853, 0.8375, 0.864, 0.858, 0.8595, 0.852, 0.8625, 0.878, 0.89, 0.873, 0.8955, 0.883, 0.855, 0.871, 0.8775, 0.8415, 0.8525, 0.813, 0.8525, 0.8595, 0.877, 0.8775, 0.8885, 0.8915, 0.8915, 0.8835, 0.8775, 0.85, 0.8765, 0.878, 0.8915, 0.8605, 0.8545, 0.854, 0.8385, 0.8485, 0.811, 0.7755, 0.7665, 0.745, 0.819, 0.848, 0.84, 0.8355, 0.8555, 0.867, 0.8805], "TestAcc": 0.8945}