{"Epochs": 41, "TrainAcc": [0.2520876826722338, 0.6064718162839249, 0.6814544189283229, 0.6986778009742519, 0.7661795407098121, 0.831767571329158, 0.8415100904662491, 0.8963117606123869, 0.9351078636047321, 0.9417188587334725, 0.9552887961029923, 0.9638135003479471, 0.9660751565762005, 0.9752957550452331, 0.982080723729993, 0.9832985386221295, 0.9857341684064023, 0.9853862212943633, 0.9826026443980515, 0.9890396659707724, 0.9925191370911621, 0.9919972164231037, 0.9933890048712596, 0.9921711899791231, 0.9916492693110647, 0.9956506610995128, 0.9959986082115518, 0.9963465553235908, 0.9965205288796103, 0.9963465553235908, 0.9972164231036882, 0.9897355601948504, 0.9926931106471816, 0.993562978427279, 0.9961725817675713, 0.9951287404314544, 0.9951287404314544, 0.993910925539318, 0.9956506610995128, 0.9951287404314544, 0.9963465553235908, 0.9982602644398052, 0.9958246346555324, 0.9982602644398052, 0.9979123173277662, 0.9968684759916493, 0.9980862908837856, 0.9987821851078637, 0.9951287404314544, 0.9968684759916493, 0.9954766875434934, 0.9965205288796103, 0.9937369519832986, 0.9926931106471816, 0.9930410577592206, 0.9954766875434934, 0.9975643702157272, 0.9954766875434934, 0.9970424495476687, 0.9961725817675713, 0.9980862908837856, 0.9977383437717467, 0.9979123173277662, 0.9979123173277662, 0.9993041057759221, 0.9949547668754349, 0.9958246346555324, 0.9975643702157272, 0.9958246346555324, 0.9944328462073765, 0.9946068197633959, 0.9989561586638831, 0.9977383437717467, 0.9986082115518441, 0.9989561586638831, 0.9994780793319415, 0.9991301322199025, 0.9991301322199025, 0.9993041057759221, 0.9994780793319415, 0.9994780793319415, 0.9989561586638831, 0.9982602644398052, 0.994258872651357, 0.993910925539318, 0.9963465553235908, 0.9968684759916493, 0.9973903966597077, 0.9980862908837856, 0.9968684759916493, 0.9980862908837856, 0.9968684759916493, 0.9979123173277662, 0.9973903966597077, 0.9982602644398052, 0.999652052887961, 0.9975643702157272, 0.9966945024356297, 0.9980862908837856, 0.9980862908837856, 0.9966945024356297, 0.9989561586638831, 0.9993041057759221, 0.9970424495476687, 0.9970424495476687, 0.9973903966597077, 0.9954766875434934, 0.9970424495476687, 0.9973903966597077, 0.9975643702157272, 0.9973903966597077, 0.9973903966597077, 0.9979123173277662, 0.9951287404314544, 0.9953027139874739, 0.9972164231036882, 0.9980862908837856, 0.9970424495476687, 0.9961725817675713, 0.9984342379958246, 0.9977383437717467, 0.9975643702157272, 0.9977383437717467], "ValidAcc": [0.23735002608242045, 0.5795513823682837, 0.6447574334898278, 0.665623369848722, 0.7130933750652061, 0.7762128325508607, 0.7923839332290037, 0.8351591027647366, 0.86697965571205, 0.8680229525299947, 0.8826291079812206, 0.8763693270735524, 0.8716744913928013, 0.8841940532081377, 0.8888888888888888, 0.8888888888888888, 0.8941053729786124, 0.8894105372978612, 0.8800208659363589, 0.8977569118414189, 0.8852373500260824, 0.8857589984350548, 0.8899321857068336, 0.8904538341158059, 0.8836724047991653, 0.9003651538862807, 0.8946270213875848, 0.8909754825247783, 0.8946270213875848, 0.8951486697965572, 0.8982785602503912, 0.8847157016171101, 0.8878455920709442, 0.8909754825247783, 0.8857589984350548, 0.8909754825247783, 0.8868022952529995, 0.8779342723004695, 0.8904538341158059, 0.8852373500260824, 0.8852373500260824, 0.8925404277516954, 0.8967136150234741, 0.8904538341158059, 0.8972352634324465, 0.8935837245696401, 0.8909754825247783, 0.8941053729786124, 0.8941053729786124, 0.8961919666145018, 0.8961919666145018, 0.8982785602503912, 0.9014084507042254, 0.8810641627543035, 0.8873239436619719, 0.8956703182055294, 0.9014084507042254, 0.900886802295253, 0.8894105372978612, 0.8951486697965572, 0.8977569118414189, 0.8946270213875848, 0.908189880020866, 0.9024517475221701, 0.900886802295253, 0.8956703182055294, 0.8977569118414189, 0.8972352634324465, 0.8956703182055294, 0.892018779342723, 0.900886802295253, 0.8988002086593636, 0.8993218570683359, 0.9045383411580594, 0.9024517475221701, 0.9003651538862807, 0.9014084507042254, 0.8967136150234741, 0.8977569118414189, 0.8956703182055294, 0.8951486697965572, 0.8988002086593636, 0.8925404277516954, 0.8904538341158059, 0.8888888888888888, 0.8883672404799166, 0.8899321857068336, 0.8935837245696401, 0.8956703182055294, 0.9003651538862807, 0.9019300991131977, 0.900886802295253, 0.8961919666145018, 0.8956703182055294, 0.900886802295253, 0.9040166927490871, 0.9029733959311425, 0.8925404277516954, 0.8914971309337506, 0.892018779342723, 0.8951486697965572, 0.8925404277516954, 0.8904538341158059, 0.8946270213875848, 0.8977569118414189, 0.8998435054773083, 0.8904538341158059, 0.8967136150234741, 0.8946270213875848, 0.8951486697965572, 0.8956703182055294, 0.892018779342723, 0.8888888888888888, 0.8941053729786124, 0.8888888888888888, 0.8972352634324465, 0.9055816379760042, 0.8972352634324465, 0.8951486697965572, 0.8998435054773083, 0.8961919666145018, 0.9066249347939489, 0.9050599895670318], "TestAcc": 0.9196661450182577}