{"Epochs": 27, "TrainAcc": [0.10413865232332288, 0.5137008815180039, 0.6635589421783953, 0.7601075750784402, 0.8265650679814732, 0.8614970865082923, 0.873091289406843, 0.8949648886896758, 0.9055132227700583, 0.9128940684297027, 0.9128044225310026, 0.9221275959958165, 0.9208725534140146, 0.930225608845062, 0.9296578514866278, 0.9298969072164949, 0.9347377857463021, 0.9387718511878081, 0.9392499626475422, 0.9420588674734798, 0.9462423427461527, 0.9402659494994771, 0.9464515165097863, 0.9473479754967877, 0.9480352607201554, 0.9461228148812192, 0.9458538771851188, 0.9533243687434633, 0.9538323621694308, 0.9527864933512625, 0.9578664276109368, 0.9569699686239355, 0.9578664276109368, 0.9518302704317945, 0.9593605259226057, 0.957328552218736, 0.9621395487823099, 0.9628865979381444, 0.963095771701778, 0.9678768862991185, 0.9647392798446138, 0.9658150306290154, 0.9661138502913492, 0.9686538174211863, 0.9661138502913492, 0.9698490960705214, 0.9700582698341551, 0.9688331092185866, 0.9703570894964889, 0.9720005976393247, 0.9730165844912595, 0.970685791125056, 0.973763633647094, 0.9738233975795607, 0.9744808008366951, 0.9760944270132975, 0.9763932466756312, 0.9731659943224265, 0.9754071417899298, 0.9781562826834006, 0.976841476169132, 0.971552368145824, 0.9733452861198267, 0.976213954878231, 0.9762438368444644, 0.9792320334678022, 0.9769610040340655, 0.9707156730912894, 0.9712535484834902, 0.9773793515613327, 0.9772598236963992, 0.9745405647691618, 0.9778873449873001, 0.9802779022859704, 0.9774689974600329, 0.9778873449873001, 0.9805767219483043, 0.981981174361273, 0.9797101449275363, 0.9791722695353354, 0.9806962498132377, 0.9819214104288062, 0.981114597340505, 0.9816823546989392, 0.9817122366651726, 0.9819214104288062, 0.9846406693560437, 0.9845809054235769, 0.9860750037352458, 0.9858060660391453, 0.9836545644703422, 0.9841027939638428, 0.9851187808157776, 0.9806663678470043, 0.9826385776184073, 0.983086807111908, 0.9817720005976394, 0.9861347676677126, 0.9855072463768116, 0.9852383086807112, 0.985537128343045, 0.9839235021664425, 0.9841027939638428, 0.983086807111908, 0.9845211414911101, 0.986881816823547, 0.9857463021066786, 0.9864634692962797, 0.9852681906469446, 0.9838338562677424, 0.9857463021066786, 0.9854773644105782, 0.9866128791274466, 0.9859853578365456, 0.9862542955326461, 0.9876587479456148, 0.9868519348573136, 0.9832063349768415, 0.9877185118780816, 0.9877185118780816, 0.9853279545794114, 0.9806066039145376, 0.9854176004781114, 0.9884057971014493, 0.9844912595248767, 0.9847900791872105, 0.9839235021664425, 0.9842522037950097, 0.9855072463768116, 0.9825190497534738, 0.9869415807560138, 0.9882563872702824, 0.9858359480053788, 0.9888540265949499, 0.987748393844315, 0.9881368594053489, 0.9852084267144778, 0.9860451217690124, 0.9901389511429852, 0.9872404004183475, 0.9866128791274466, 0.9878679217092484, 0.9904078888390856, 0.9881368594053489, 0.9873898102495144, 0.988226505304049, 0.9861945316001793, 0.9898401314806514, 0.9894815478858509, 0.9888540265949499, 0.9885850888988496, 0.9867324069923801, 0.987598984013148, 0.9872105184521142, 0.9876886299118482, 0.987359928283281, 0.9890034364261169, 0.9914238756910204, 0.990915882265053, 0.9910951740624533, 0.9913641117585538, 0.9905274167040191, 0.9915135215897206, 0.9904078888390856, 0.9917525773195877, 0.990676826535186, 0.9905871806364859, 0.9879874495741819, 0.988226505304049, 0.9897206036157179, 0.9889735544598834, 0.9887046167637831, 0.9903182429403855, 0.9921111609143881, 0.9898401314806514, 0.9890034364261169, 0.9908262363663529, 0.9841924398625429, 0.989332138054684, 0.9872105184521142, 0.9893620200209173, 0.9899596593455849, 0.9890034364261169, 0.9903182429403855, 0.9898700134468849, 0.9896010757507844, 0.9876587479456148, 0.9883759151352159, 0.9889436724936501, 0.989093082324817, 0.9880472135066487, 0.9863738233975795, 0.9879874495741819, 0.9888241446287166, 0.9864335873300463, 0.9886149708650829, 0.9880770954728821, 0.9894516659196175, 0.9897504855819513, 0.9901090691767518, 0.9906170626027193, 0.9902883609741521, 0.9915135215897206, 0.9913939937247871, 0.9898102495144181, 0.9916928133871209, 0.9917226953533542, 0.9938144329896907, 0.9916928133871209, 0.9929777379351561, 0.9924099805767219, 0.9863439414313462, 0.9893919019871508, 0.9899895413118183, 0.9913342297923203, 0.9918422232182877, 0.9896010757507844, 0.9924398625429554, 0.9897206036157179, 0.9919916330494547, 0.9890333183923502, 0.9902285970416853, 0.9891528462572837, 0.9902285970416853, 0.9909756461975198, 0.9910951740624533, 0.9898401314806514, 0.9930972658000896, 0.9919916330494547, 0.9927685641715225, 0.9942925444494247, 0.9929478559689228, 0.992888092036456, 0.9922904527117884, 0.9897206036157179, 0.991782459285821, 0.9929179740026893, 0.9923203346780218, 0.9929777379351561, 0.993993724787091, 0.9927386822052892, 0.993127147766323, 0.993127147766323, 0.9927984461377559, 0.9924996264754221, 0.9922904527117884, 0.9921410428806215, 0.9937845510234573, 0.9892723741222172, 0.9925892723741222, 0.9940236067533244, 0.9933064395637233, 0.9940534887195578, 0.9921111609143881, 0.9901389511429852, 0.9919019871507545, 0.9915732855221874, 0.9933662034961901, 0.9915135215897206, 0.9921410428806215, 0.9922605707455551, 0.995338413267593, 0.9922904527117884, 0.9933662034961901, 0.9930076199013895, 0.992021515015688, 0.9916928133871209, 0.9918422232182877, 0.990049305244285, 0.9922605707455551, 0.9918422232182877, 0.9929179740026893, 0.9930673838338563, 0.9932765575974899, 0.9932466756312566, 0.9936650231585238, 0.9915135215897206, 0.9912744658598536, 0.990049305244285, 0.9916330494546541, 0.991782459285821, 0.9913939937247871, 0.9923203346780218, 0.9915135215897206, 0.9890034364261169, 0.989332138054684, 0.9896907216494846, 0.9904078888390856, 0.9926191543403556, 0.9935454952935903, 0.9929179740026893, 0.9939040788883908, 0.9940534887195578, 0.9905572986702526, 0.9914836396234872, 0.9889137905274167, 0.9890333183923502, 0.9903780068728523, 0.9886149708650829, 0.990437770805319, 0.9925593904078889, 0.9931869116987898, 0.9933363215299567, 0.9924099805767219, 0.9914238756910204, 0.9896907216494846, 0.9916031674884207, 0.9934259674286569, 0.9938741969221575, 0.9934857313611236, 0.9939040788883908, 0.993605259226057, 0.9935156133273569, 0.9941132526520245, 0.9915434035559539, 0.9926789182728224, 0.9940534887195578, 0.9923203346780218, 0.9948005378753922, 0.9932167936650231, 0.9927984461377559, 0.9934558493948902, 0.9926191543403556, 0.9912744658598536, 0.9921111609143881, 0.9929179740026893, 0.9913641117585538, 0.9920513969819215, 0.9912744658598536, 0.9916031674884207, 0.9932765575974899, 0.9915135215897206, 0.9924996264754221, 0.9913939937247871, 0.993754669057224, 0.9929777379351561, 0.9935753772598237, 0.993993724787091, 0.9944419542805917, 0.9939638428208576, 0.9940236067533244, 0.9942327805169581, 0.9950993575377259, 0.994860301807859, 0.995338413267593, 0.9941132526520245, 0.9939638428208576, 0.993754669057224, 0.993605259226057, 0.9930076199013895, 0.9927984461377559, 0.9945017182130584, 0.9944120723143582, 0.9916629314208875, 0.990437770805319, 0.9924398625429554, 0.9943821903481249, 0.9924996264754221, 0.9935454952935903, 0.9942626624831914, 0.9878679217092484, 0.9919617510832213, 0.993127147766323, 0.9925593904078889, 0.9929478559689228, 0.990676826535186, 0.9930076199013895, 0.9936351411922905, 0.9924697445091887, 0.9942626624831914, 0.9932765575974899, 0.9933960854624234, 0.9945316001792918, 0.9948901837740923, 0.9951591214701927, 0.9951591214701927, 0.9949200657403258, 0.9953085313013597],