{"Epochs": 29, "TrainAcc": [0.3546666666666667, 0.7816666666666666, 0.8614166666666667, 0.8853333333333333, 0.8859166666666667, 0.9015833333333333, 0.9119166666666667, 0.9311666666666667, 0.9291666666666667, 0.94375, 0.9430833333333334, 0.9440833333333334, 0.9496666666666667, 0.94175, 0.9550833333333333, 0.9510833333333333, 0.9585833333333333, 0.9555, 0.96425, 0.95175, 0.9549166666666666, 0.9606666666666667, 0.96525, 0.96825, 0.9681666666666666, 0.966, 0.9645833333333333, 0.9669166666666666, 0.9689166666666666, 0.9688333333333333, 0.9616666666666667, 0.9695833333333334, 0.9735, 0.9735, 0.97525, 0.975, 0.9838333333333333, 0.9805, 0.9823333333333333, 0.98125, 0.9835833333333334, 0.9869166666666667, 0.9869166666666667, 0.9865833333333334, 0.9905833333333334, 0.9829166666666667, 0.9835833333333334, 0.9878333333333333, 0.9845833333333334, 0.9833333333333333, 0.9864166666666667, 0.9835833333333334, 0.9814166666666667, 0.984, 0.98525, 0.9873333333333333, 0.9885833333333334, 0.9845, 0.9890833333333333, 0.9909166666666667, 0.9914166666666666, 0.9933333333333333, 0.9939166666666667, 0.99125, 0.9913333333333333, 0.9880833333333333, 0.9888333333333333, 0.9896666666666667, 0.9926666666666667, 0.9919166666666667, 0.9901666666666666, 0.9880833333333333, 0.9888333333333333, 0.9920833333333333, 0.99025, 0.99025, 0.99075, 0.9864166666666667, 0.9876666666666667, 0.98625, 0.9858333333333333, 0.98575, 0.97875, 0.9864166666666667, 0.98775, 0.9895833333333334, 0.9869166666666667, 0.99075, 0.9915833333333334, 0.9846666666666667, 0.9859166666666667, 0.982, 0.9815, 0.9876666666666667, 0.9915833333333334, 0.9874166666666667, 0.9874166666666667, 0.9926666666666667, 0.9928333333333333, 0.9925, 0.9918333333333333, 0.9859166666666667, 0.9890833333333333, 0.9914166666666666, 0.98975, 0.9886666666666667, 0.99175, 0.9923333333333333, 0.9929166666666667, 0.993, 0.992, 0.9919166666666667, 0.9915833333333334, 0.99375, 0.9925, 0.9945833333333334, 0.9923333333333333, 0.99625, 0.9925833333333334, 0.9929166666666667, 0.9931666666666666, 0.99175, 0.9898333333333333, 0.9893333333333333, 0.9885833333333334, 0.9924166666666666, 0.99225, 0.9893333333333333, 0.9894166666666667, 0.9921666666666666, 0.99275, 0.9913333333333333, 0.9914166666666666, 0.99075, 0.9906666666666667, 0.99275, 0.9873333333333333, 0.99, 0.991, 0.9926666666666667, 0.99375, 0.9945833333333334, 0.9953333333333333, 0.9969166666666667, 0.9948333333333333], "ValidAcc": [0.33825, 0.769, 0.83825, 0.86025, 0.85925, 0.88025, 0.8865, 0.89675, 0.8925, 0.90075, 0.8985, 0.896, 0.9085, 0.9, 0.90475, 0.90575, 0.90625, 0.90375, 0.90775, 0.8985, 0.901, 0.9085, 0.9065, 0.91125, 0.91025, 0.90875, 0.9035, 0.91, 0.91325, 0.90825, 0.89775, 0.9025, 0.90825, 0.91025, 0.91, 0.91, 0.92325, 0.92, 0.91525, 0.9195, 0.921, 0.925, 0.92125, 0.916, 0.92475, 0.917, 0.916, 0.92725, 0.9175, 0.919, 0.9205, 0.9095, 0.9125, 0.915, 0.91375, 0.91725, 0.92025, 0.91525, 0.92025, 0.92175, 0.92175, 0.92275, 0.925, 0.91975, 0.92125, 0.91725, 0.91475, 0.9165, 0.9185, 0.91425, 0.916, 0.917, 0.912, 0.91725, 0.92025, 0.92125, 0.9215, 0.9155, 0.914, 0.908, 0.9075, 0.9095, 0.90975, 0.911, 0.9175, 0.9195, 0.919, 0.923, 0.91675, 0.91275, 0.91125, 0.902, 0.90875, 0.913, 0.915, 0.917, 0.917, 0.92675, 0.922, 0.9205, 0.91825, 0.91475, 0.91625, 0.92375, 0.911, 0.91125, 0.91875, 0.921, 0.9205, 0.91675, 0.91425, 0.915, 0.9135, 0.918, 0.91575, 0.9165, 0.91625, 0.9215, 0.916, 0.916, 0.9145, 0.91325, 0.916, 0.90775, 0.908, 0.91025, 0.90775, 0.903, 0.903, 0.91475, 0.91475, 0.9115, 0.91625, 0.91125, 0.91025, 0.91025, 0.90825, 0.913, 0.912, 0.91675, 0.918, 0.9215, 0.9215, 0.92175, 0.91725], "TestAcc": 0.92575}