{"Epochs": 119, "TrainAcc": [0.71, 0.7163333333333334, 0.7135, 0.7211666666666666, 0.7201666666666666, 0.7228333333333333, 0.7271666666666666, 0.7195, 0.7238333333333333, 0.719, 0.7101666666666666, 0.7158333333333333, 0.7175, 0.7231666666666666, 0.7195, 0.7196666666666667, 0.719, 0.7305, 0.7371666666666666, 0.7296666666666667, 0.7393333333333333, 0.737, 0.745, 0.7438333333333333, 0.7416666666666667, 0.7401666666666666, 0.7468333333333333, 0.7458333333333333, 0.7498333333333334, 0.755, 0.7515, 0.7466666666666667, 0.756, 0.7596666666666667, 0.7441666666666666, 0.7443333333333333, 0.75, 0.7648333333333334, 0.7698333333333334, 0.7653333333333333, 0.7636666666666667, 0.7673333333333333, 0.7696666666666667, 0.7765, 0.7805, 0.7723333333333333, 0.77, 0.7781666666666667, 0.7755, 0.7753333333333333, 0.773, 0.7796666666666666, 0.7728333333333334, 0.7746666666666666, 0.7778333333333334, 0.7855, 0.7838333333333334, 0.7831666666666667, 0.7873333333333333, 0.7811666666666667, 0.788, 0.7893333333333333, 0.7901666666666667, 0.789, 0.789, 0.7881666666666667, 0.7906666666666666, 0.7988333333333333, 0.7946666666666666, 0.7955, 0.791, 0.7921666666666667, 0.8005, 0.7975, 0.7971666666666667, 0.7991666666666667, 0.7988333333333333, 0.8013333333333333, 0.799, 0.8025, 0.8106666666666666, 0.8071666666666667, 0.8043333333333333, 0.8123333333333334, 0.8103333333333333, 0.8073333333333333, 0.8135, 0.8146666666666667, 0.8073333333333333, 0.8148333333333333, 0.8121666666666667, 0.8151666666666667, 0.8095, 0.8096666666666666, 0.8168333333333333, 0.8175, 0.8171666666666667, 0.8125, 0.8133333333333334, 0.8081666666666667, 0.8095, 0.8116666666666666, 0.8131666666666667, 0.8196666666666667, 0.8191666666666667, 0.8191666666666667, 0.8185, 0.8185, 0.8181666666666667, 0.8186666666666667, 0.8223333333333334, 0.825, 0.8178333333333333, 0.819, 0.8216666666666667, 0.8171666666666667, 0.8128333333333333, 0.8188333333333333, 0.8178333333333333, 0.8146666666666667, 0.8236666666666667, 0.8216666666666667, 0.8211666666666667, 0.8236666666666667, 0.8195, 0.823, 0.8301666666666667, 0.8315, 0.83, 0.8288333333333333, 0.8233333333333334, 0.8253333333333334, 0.8266666666666667, 0.8288333333333333, 0.8293333333333334, 0.8376666666666667, 0.8248333333333333, 0.829, 0.8321666666666667, 0.836, 0.8366666666666667, 0.839, 0.8348333333333333, 0.8301666666666667, 0.8376666666666667, 0.8371666666666666, 0.8348333333333333, 0.8365, 0.8398333333333333, 0.8391666666666666, 0.8393333333333334, 0.8428333333333333, 0.8405, 0.8403333333333334, 0.84, 0.8391666666666666, 0.8423333333333334, 0.847, 0.8433333333333334, 0.8413333333333334, 0.8466666666666667, 0.837, 0.8388333333333333, 0.8435, 0.8448333333333333, 0.8458333333333333, 0.8451666666666666, 0.8466666666666667, 0.8455, 0.846, 0.8416666666666667, 0.8468333333333333, 0.8446666666666667, 0.8473333333333334, 0.8485, 0.8513333333333334, 0.8516666666666667, 0.8513333333333334, 0.8521666666666666, 0.854, 0.8521666666666666, 0.8481666666666666, 0.8536666666666667, 0.8528333333333333, 0.8521666666666666, 0.852, 0.8521666666666666, 0.8473333333333334, 0.8438333333333333, 0.8446666666666667, 0.8503333333333334, 0.8528333333333333, 0.8476666666666667, 0.848, 0.8566666666666667, 0.8448333333333333, 0.8371666666666666, 0.8393333333333334, 0.8466666666666667, 0.8463333333333334, 0.8443333333333334, 0.8483333333333334, 0.8525, 0.8538333333333333, 0.8583333333333333, 0.8533333333333334, 0.845, 0.8525, 0.856, 0.8461666666666666, 0.8406666666666667, 0.8473333333333334, 0.8545, 0.8583333333333333, 0.858, 0.8606666666666667, 0.8615, 0.8563333333333333, 0.8528333333333333, 0.8538333333333333, 0.853, 0.8595, 0.8583333333333333, 0.8615, 0.8596666666666667, 0.8608333333333333, 0.86, 0.862, 0.8643333333333333, 0.8635, 0.8616666666666667, 0.8536666666666667, 0.859, 0.8653333333333333, 0.866, 0.8681666666666666, 0.8646666666666667, 0.8626666666666667, 0.8631666666666666, 0.8595, 0.8631666666666666, 0.8653333333333333, 0.8606666666666667, 0.8636666666666667, 0.867, 0.863, 0.8575, 0.8615, 0.8643333333333333, 0.864, 0.8641666666666666, 0.861, 0.8588333333333333, 0.865, 0.8726666666666667, 0.865, 0.8558333333333333, 0.8606666666666667, 0.865, 0.8691666666666666, 0.862, 0.8606666666666667, 0.867, 0.8676666666666667, 0.8695, 0.8661666666666666, 0.8623333333333333, 0.8651666666666666, 0.87, 0.8721666666666666, 0.8676666666666667, 0.8651666666666666, 0.8638333333333333, 0.864, 0.865, 0.868, 0.8728333333333333, 0.868, 0.8731666666666666, 0.871, 0.868, 0.8693333333333333, 0.866, 0.8686666666666667, 0.8696666666666667, 0.8673333333333333, 0.8675, 0.8698333333333333, 0.8745, 0.8675, 0.8716666666666667, 0.8708333333333333, 0.873, 0.8755, 0.8761666666666666, 0.876, 0.877, 0.8765, 0.8723333333333333, 0.8723333333333333, 0.8728333333333333, 0.8773333333333333, 0.8808333333333334, 0.8803333333333333, 0.8775, 0.8796666666666667, 0.8738333333333334, 0.8796666666666667, 0.8795, 0.8788333333333334, 0.8796666666666667, 0.8823333333333333, 0.8831666666666667, 0.8798333333333334, 0.8785, 0.8751666666666666, 0.8776666666666667, 0.875, 0.881, 0.885, 0.8828333333333334, 0.8805, 0.884, 0.8818333333333334, 0.8843333333333333, 0.8803333333333333, 0.8816666666666667, 0.8815, 0.8816666666666667, 0.8821666666666667, 0.8771666666666667, 0.8813333333333333, 0.8811666666666667, 0.8811666666666667, 0.8818333333333334, 0.8795, 0.877, 0.88, 0.8821666666666667, 0.8805, 0.874, 0.8768333333333334, 0.8828333333333334, 0.8826666666666667, 0.8858333333333334, 0.883, 0.8756666666666667, 0.8758333333333334, 0.8771666666666667, 0.8798333333333334, 0.8801666666666667, 0.8801666666666667, 0.8833333333333333, 0.8833333333333333, 0.8825, 0.883, 0.882, 0.8813333333333333, 0.8831666666666667, 0.8845, 0.8786666666666667, 0.8833333333333333, 0.8868333333333334, 0.8848333333333334, 0.8866666666666667, 0.8876666666666667, 0.888, 0.888, 0.8848333333333334, 0.8796666666666667, 0.8848333333333334, 0.8876666666666667, 0.8898333333333334, 0.888, 0.8868333333333334, 0.886, 0.8848333333333334, 0.8896666666666667, 0.8875, 0.8865, 0.8858333333333334, 0.8846666666666667, 0.8891666666666667, 0.8921666666666667, 0.8891666666666667, 0.8876666666666667, 0.8865, 0.8905, 0.8931666666666667, 0.8866666666666667, 0.8876666666666667, 0.8886666666666667, 0.895, 0.889, 0.8863333333333333, 0.8843333333333333, 0.8861666666666667, 0.8871666666666667, 0.8876666666666667, 0.8846666666666667, 0.8905, 0.8941666666666667, 0.8926666666666667, 0.8905, 0.8871666666666667, 0.8866666666666667, 0.888, 0.8896666666666667, 0.8913333333333333, 0.8938333333333334, 0.8876666666666667, 0.8918333333333334, 0.8886666666666667, 0.8933333333333333, 0.8906666666666667, 0.8898333333333334, 0.8921666666666667, 0.8943333333333333, 0.8948333333333334, 0.8923333333333333, 0.8895, 0.8928333333333334, 0.8893333333333333, 0.8923333333333333, 0.8956666666666667, 0.8935, 0.8976666666666666, 0.8945, 0.8935, 0.8883333333333333, 0.8923333333333333, 0.8995, 0.8966666666666666, 0.8873333333333333, 0.888, 0.8915, 0.8936666666666667, 0.893, 0.884, 0.8813333333333333, 0.8865, 0.888, 0.8953333333333333, 0.892, 0.8853333333333333, 0.885, 0.8961666666666667, 0.8935, 0.892, 0.8893333333333333, 0.8888333333333334, 0.8955, 0.9003333333333333, 0.8908333333333334, 0.8913333333333333, 0.8918333333333334, 0.8978333333333334, 0.8983333333333333, 0.8965, 0.8968333333333334, 0.8941666666666667, 0.8945, 0.8981666666666667, 0.8976666666666666, 0.8988333333333334, 0.8983333333333333, 0.8978333333333334, 0.8961666666666667, 0.8973333333333333, 0.8966666666666666, 0.895, 0.8946666666666667, 0.8996666666666666, 0.8991666666666667, 0.8978333333333334, 0.9021666666666667, 0.8978333333333334, 0.9018333333333334, 0.9018333333333334, 0.901, 0.9, 0.9026666666666666, 0.9025, 0.8981666666666667, 0.8948333333333334, 0.8925, 0.8935, 0.8921666666666667, 0.8975, 0.8965, 0.9028333333333334, 0.8956666666666667, 0.8921666666666667, 0.8925, 0.8945, 0.8996666666666666, 0.9018333333333334, 0.8988333333333334, 0.9001666666666667, 0.898, 