{"Epochs": 1, "TrainAcc": [0.04908333333333333, 0.04808333333333333, 0.04808333333333333, 0.050916666666666666, 0.050916666666666666], "ValidAcc": [0.05025, 0.056, 0.056, 0.04475, 0.04475], "TestAcc": 0.0525}