{"Epochs": 1, "TrainAcc": [0.17433333333333334, 0.6156666666666667, 0.75225, 0.8123333333333334, 0.8616666666666667], "ValidAcc": [0.16925, 0.61575, 0.744, 0.793, 0.8455], "TestAcc": 0.852}