{"Epochs": 151, "TrainAcc": [0.7616666666666667, 0.7566666666666667, 0.7631666666666667, 0.7596666666666667, 0.7661666666666667, 0.764, 0.764, 0.7645, 0.7595, 0.7681666666666667, 0.769, 0.7678333333333334, 0.7663333333333333, 0.7675, 0.7623333333333333, 0.7638333333333334, 0.7643333333333333, 0.7645, 0.7708333333333334, 0.7736666666666666, 0.7736666666666666, 0.775, 0.7768333333333334, 0.778, 0.7796666666666666, 0.7766666666666666, 0.7765, 0.7775, 0.7785, 0.783, 0.7861666666666667, 0.7881666666666667, 0.7861666666666667, 0.786, 0.787, 0.7915, 0.7923333333333333, 0.7966666666666666, 0.7968333333333333, 0.8011666666666667, 0.799, 0.7986666666666666, 0.7981666666666667, 0.8001666666666667, 0.8048333333333333, 0.8043333333333333, 0.8045, 0.8028333333333333, 0.8003333333333333, 0.808, 0.8048333333333333, 0.7946666666666666, 0.8016666666666666, 0.805, 0.8038333333333333, 0.798, 0.793, 0.8131666666666667, 0.8115, 0.7956666666666666, 0.801, 0.8021666666666667, 0.8128333333333333, 0.8091666666666667, 0.8108333333333333, 0.8091666666666667, 0.813, 0.8106666666666666, 0.8048333333333333, 0.8073333333333333, 0.8063333333333333, 0.8145, 0.812, 0.8168333333333333, 0.812, 0.8103333333333333, 0.8146666666666667, 0.8191666666666667, 0.8221666666666667, 0.8276666666666667, 0.818, 0.8171666666666667, 0.8133333333333334, 0.8181666666666667, 0.8193333333333334, 0.8183333333333334, 0.8226666666666667, 0.8193333333333334, 0.8245, 0.8225, 0.8278333333333333, 0.833, 0.8293333333333334, 0.8313333333333334, 0.8341666666666666, 0.8331666666666667, 0.8286666666666667, 0.8313333333333334, 0.8303333333333334, 0.8288333333333333, 0.835, 0.8315, 0.8266666666666667, 0.8306666666666667, 0.8365, 0.833, 0.8383333333333334, 0.8325, 0.8255, 0.8355, 0.8393333333333334, 0.8381666666666666, 0.833, 0.8338333333333333, 0.8345, 0.8431666666666666, 0.8395, 0.8295, 0.8365, 0.8435, 0.8455, 0.8378333333333333, 0.8365, 0.8403333333333334, 0.8398333333333333, 0.8361666666666666, 0.8391666666666666, 0.8453333333333334, 0.8435, 0.8425, 0.8453333333333334, 0.845, 0.8423333333333334, 0.8388333333333333, 0.8411666666666666, 0.8476666666666667, 0.8471666666666666, 0.854, 0.8433333333333334, 0.8508333333333333, 0.849, 0.8531666666666666, 0.852, 0.8496666666666667, 0.8538333333333333, 0.849, 0.8483333333333334, 0.8481666666666666, 0.8516666666666667, 0.8536666666666667, 0.8511666666666666, 0.8473333333333334, 0.8475, 0.8525, 0.8543333333333333, 0.8571666666666666, 0.8555, 0.8551666666666666, 0.8478333333333333, 0.8523333333333334, 0.8501666666666666, 0.8521666666666666, 0.857, 0.86, 0.8621666666666666, 0.853, 0.8513333333333334, 0.8576666666666667, 0.8535, 0.8516666666666667, 0.8523333333333334, 0.859, 0.8618333333333333, 0.8551666666666666, 0.8485, 0.8485, 0.8536666666666667, 0.8623333333333333, 0.8605, 0.8553333333333333, 0.862, 0.862, 0.8605, 0.8625, 0.863, 0.8623333333333333, 0.8625, 0.865, 0.8626666666666667, 0.864, 0.861, 0.8596666666666667, 0.863, 0.8648333333333333, 0.8601666666666666, 0.8615, 0.8663333333333333, 0.8696666666666667, 0.8665, 0.8706666666666667, 0.8676666666666667, 0.8675, 0.866, 0.8721666666666666, 0.8735, 0.8691666666666666, 0.8666666666666667, 0.8715, 0.87, 0.8658333333333333, 0.8683333333333333, 0.8668333333333333, 0.8691666666666666, 0.8713333333333333, 0.8713333333333333, 0.8646666666666667, 0.8631666666666666, 0.8706666666666667, 0.8726666666666667, 0.8736666666666667, 0.87, 0.8688333333333333, 0.8675, 0.869, 0.8745, 0.8683333333333333, 0.8743333333333333, 0.8758333333333334, 0.8745, 0.8763333333333333, 0.8741666666666666, 0.8698333333333333, 0.872, 0.875, 0.8758333333333334, 0.8773333333333333, 0.8781666666666667, 0.8793333333333333, 0.879, 0.8771666666666667, 0.8788333333333334, 0.8745, 0.8805, 0.8788333333333334, 0.877, 0.8765, 0.8728333333333333, 0.876, 0.8823333333333333, 0.88, 0.8821666666666667, 0.8821666666666667, 0.8818333333333334, 0.882, 0.882, 0.8825, 0.8881666666666667, 0.881, 0.8818333333333334, 0.8808333333333334, 0.8826666666666667, 0.8838333333333334, 0.8833333333333333, 0.8823333333333333, 0.8863333333333333, 0.886, 0.8878333333333334, 0.8816666666666667, 0.8836666666666667, 0.8811666666666667, 0.8853333333333333, 0.8791666666666667, 0.8776666666666667, 0.8786666666666667, 0.8793333333333333, 0.8818333333333334, 0.8818333333333334, 0.8746666666666667, 0.8721666666666666, 0.8761666666666666, 0.8816666666666667, 0.8803333333333333, 0.8826666666666667, 0.8848333333333334, 0.8871666666666667, 0.8853333333333333, 0.887, 0.8906666666666667, 0.8886666666666667, 0.8883333333333333, 0.8873333333333333, 0.8858333333333334, 0.8871666666666667, 0.8865, 0.8873333333333333, 0.8853333333333333, 0.8863333333333333, 0.8833333333333333, 0.8831666666666667, 0.8868333333333334, 0.8878333333333334, 0.8871666666666667, 0.8908333333333334, 0.8905, 0.888, 0.8856666666666667, 0.8913333333333333, 0.8881666666666667, 0.886, 0.891, 0.8906666666666667, 0.8921666666666667, 0.8886666666666667, 0.892, 0.888, 0.8928333333333334, 0.8918333333333334, 0.8913333333333333, 0.893, 0.8913333333333333, 0.8933333333333333, 0.8926666666666667, 0.8941666666666667, 0.8945, 0.893, 0.8876666666666667, 0.89, 0.8926666666666667, 0.8895, 0.8945, 0.8931666666666667, 0.8915, 0.8956666666666667, 0.8978333333333334, 0.8983333333333333, 0.8905, 0.8858333333333334, 0.8886666666666667, 0.8925, 0.8935, 0.8911666666666667, 0.8875, 0.8901666666666667, 0.8945, 0.8908333333333334, 0.8886666666666667, 0.8913333333333333, 0.8918333333333334, 0.8943333333333333, 0.8945, 0.8961666666666667, 0.896, 0.893, 0.8926666666666667, 0.8918333333333334, 0.8873333333333333, 0.8961666666666667, 0.8916666666666667, 0.8925, 0.8956666666666667, 0.8956666666666667, 0.9, 0.8956666666666667, 0.8951666666666667, 0.8965, 0.8958333333333334, 0.8955, 0.8971666666666667, 0.8936666666666667, 0.893, 0.8963333333333333, 0.8958333333333334, 0.8968333333333334, 0.8966666666666666, 0.8966666666666666, 0.8938333333333334, 0.8963333333333333, 0.8973333333333333, 0.895, 0.8973333333333333, 0.8978333333333334, 0.8978333333333334, 0.8975, 0.8973333333333333, 0.8921666666666667, 0.8891666666666667, 0.8846666666666667, 0.8915, 0.8975, 0.895, 0.8936666666666667, 0.8963333333333333, 0.8976666666666666, 0.896, 0.8958333333333334, 0.8895, 0.8906666666666667, 0.8938333333333334, 0.8931666666666667, 0.8975, 0.8946666666666667, 0.8976666666666666, 0.8956666666666667, 0.899, 0.899, 0.8978333333333334, 0.8958333333333334, 0.8986666666666666, 0.9018333333333334, 0.9055, 0.899, 0.9021666666666667, 0.8993333333333333, 0.9015, 0.9013333333333333, 0.9015, 0.9006666666666666, 0.8995, 0.9041666666666667, 0.9013333333333333, 0.9021666666666667, 0.9028333333333334, 0.902, 0.9018333333333334, 0.9033333333333333, 0.904, 0.9008333333333334, 0.904, 0.9015, 0.901, 0.9016666666666666, 0.9031666666666667, 0.9028333333333334, 0.9023333333333333, 0.9025, 0.9041666666666667, 0.902, 0.9031666666666667, 0.9051666666666667, 0.9011666666666667, 0.9026666666666666, 0.905, 0.9045, 0.9031666666666667, 0.9, 0.9061666666666667, 0.9068333333333334, 0.9055, 0.8995, 0.9036666666666666, 0.9056666666666666, 0.9048333333333334, 0.9043333333333333, 0.9045, 0.904, 0.905, 0.9053333333333333, 0.9083333333333333, 0.9071666666666667, 0.906, 0.9048333333333334, 0.9066666666666666, 0.9091666666666667, 0.9076666666666666, 0.9041666666666667, 0.9036666666666666, 0.9073333333333333, 0.9053333333333333, 0.9068333333333334, 0.9036666666666666, 0.9068333333333334, 0.9046666666666666, 0.9051666666666667, 0.9093333333333333, 0.9081666666666667, 0.9098333333333334, 0.9078333333333334, 0.9053333333333333, 0.906, 0.9076666666666666, 0.9086666666666666, 0.9071666666666667, 0.9061666666666667, 0.9076666666666666, 0.9098333333333334, 0.9075, 0.9083333333333333, 0.9076666666666666, 0.9081666666666667, 0.9076666666666666, 0.9076666666666666, 0.905, 0.9051666666666667, 0.9025, 0.9063333333333333, 0.9061666666666667, 0.9038333333333334, 0.9088333333333334, 0.9068333333333334, 0.9096666666666666, 0.9038333333333334, 