{"Epochs": 30, "TrainAcc": [0.3155, 0.767, 0.8396666666666667, 0.8525833333333334, 0.8924166666666666, 0.901, 0.9153333333333333, 0.9078333333333334, 0.92775, 0.9291666666666667, 0.9343333333333333, 0.9391666666666667, 0.9381666666666667, 0.9370833333333334, 0.947, 0.9475, 0.9583333333333334, 0.95375, 0.95825, 0.9570833333333333, 0.963, 0.9606666666666667, 0.9646666666666667, 0.963, 0.96975, 0.9649166666666666, 0.9699166666666666, 0.9740833333333333, 0.976, 0.97575, 0.9703333333333334, 0.9725833333333334, 0.974, 0.9755833333333334, 0.98025, 0.9774166666666667, 0.9704166666666667, 0.9674166666666667, 0.9684166666666667, 0.9755833333333334, 0.98025, 0.9813333333333333, 0.9823333333333333, 0.9799166666666667, 0.97925, 0.982, 0.9836666666666667, 0.9824166666666667, 0.9851666666666666, 0.9869166666666667, 0.9820833333333333, 0.9836666666666667, 0.9754166666666667, 0.9788333333333333, 0.9775, 0.9793333333333333, 0.9845833333333334, 0.9880833333333333, 0.9894166666666667, 0.9831666666666666, 0.9881666666666666, 0.9871666666666666, 0.9833333333333333, 0.9824166666666667, 0.983, 0.9840833333333333, 0.987, 0.9814166666666667, 0.9805833333333334, 0.98175, 0.9848333333333333, 0.9844166666666667, 0.98475, 0.9831666666666666, 0.9853333333333333, 0.98825, 0.986, 0.987, 0.9896666666666667, 0.99, 0.98675, 0.9904166666666666, 0.9895833333333334, 0.988, 0.9916666666666667, 0.9933333333333333, 0.9941666666666666, 0.9928333333333333, 0.9933333333333333, 0.9903333333333333, 0.9899166666666667, 0.9930833333333333, 0.9899166666666667, 0.9911666666666666, 0.9920833333333333, 0.993, 0.9904166666666666, 0.9920833333333333, 0.9914166666666666, 0.9900833333333333, 0.9906666666666667, 0.9871666666666666, 0.99, 0.9925, 0.9931666666666666, 0.9919166666666667, 0.9926666666666667, 0.99325, 0.99375, 0.9919166666666667, 0.9891666666666666, 0.9928333333333333, 0.9878333333333333, 0.993, 0.9899166666666667, 0.992, 0.99125, 0.9938333333333333, 0.99225, 0.9864166666666667, 0.9865, 0.9929166666666667, 0.9934166666666666, 0.9935833333333334, 0.99325, 0.9933333333333333, 0.9940833333333333, 0.9948333333333333, 0.9944166666666666, 0.99125, 0.99175, 0.9935, 0.9953333333333333, 0.9941666666666666, 0.9931666666666666, 0.99025, 0.9910833333333333, 0.9955, 0.99575, 0.9924166666666666, 0.9944166666666666, 0.9933333333333333, 0.994, 0.9915, 0.9935833333333334, 0.9880833333333333, 0.9903333333333333, 0.9903333333333333, 0.9931666666666666, 0.9924166666666666], "ValidAcc": [0.2975, 0.74825, 0.82225, 0.82725, 0.86375, 0.86775, 0.87825, 0.8695, 0.893, 0.88575, 0.89525, 0.8895, 0.889, 0.8915, 0.9015, 0.90075, 0.9075, 0.90175, 0.906, 0.9025, 0.9125, 0.90625, 0.914, 0.903, 0.9125, 0.9025, 0.908, 0.9125, 0.9195, 0.91475, 0.9095, 0.9135, 0.9165, 0.9095, 0.91075, 0.90575, 0.9055, 0.9025, 0.90725, 0.91175, 0.916, 0.9155, 0.91275, 0.9165, 0.911, 0.91225, 0.91525, 0.91575, 0.9155, 0.91875, 0.916, 0.9225, 0.9075, 0.91425, 0.909, 0.9175, 0.91125, 0.91125, 0.91625, 0.91475, 0.91275, 0.909, 0.905, 0.90675, 0.9085, 0.90875, 0.91075, 0.9085, 0.90225, 0.909, 0.91075, 0.9115, 0.91175, 0.90925, 0.911, 0.9115, 0.90975, 0.90525, 0.921, 0.91675, 0.9135, 0.91825, 0.918, 0.90775, 0.91325, 0.91675, 0.91775, 0.9105, 0.913, 0.9105, 0.904, 0.9135, 0.91075, 0.9095, 0.9135, 0.91625, 0.91025, 0.9035, 0.91475, 0.9115, 0.91275, 0.9125, 0.91575, 0.91975, 0.9135, 0.91525, 0.91575, 0.9085, 0.90875, 0.91525, 0.91125, 0.9165, 0.90475, 0.91475, 0.9095, 0.9135, 0.9105, 0.91625, 0.91725, 0.90625, 0.9025, 0.91275, 0.91475, 0.91325, 0.91375, 0.9115, 0.92025, 0.91675, 0.9155, 0.914, 0.907, 0.91975, 0.921, 0.917, 0.9115, 0.9075, 0.90375, 0.9175, 0.915, 0.908, 0.916, 0.91325, 0.9165, 0.908, 0.91075, 0.9045, 0.9065, 0.90975, 0.91825, 0.91625], "TestAcc": 0.91625}