{"Time": "0.0:4.0:6.23566198348999",
 "Epochs": 84,
 "TrainAcc": [0.16666666666666666, 0.3283582089552239, 0.46153846153846156, 0.5384615384615384, 0.6632653061224489, 0.6796116504854369, 0.8252427184466019, 0.8431372549019608, 0.9305555555555556, 0.9315789473684211, 0.9227053140096618, 0.8730964467005076, 0.896551724137931, 0.8947368421052632, 0.9358974358974359, 0.9439655172413793, 0.915, 0.9481132075471698, 0.9427312775330396, 0.9464285714285714, 0.9375, 0.9345794392523364, 0.9642857142857143, 0.9692832764505119, 0.9890510948905109, 0.9818181818181818, 0.9817351598173516, 0.9855769230769231, 0.9895833333333334, 0.991701244813278, 0.992, 0.9965635738831615, 0.9958847736625515, 0.991304347826087, 0.9913419913419913, 0.990990990990991, 0.9912280701754386, 0.9955947136563876, 0.9967213114754099, 0.996268656716418, 0.9957805907172996, 0.991304347826087, 1.0, 0.9959677419354839, 0.9964788732394366, 1.0, 1.0, 1.0, 1.0, 1.0, 1.0, 1.0, 1.0, 1.0, 0.996, 1.0, 1.0, 1.0, 1.0, 1.0, 0.9953488372093023, 1.0, 0.995575221238938, 1.0, 1.0, 1.0, 1.0, 1.0, 1.0, 0.9954545454545455, 1.0, 1.0, 1.0, 0.9953271028037384, 1.0, 1.0, 1.0, 1.0, 1.0, 1.0, 0.995049504950495, 1.0, 1.0, 0.9951690821256038],
 "ValidAcc": [0.058333333333333334, 0.1111111111111111, 0.10714285714285714, 0.15555555555555556, 0.2830188679245283, 0.35555555555555557, 0.29411764705882354, 0.3968253968253968, 0.3230769230769231, 0.34285714285714286, 0.3333333333333333, 0.3968253968253968, 0.3380281690140845, 0.4177215189873418, 0.32098765432098764, 0.3625, 0.35714285714285715, 0.38666666666666666, 0.3698630136986301, 0.36363636363636365, 0.379746835443038, 0.4230769230769231, 0.4431818181818182, 0.46236559139784944, 0.43373493975903615, 0.4189189189189189, 0.42028985507246375, 0.4852941176470588, 0.47674418604651164, 0.4, 0.5373134328358209, 0.5121951219512195, 0.5166666666666667, 0.4927536231884058, 0.4852941176470588, 0.5172413793103449, 0.5081967213114754, 0.5409836065573771, 0.48, 0.5066666666666667, 0.5192307692307693, 0.5942028985507246, 0.5595238095238095, 0.6333333333333333, 0.582089552238806, 0.559322033898305, 0.5344827586206896, 0.5789473684210527, 0.5416666666666666, 0.5636363636363636, 0.5645161290322581, 0.509090909090909, 0.52, 0.5964912280701754, 0.5636363636363636, 0.5263157894736842, 0.5625, 0.5932203389830508, 0.5614035087719298, 0.5740740740740741, 0.5892857142857143, 0.5636363636363636, 0.574468085106383, 0.6779661016949152, 0.5285714285714286, 0.5, 0.5102040816326531, 0.58, 0.5370370370370371, 0.5283018867924528, 0.5740740740740741, 0.5957446808510638, 0.6274509803921569, 0.6136363636363636, 0.5576923076923077, 0.5416666666666666, 0.5294117647058824, 0.5686274509803921, 0.5416666666666666, 0.6538461538461539, 0.6111111111111112, 0.43478260869565216, 0.5319148936170213, 0.5263157894736842],
 "TestAcc": 0.46875,
 "Test_Pred": [3, 24, 0, 25, 1, 12, 14, 4, 27, 8, 11, 2, 10, 10, 15, 8, 29, 3, 25, 29, 8, 8, 13, 29, 8, 2, 6, 28, 17, 25, 14, 25, 9, 29, 4, 7, 11, 7, 25, 9, 18, 21, 25, 21, 8, 6, 27, 2, 0, 6, 17, 1, 0, 15, 13, 16, 27, 11, 12, 8, 6, 17, 6, 3],
 "Test_Target": [3, 3, 0, 1, 6, 12, 23, 27, 22, 4, 10, 1, 10, 10, 20, 8, 5, 3, 5, 20, 8, 27, 13, 29, 8, 1, 6, 28, 18, 25, 14, 26, 12, 15, 4, 7, 11, 7, 5, 12, 18, 21, 25, 21, 23, 6, 18, 5, 26, 14, 17, 2, 0, 19, 18, 16, 22, 11, 24, 9, 6, 12, 23, 3],
 "Test_fnames": ["./data/2009/Ciliate_mix/IFCB1_2009_122_163134_00049.png", "./data/2009/Ciliate_mix/IFCB1_2009_362_032219_00760.png", "./data/2006/bad/IFCB1_2006_158_182925_05361.png", "./data/2009/Asterionellopsis/IFCB1_2009_022_005008_01034.png", "./data/2009/Thalassiosira_dirty/IFCB1_2009_022_002654_01575.png", "./data/2009/Chaetoceros/IFCB1_2009_211_153356_00989.png", "./data/2012/Heterocapsa_triquetra/IFCB1_2012_151_154317_01071.png", "./data/2007/Corethron/IFCB1_2007_024_213700_02102.png", "./data/2013/Dictyocha/IFCB1_2013_001_081645_01276.png", "./data/2011/Pleurosigma/IFCB5_2011_316_191740_06940.png", "./data/2012/Guinardia_flaccida/IFCB5_2012_052_021037_00483.png", "./data/2008/Guinardia_striata/IFCB1_2008_349_174035_01765.png", "./data/2011/Thalassiosira_dirty/IFCB5_2011_326_170712_00466.png", "./data/2012/dino30/IFCB5_2012_066_192107_02606.png", "./data/2013/Thalassiosira/IFCB1_2013_011_180852_00186.png", "./data/2011/Corethron/IFCB5_2011_015_194623_00800.png", "./data/2011/Dictyocha/IFCB5_2011_001_171342_02564.png", "./data/2007/Guinardia_delicatula/IFCB1_2007_017_005201_01182.png", "./data/2011/Leptocylindrus/IFCB5_2011_326_175336_07800.png", "./data/2011/Dictyocha/IFCB5_2011_326_194937_07186.png", "./data/2009/Guinardia_striata/IFCB1_2009_228_002831_01828.png", "./data/2014/Guinardia_striata/IFCB5_2014_259_122510_03663.png", "./data/2010/Chaetoceros/IFCB5_2010_249_012602_07456.png", "./data/2008/Asterionellopsis/IFCB1_2008_001_004404_00949.png", "./data/2006/Eucampia/IFCB1_2006_309_003838_00379.png", "./data/2014/Leptocylindrus/IFCB1_2014_188_222013_00723.png", "./data/2009/Guinardia_delicatula/IFCB1_2009_067_004943_01445.png", "./data/2009/Pleurosigma/IFCB1_2009_188_002300_05109.png", "./data/2014/Chaetoceros/IFCB5_2014_259_120213_03884.png", "./data/2011/Tintinnid/IFCB5_2011_330_195348_04700.png", "./data/2012/Guinardia_delicatula/IFCB5_2012_052_025703_02174.png", "./data/2007/Pleurosigma/IFCB1_2007_027_000718_01878.png", "./data/2008/Tintinnid/IFCB1_2008_363_094233_01359.png", "./data/2013/detritus/IFCB5_2013_167_152816_01460.png", "./data/2011/Dictyocha/IFCB5_2011_330_195348_03007.png", "./data/2008/Skeletonema/IFCB1_2008_318_192854_04387.png", "./data/2012/Heterocapsa_triquetra/IFCB1_2012_151_154317_01727.png", "./data/2012/Heterocapsa_triquetra/IFCB1_2012_151_154317_00278.png", "./data/2009/Ditylum/IFCB1_2009_022_222419_00529.png", "./data/2010/Cylindrotheca/IFCB1_2010_132_164328_00157.png", "./data/2012/Ciliate_mix/IFCB1_2012_258_181419_00642.png", "./data/2013/Leptocylindrus/IFCB5_2013_325_230315_01674.png", "./data/2014/Cylindrotheca/IFCB5_2014_057_184322_02897.png", "./data/2008/Skeletonema/IFCB1_2008_248_004347_03143.png", "./data/2012/Skeletonema/IFCB1_2012_292_093250_00459.png", "./data/2009/Ditylum/IFCB1_2009_030_163951_01656.png", "./data/2013/dino30/IFCB5_2013_184_211057_03219.png", "./data/2013/Heterocapsa_triquetra/IFCB5_2013_235_182200_00205.png", "./data/2009/Dictyocha/IFCB1_2009_022_005008_00858.png", "./data/2007/Corethron/IFCB1_2007_360_184927_01753.png", "./data/2012/pennate/IFCB1_2012_282_205545_00603.png", "./data/2011/Tintinnid/IFCB5_2011_001_173655_02936.png", "./data/2010/Ditylum/IFCB1_2010_001_164439_02967.png", "./data/2012/Chaetoceros/IFCB1_2012_273_035637_00160.png", "./data/2009/Dictyocha/IFCB1_2009_309_180858_08979.png", "./data/2013/flagellate_sp3/IFCB5_2013_213_162635_05973.png", "./data/2013/Thalassiosira/IFCB1_2013_302_170210_04227.png", "./data/2011/Prorocentrum/IFCB1_2011_240_193426_01877.png", "./data/2011/bad/IFCB5_2011_304_190824_07867.png", "./data/2009/Laboea_strobila/IFCB1_2009_122_130238_00602.png", "./data/2012/detritus/IFCB5_2012_192_171632_06015.png", "./data/2014/Guinardia_striata/IFCB5_2014_259_120213_01298.png", "./data/2007/Leptocylindrus/IFCB1_2007_089_004753_02419.png", "./data/2009/Corethron/IFCB1_2009_300_194929_02076.png", "./data/2008/Dinobryon/IFCB1_2008_114_173253_00838.png", "./data/2007/Guinardia_flaccida/IFCB1_2007_105_162725_00465.png", "./data/2010/Skeletonema/IFCB5_2010_345_120048_05249.png", "./data/2009/Dinobryon/IFCB1_2009_292_003918_00066.png", "./data/2012/Chaetoceros/IFCB1_2012_311_162214_01291.png", "./data/2010/Cylindrotheca/IFCB1_2010_141_161721_07620.png", "./data/2009/Guinardia_striata/IFCB1_2009_228_005118_02548.png", "./data/2014/Heterocapsa_triquetra/IFCB5_2014_060_064942_01559.png", "./data/2009/Prorocentrum/IFCB1_2009_276_185819_01542.png", "./data/2007/Thalassionema/IFCB1_2007_305_161711_04513.png", "./data/2012/bad/IFCB1_2012_282_200950_00173.png", "./data/2007/Thalassionema/IFCB1_2007_001_164010_02274.png", "./data/2009/Thalassiosira_dirty/IFCB1_2009_276_122947_02879.png", 