{"Time": "0.0:3.0:13.001331329345703",
 "Epochs": 66,
 "TrainAcc": [0.18055555555555555, 0.4090909090909091, 0.5333333333333333, 0.6363636363636364, 0.6058394160583942, 0.6050955414012739, 0.6866666666666666, 0.6644295302013423, 0.6776315789473685, 0.6282051282051282, 0.7702702702702703, 0.7718120805369127, 0.8345323741007195, 0.8714285714285714, 0.9034090909090909, 0.9219512195121952, 0.9186602870813397, 0.9538461538461539, 0.9585253456221198, 0.96, 0.9791666666666666, 0.9786476868327402, 0.9794238683127572, 0.9746835443037974, 0.9867986798679867, 0.9877049180327869, 0.9879032258064516, 0.9718875502008032, 0.979757085020243, 0.9791666666666666, 0.9838709677419355, 0.9839357429718876, 0.9903225806451613, 0.9968454258675079, 0.9920948616600791, 0.9957627118644068, 1.0, 1.0, 0.9956521739130435, 1.0, 1.0, 1.0, 1.0, 0.9957446808510638, 1.0, 1.0, 1.0, 1.0, 0.9958847736625515, 1.0, 1.0, 0.9958333333333333, 1.0, 1.0, 0.9957805907172996, 1.0, 1.0, 1.0, 1.0, 0.9956521739130435, 0.9914529914529915, 1.0, 1.0, 0.9954545454545455, 1.0, 0.9954954954954955],
 "ValidAcc": [0.058333333333333334, 0.20833333333333334, 0.125, 0.17543859649122806, 0.16393442622950818, 0.20634920634920634, 0.18333333333333332, 0.2037037037037037, 0.18032786885245902, 0.21212121212121213, 0.17307692307692307, 0.25862068965517243, 0.2786885245901639, 0.2857142857142857, 0.29850746268656714, 0.29333333333333333, 0.35064935064935066, 0.3291139240506329, 0.3424657534246575, 0.379746835443038, 0.41025641025641024, 0.36470588235294116, 0.4, 0.4603174603174603, 0.4367816091954023, 0.42857142857142855, 0.390625, 0.40625, 0.4603174603174603, 0.47619047619047616, 0.38823529411764707, 0.5, 0.5308641975308642, 0.44871794871794873, 0.4918032786885246, 0.5531914893617021, 0.4852941176470588, 0.46153846153846156, 0.47368421052631576, 0.5, 0.39215686274509803, 0.4444444444444444, 0.5094339622641509, 0.5116279069767442, 0.4583333333333333, 0.5833333333333334, 0.5540540540540541, 0.52, 0.5106382978723404, 0.5348837209302325, 0.5, 0.5227272727272727, 0.574468085106383, 0.5681818181818182, 0.5476190476190477, 0.47368421052631576, 0.5, 0.5111111111111111, 0.5208333333333334, 0.49019607843137253, 0.5384615384615384, 0.4583333333333333, 0.52, 0.56, 0.5217391304347826, 0.5306122448979592],
 "TestAcc": 0.43548387096774194,
 "Test_Pred": [3, 0, 24, 27, 4, 14, 11, 11, 3, 8, 10, 6, 19, 10, 2, 0, 3, 24, 10, 17, 14, 15, 8, 29, 8, 4, 29, 24, 2, 28, 27, 17, 14, 4, 20, 13, 17, 3, 19, 16, 15, 20, 17, 24, 14, 17, 4, 27, 11, 16, 7, 6, 10, 27, 19, 3, 27, 16, 19, 21, 16, 4],
 "Test_Target": [3, 0, 23, 1, 4, 6, 17, 11, 22, 4, 10, 6, 12, 12, 1, 0, 1, 24, 10, 17, 24, 20, 8, 20, 8, 4, 29, 24, 1, 28, 22, 18, 14, 4, 20, 18, 21, 23, 19, 2, 20, 2, 5, 26, 14, 17, 2, 22, 11, 16, 9, 6, 12, 22, 5, 3, 1, 2, 12, 21, 2, 11],
 "Test_fnames": ["./data/2009/Ciliate_mix/IFCB1_2009_122_163134_00049.png", "./data/2009/Ciliate_mix/IFCB1_2009_362_032219_00760.png", "./data/2006/bad/IFCB1_2006_158_182925_05361.png", "./data/2009/Asterionellopsis/IFCB1_2009_022_005008_01034.png", "./data/2009/Thalassiosira_dirty/IFCB1_2009_022_002654_01575.png", "./data/2009/Chaetoceros/IFCB1_2009_211_153356_00989.png", "./data/2012/Heterocapsa_triquetra/IFCB1_2012_151_154317_01071.png", "./data/2007/Corethron/IFCB1_2007_024_213700_02102.png", "./data/2013/Dictyocha/IFCB1_2013_001_081645_01276.png", "./data/2011/Pleurosigma/IFCB5_2011_316_191740_06940.png", "./data/2012/Guinardia_flaccida/IFCB5_2012_052_021037_00483.png", "./data/2008/Guinardia_striata/IFCB1_2008_349_174035_01765.png", "./data/2011/Thalassiosira_dirty/IFCB5_2011_326_170712_00466.png", "./data/2012/dino30/IFCB5_2012_066_192107_02606.png", "./data/2013/Thalassiosira/IFCB1_2013_011_180852_00186.png", "./data/2011/Corethron/IFCB5_2011_015_194623_00800.png", "./data/2011/Dictyocha/IFCB5_2011_001_171342_02564.png", "./data/2007/Guinardia_delicatula/IFCB1_2007_017_005201_01182.png", "./data/2011/Leptocylindrus/IFCB5_2011_326_175336_07800.png", "./data/2011/Dictyocha/IFCB5_2011_326_194937_07186.png", "./data/2009/Guinardia_striata/IFCB1_2009_228_002831_01828.png", "./data/2014/Guinardia_striata/IFCB5_2014_259_122510_03663.png", "./data/2010/Chaetoceros/IFCB5_2010_249_012602_07456.png", "./data/2008/Asterionellopsis/IFCB1_2008_001_004404_00949.png", "./data/2006/Eucampia/IFCB1_2006_309_003838_00379.png", "./data/2014/Leptocylindrus/IFCB1_2014_188_222013_00723.png", "./data/2009/Guinardia_delicatula/IFCB1_2009_067_004943_01445.png", "./data/2009/Pleurosigma/IFCB1_2009_188_002300_05109.png", "./data/2014/Chaetoceros/IFCB5_2014_259_120213_03884.png", "./data/2011/Tintinnid/IFCB5_2011_330_195348_04700.png", "./data/2012/Guinardia_delicatula/IFCB5_2012_052_025703_02174.png", "./data/2007/Pleurosigma/IFCB1_2007_027_000718_01878.png", "./data/2008/Tintinnid/IFCB1_2008_363_094233_01359.png", "./data/2013/detritus/IFCB5_2013_167_152816_01460.png", "./data/2011/Dictyocha/IFCB5_2011_330_195348_03007.png", "./data/2008/Skeletonema/IFCB1_2008_318_192854_04387.png", "./data/2012/Heterocapsa_triquetra/IFCB1_2012_151_154317_01727.png", "./data/2012/Heterocapsa_triquetra/IFCB1_2012_151_154317_00278.png", "./data/2009/Ditylum/IFCB1_2009_022_222419_00529.png", "./data/2010/Cylindrotheca/IFCB1_2010_132_164328_00157.png", "./data/2012/Ciliate_mix/IFCB1_2012_258_181419_00642.png", "./data/2013/Leptocylindrus/IFCB5_2013_325_230315_01674.png", "./data/2014/Cylindrotheca/IFCB5_2014_057_184322_02897.png", "./data/2008/Skeletonema/IFCB1_2008_248_004347_03143.png", "./data/2012/Skeletonema/IFCB1_2012_292_093250_00459.png", "./data/2009/Ditylum/IFCB1_2009_030_163951_01656.png", "./data/2013/dino30/IFCB5_2013_184_211057_03219.png", "./data/2013/Heterocapsa_triquetra/IFCB5_2013_235_182200_00205.png", "./data/2009/Dictyocha/IFCB1_2009_022_005008_00858.png", "./data/2007/Corethron/IFCB1_2007_360_184927_01753.png", "./data/2012/pennate/IFCB1_2012_282_205545_00603.png", "./data/2011/Tintinnid/IFCB5_2011_001_173655_02936.png", "./data/2010/Ditylum/IFCB1_2010_001_164439_02967.png", "./data/2012/Chaetoceros/IFCB1_2012_273_035637_00160.png", "./data/2009/Dictyocha/IFCB1_2009_309_180858_08979.png", "./data/2013/flagellate_sp3/IFCB5_2013_213_162635_05973.png", "./data/2013/Thalassiosira/IFCB1_2013_302_170210_04227.png", "./data/2011/Prorocentrum/IFCB1_2011_240_193426_01877.png", "./data/2011/bad/IFCB5_2011_304_190824_07867.png", "./data/2009/Laboea_strobila/IFCB1_2009_122_130238_00602.png", "./data/2012/detritus/IFCB5_2012_192_171632_06015.png", "./data/2014/Guinardia_striata/IFCB5_2014_259_120213_01298.png", "./data/2007/Leptocylindrus/IFCB1_2007_089_004753_02419.png", "./data/2009/Corethron/IFCB1_2009_300_194929_02076.png", "./data/2008/Dinobryon/IFCB1_2008_114_173253_00838.png", "./data/2007/Guinardia_flaccida/IFCB1_2007_105_162725_00465.png", "./data/2010/Skeletonema/IFCB5_2010_345_120048_05249.png", "./data/2009/Dinobryon/IFCB1_2009_292_003918_00066.png", "./data/2012/Chaetoceros/IFCB1_2012_311_162214_01291.png", "./data/2010/Cylindrotheca/IFCB1_2010_141_161721_07620.png", "./data/2009/Guinardia_striata/IFCB1_2009_228_005118_02548.png", "./data/2014/Heterocapsa_triquetra/IFCB5_2014_060_064942_01559.png", "./data/2009/Prorocentrum/IFCB1_2009_276_185819_01542.png", "./data/2007/Thalassionema/IFCB1_2007_305_161711_04513.png", "./data/2012/bad/IFCB1_2012_282_200950_00173.png", "./data/2007/Thalassionema/IFCB1_2007_001_164010_02274.png", "./data/2009/Thalassiosira_dirty/IFCB1_2009_276_122947_02879.png", "./data/2008/Pseudonitzschia/IFCB1_2008_237_195716_00590.png", "./data/2010/Chaetoceros_flagellate/IFCB5_2010_259_094055_00754.png", "./data/2013/Skeletonema/IFCB5_2013_153_131718_06513.png", "./data/2013/Chaetoceros_flagellate/IFCB5_2013_213_160322_01932.png", "./data/2009/Dictyocha/IFCB1_2009_300_164330_02917.png", "./data/2010/Prorocentrum/IFCB5_2010_259_184200_00048.png", "./data/2010/Cylindrotheca/IFCB1_2010_132_185641_04786.png", "./data/2009/detritus/IFCB1_2009_051_005834_01269.png", 