{"Time": "0.0:57.0:49.39410209655762",
 "Epochs": 34,
 "TrainAcc": [0.031101148781171196, 0.21378537405435696, 0.4158027458671897, 0.5312412440459513, 0.5965256374334548, 0.6158587839731017, 0.647240123283833, 0.66685346035304, 0.6744186046511628, 0.7677220509946764, 0.7282151863267021, 0.7447464275707482, 0.7584757635191931, 0.7548332866349118, 0.7363407116839451, 0.7570748108713925, 0.7649201456990754, 0.7652003362286355, 0.7738862426449986, 0.7974222471280471, 0.785934435416083, 0.8024656766601289, 0.7419445222751471, 0.7828523395909218, 0.8164752031381339, 0.8383300644438219, 0.8178761557859344, 0.8156346315494536, 0.8377696833847016, 0.8467357803306248, 0.8472961613897451, 0.8243205379658167, 0.8671896889885122, 0.8643877836929111, 0.8811992154665172, 0.8733538806388345, 0.8503782572149061, 0.8674698795180723, 0.8366489212664612, 0.8128327262538526, 0.8831605491734379, 0.8674698795180723, 0.8820397870551976, 0.8702717848136733, 0.8601849257495097, 0.8386102549733819, 0.8708321658727936, 0.8593443541608293, 0.8842813112916783, 0.8840011207621182, 0.8809190249369572, 0.8755954048753152, 0.874754833286635, 0.8736340711683945, 0.8764359764639955, 0.8713925469319137, 0.8823199775847577, 0.8823199775847577, 0.8960493135332026, 0.8725133090501541, 0.8854020734099187, 0.866629307929392, 0.8456150182123844, 0.8596245446903895, 0.8854020734099187, 0.8660689268702718, 0.8789576912300364, 0.8736340711683945, 0.8733538806388345, 0.8851218828803586, 0.8873634071168395, 0.8935275987671617, 0.8845615018212385, 0.8711123564023536, 0.8882039787055197, 0.866909498458952, 0.899971980947044, 0.8943681703558419, 0.8946483608854021, 0.8442140655645839, 0.885962454469039, 0.8641075931633511, 0.8828803586438778, 0.8800784533482768, 0.8789576912300364, 0.8823199775847577, 0.872233118520594, 0.8646679742224713, 0.885962454469039, 0.8736340711683945, 0.8896049313533203, 0.8996917904174839, 0.866629307929392, 0.8554216867469879, 0.8262818716727375, 0.8559820678061082, 0.8828803586438778, 0.8604651162790697, 0.8826001681143177, 0.8862426449985991, 0.8870832165872794, 0.8450546371532642, 0.8702717848136733, 0.8641075931633511, 0.8856822639394788, 0.8772765480526759, 0.9010927430652844, 0.8840011207621182, 0.897170075651443, 0.8946483608854021, 0.8963295040627627, 0.9117399831885682, 0.8845615018212385, 0.8758755954048754, 0.8954889324740823, 0.880638834407397, 0.8809190249369572, 0.8854020734099187, 0.8803586438778369, 0.8509386382740264, 0.8896049313533203, 0.8840011207621182, 0.8834407397029981, 0.8540207340991874, 0.8783973101709163, 0.8772765480526759, 0.8481367329784253, 0.8627066405155506, 0.8884841692350799, 0.8685906416363127, 0.8823199775847577, 0.8649481647520314, 0.8559820678061082, 0.8761557859344354, 0.8809190249369572, 0.8792378817595965, 0.8901653124124405, 0.8621462594564304, 0.8842813112916783, 0.8456150182123844, 0.8596245446903895, 0.8663491173998319, 0.849817876155786, 0.8355281591482208, 0.8854020734099187, 0.8803586438778369, 0.8691510226954329, 0.8775567385822359, 0.8957691230036425, 0.8789576912300364, 0.8868030260577192, 0.8800784533482768, 0.8876435976463996, 0.8848416923507986, 0.8896049313533203, 0.8683104511067526, 0.8464555898010647, 0.8568226393947884, 0.8719529279910339, 0.8797982628187168, 0.8851218828803586, 0.8848416923507986, 0.8963295040627627, 0.8817595965256374, 0.8486971140375456, 0.8783973101709163, 0.8854020734099187, 0.8862426449985991, 0.8991314093583637, 0.8481367329784253, 0.8758755954048754, 0.8486971140375456, 0.8876435976463996, 0.866629307929392, 0.8795180722891566, 0.8643877836929111, 0.8957691230036425, 0.899971980947044, 0.8952087419445223, 0.8980106472401232, 0.8963295040627627, 0.9153824600728495, 0.9173437937797703, 0.8926870271784814, 0.8957691230036425, 0.8901653124124405, 0.874754833286635, 0.8607453068086298, 0.8613056878677501, 0.8663491173998319, 0.8615858783973102, 0.8783973101709163, 0.8949285514149622, 0.8966096945923228, 0.9078173157747268, 0.8744746427570748, 0.8938077892967218, 0.9052956010086859, 0.8910058840011208, 0.8713925469319137, 0.8968898851218828, 0.8890445502942, 0.9050154104791258, 0.9044550294200056, 0.8811992154665172, 0.8671896889885122, 0.8641075931633511, 0.863827402633791, 0.897170075651443, 0.8826001681143177, 0.8949285514149622, 0.8907256934715606, 0.8621462594564304, 0.8683104511067526, 0.8523395909218269, 0.850098066685346, 0.8938077892967218, 0.8736340711683945, 0.8671896889885122, 0.8862426449985991, 0.8613056878677501, 0.8826001681143177, 0.8380498739142617, 0.8795180722891566, 0.8977304567105632, 0.8957691230036425, 0.891566265060241, 0.8781171196413561, 0.8783973101709163, 0.8755954048753152, 0.8520594003922667, 0.8834407397029981, 0.8943681703558419, 0.8596245446903895, 0.8803586438778369, 0.8744746427570748, 0.8716727374614738, 0.850098066685346, 0.8736340711683945, 0.844494256094144, 0.8974502661810031, 0.8982908377696834, 0.902773886242645, 0.9125805547772485, 0.8904455029420005, 0.8352479686186607, 0.8800784533482768, 0.855701877276548, 0.8968898851218828, 0.9016531241244046, 0.9072569347156066, 0.8848416923507986, 0.8593443541608293, 0.8671896889885122, 0.8946483608854021, 0.8873634071168395, 0.8991314093583637, 0.9061361725973662, 0.8935275987671617, 0.8991314093583637, 0.9019333146539646, 0.899971980947044, 0.8980106472401232, 0.8845615018212385, 0.8980106472401232, 0.8663491173998319, 0.8954889324740823, 0.8397310170916223, 0.8691510226954329, 0.8786775007004763, 0.8758755954048754, 0.8963295040627627],