{"Time": "0.0:21.0:13.784906387329102",
 "Epochs": 28,
 "TrainAcc": [0.08629868310451107, 0.41272065004202857, 0.5332025777528719, 0.5634631549453628, 0.7029980386662931, 0.80554777248529, 0.8215186326702157, 0.8792378817595965, 0.9232277949005324, 0.9302325581395349, 0.9436817035584197, 0.9590921826842252, 0.9644158027458671, 0.9677780891005884, 0.9792659008125525, 0.9815074250490333, 0.9801064724012328, 0.9806668534603531, 0.983188568226394, 0.985990473521995, 0.9879518072289156, 0.9823479966377137, 0.9876716166993555, 0.988792378817596, 0.9817876155785934, 0.9871112356402354, 0.985990473521995, 0.9823479966377137, 0.9871112356402354, 0.9901933314653965, 0.9826281871672737, 0.9843093303446343, 0.989072569347156, 0.9834687587559541, 0.9871112356402354, 0.9879518072289156, 0.9823479966377137, 0.9871112356402354, 0.9899131409358364, 0.9834687587559541, 0.9873914261697955, 0.9873914261697955, 0.9826281871672737, 0.9865508545811151, 0.9901933314653965, 0.9823479966377137, 0.9843093303446343, 0.988792378817596, 0.9820678061081536, 0.9854300924628747, 0.9885121882880359, 0.9834687587559541, 0.9854300924628747, 0.9896329504062763, 0.9823479966377137, 0.9857102829924349, 0.9865508545811151, 0.9843093303446343, 0.9871112356402354, 0.9910339030540768, 0.9829083776968338, 0.9876716166993555, 0.9893527598767161, 0.9834687587559541, 0.9848697114037546, 0.9871112356402354, 0.9820678061081536, 0.9848697114037546, 0.9840291398150742, 0.9834687587559541, 0.9851499019333146, 0.9904735219949565, 0.9826281871672737, 0.9879518072289156, 0.988792378817596, 0.9823479966377137, 0.9854300924628747, 0.9904735219949565, 0.9829083776968338, 0.985990473521995, 0.9901933314653965, 0.9829083776968338, 0.985990473521995, 0.9904735219949565],
 "ValidAcc": [0.07058823529411765, 0.36722689075630255, 0.4907563025210084, 0.5126050420168067, 0.6436974789915967, 0.7605042016806722, 0.7781512605042017, 0.8277310924369747, 0.8554621848739495, 0.8630252100840337, 0.8630252100840337, 0.8848739495798319, 0.8890756302521008, 0.873109243697479, 0.8949579831932774, 0.8983193277310925, 0.8781512605042017, 0.8865546218487395, 0.8932773109243698, 0.8823529411764706, 0.8873949579831932, 0.9016806722689076, 0.8890756302521008, 0.8957983193277311, 0.9, 0.8823529411764706, 0.8848739495798319, 0.8949579831932774, 0.8815126050420168, 0.8890756302521008, 0.9008403361344538, 0.8815126050420168, 0.8873949579831932, 0.9008403361344538, 0.8756302521008403, 0.8815126050420168, 0.9008403361344538, 0.8764705882352941, 0.8915966386554622, 0.9, 0.8756302521008403, 0.8915966386554622, 0.8974789915966387, 0.8848739495798319, 0.8899159663865546, 0.8991596638655462, 0.8773109243697479, 0.8941176470588236, 0.8966386554621849, 0.8798319327731092, 0.8957983193277311, 0.9008403361344538, 0.8747899159663866, 0.892436974789916, 0.9050420168067227, 0.8798319327731092, 0.8941176470588236, 0.8932773109243698, 0.8773109243697479, 0.8941176470588236, 0.8966386554621849, 0.8798319327731092, 0.8932773109243698, 0.9, 0.8773109243697479, 0.8907563025210085, 0.8949579831932774, 0.8739495798319328, 0.8781512605042017, 0.8932773109243698, 0.8815126050420168, 0.8941176470588236, 0.8957983193277311, 0.8815126050420168, 0.8890756302521008, 0.892436974789916, 0.8773109243697479, 0.892436974789916, 0.8957983193277311, 0.8798319327731092, 0.8915966386554622, 0.8941176470588236, 0.8823529411764706, 0.8823529411764706],
 "TestAcc": 0.8697478991596639}