{"Time": "0.0:0.0:42.09998869895935",
 "Epochs": 21,
 "TrainAcc": [2904548.0, 2775536.5, 2760118.0, 2729542.0, 2706409.5, 2688666.0, 2672835.0, 2660803.0, 2649580.0, 2640689.75, 2631790.25, 2622764.25, 2612232.25, 2596611.25, 2579111.5, 2568479.0, 2559211.5, 2546627.25, 2531936.75, 2518377.0, 2509029.5],
 "ValidAcc": [367219.3125, 350201.1875, 347419.03125, 343514.4375, 340068.84375, 337774.65625, 335807.125, 333809.21875, 331913.65625, 330210.125, 328684.59375, 327853.46875, 325913.28125, 323138.21875, 319567.84375, 317380.96875, 314669.5625, 312354.75, 310154.1875, 308614.46875, 306271.65625],
 "TestAcc": 312144.625}