{"Epochs": 33, "TrainAcc": [0.3094989561586639, 0.5833333333333334, 0.6617954070981211, 0.6896311760612387, 0.7757480862908838, 0.8543841336116911, 0.8670842032011135, 0.9058803061934586, 0.930410577592206, 0.9293667362560891, 0.9370215727209464, 0.9559846903270702, 0.9558107167710508, 0.9683368128044537, 0.975991649269311, 0.976687543493389, 0.9765135699373695, 0.9853862212943633, 0.9850382741823243, 0.9869519832985386, 0.9871259568545581, 0.989213639526792, 0.9904314544189283, 0.9857341684064023, 0.9872999304105776, 0.9883437717466945, 0.9919972164231037, 0.9947807933194155, 0.993562978427279, 0.9953027139874739, 0.9940848990953375, 0.9954766875434934, 0.9946068197633959, 0.9956506610995128, 0.9954766875434934, 0.9959986082115518, 0.9970424495476687, 0.9975643702157272, 0.9956506610995128, 0.9970424495476687, 0.9926931106471816, 0.9883437717466945, 0.993910925539318, 0.9916492693110647, 0.9940848990953375, 0.993910925539318, 0.9911273486430062, 0.9947807933194155, 0.9940848990953375, 0.9963465553235908, 0.9951287404314544, 0.9953027139874739, 0.9951287404314544, 0.9980862908837856, 0.9961725817675713, 0.9979123173277662, 0.9972164231036882, 0.9973903966597077, 0.9975643702157272, 0.9975643702157272, 0.9977383437717467, 0.9977383437717467, 0.9982602644398052, 0.9979123173277662, 0.9979123173277662, 0.9991301322199025, 0.9986082115518441, 0.9993041057759221, 0.9963465553235908, 0.9958246346555324, 0.9963465553235908, 0.9986082115518441, 0.9956506610995128, 0.9973903966597077, 0.9965205288796103, 0.9970424495476687, 0.9970424495476687, 0.9984342379958246, 0.9975643702157272, 0.9923451635351427, 0.9947807933194155, 0.988865692414753, 0.9953027139874739, 0.9954766875434934, 0.9893876130828114, 0.989213639526792, 0.9916492693110647, 0.9904314544189283, 0.9919972164231037, 0.9959986082115518, 0.9959986082115518, 0.9970424495476687, 0.9982602644398052, 0.9982602644398052, 0.9979123173277662, 0.9993041057759221, 0.9986082115518441, 0.9979123173277662, 0.9979123173277662], "ValidAcc": [0.3114241001564945, 0.5644235785080856, 0.6374543557642149, 0.656755346896192, 0.7198748043818466, 0.7949921752738655, 0.8163797600417319, 0.8487219613980177, 0.8659363588941054, 0.8695878977569118, 0.8695878977569118, 0.8878455920709442, 0.883150756390193, 0.8888888888888888, 0.8935837245696401, 0.8899321857068336, 0.8946270213875848, 0.9045383411580594, 0.8977569118414189, 0.9029733959311425, 0.9003651538862807, 0.9014084507042254, 0.900886802295253, 0.8930620761606677, 0.8988002086593636, 0.8909754825247783, 0.8982785602503912, 0.9034950443401147, 0.9040166927490871, 0.9050599895670318, 0.9045383411580594, 0.9019300991131977, 0.9014084507042254, 0.9087115284298383, 0.8982785602503912, 0.8982785602503912, 0.9055816379760042, 0.9003651538862807, 0.9087115284298383, 0.9024517475221701, 0.9003651538862807, 0.892018779342723, 0.8925404277516954, 0.8794992175273866, 0.9050599895670318, 0.9019300991131977, 0.8883672404799166, 0.8909754825247783, 0.8899321857068336, 0.8909754825247783, 0.8956703182055294, 0.900886802295253, 0.8941053729786124, 0.9003651538862807, 0.8946270213875848, 0.9003651538862807, 0.9003651538862807, 0.8988002086593636, 0.8982785602503912, 0.8961919666145018, 0.8967136150234741, 0.9019300991131977, 0.900886802295253, 0.9055816379760042, 0.9019300991131977, 0.9024517475221701, 0.9003651538862807, 0.8967136150234741, 0.892018779342723, 0.8841940532081377, 0.9014084507042254, 0.9019300991131977, 0.8941053729786124, 0.8862806468440271, 0.892018779342723, 0.8878455920709442, 0.8904538341158059, 0.8909754825247783, 0.8930620761606677, 0.8868022952529995, 0.8888888888888888, 0.883150756390193, 0.8946270213875848, 0.8951486697965572, 0.8794992175273866, 0.8810641627543035, 0.8878455920709442, 0.8862806468440271, 0.8930620761606677, 0.8925404277516954, 0.8977569118414189, 0.900886802295253, 0.9045383411580594, 0.9029733959311425, 0.892018779342723, 0.9024517475221701, 0.9061032863849765, 0.9019300991131977, 0.8993218570683359], "TestAcc": 0.9045383411580594}