{"Time": "0.0:2.0:17.780457973480225",
 "Epochs": 62,
 "TrainAcc": [2491724.25, 2488477.0, 2487652.0, 2486432.75, 2484751.25, 2482488.5, 2480004.25, 2477209.75, 2474017.75, 2470361.25, 2466645.75, 2462430.75, 2458079.0, 2453339.75, 2448189.0, 2442790.75, 2436831.25, 2430625.75, 2423881.5, 2417022.25, 2411288.75, 2406711.5, 2402185.0, 2396908.5, 2393832.25, 2392758.25, 2389927.25, 2385272.25, 2384871.75, 2383482.25, 2379431.25, 2380093.25, 2379284.75, 2378733.5, 2377165.5, 2374936.25, 2374759.75, 2374705.5, 2374622.5, 2373734.0, 2371722.75, 2371411.75, 2371567.75, 2380442.25, 2393631.5, 2407225.25, 2419557.0, 2430604.0, 2440434.0, 2448739.0, 2455246.25, 2460513.0, 2464735.25, 2468227.75, 2471079.0, 2473335.5, 2475110.5, 2476629.5, 2477806.0, 2478796.0, 2479576.5, 2480205.5],
 "ValidAcc": [306677.375, 306240.15625, 306094.71875, 305870.4375, 305557.4375, 305097.46875, 304522.375, 303880.53125, 303231.28125, 302591.625, 301897.6875, 301042.90625, 300069.0625, 299151.28125, 298371.59375, 297568.53125, 296524.28125, 295480.5, 294686.59375, 293628.84375, 292413.03125, 291941.125, 290716.5, 290005.09375, 289458.125, 288966.6875, 288787.21875, 287991.71875, 287902.875, 287836.84375, 287263.59375, 287377.96875, 287279.0625, 287210.0625, 287086.5, 286799.3125, 286808.78125, 286802.875, 286797.28125, 286748.625, 286475.03125, 286474.375, 286552.6875, 288018.46875, 290137.625, 292442.53125, 294583.71875, 296489.96875, 298151.0625, 299628.84375, 300838.0625, 301866.28125, 302740.6875, 303393.625, 303933.375, 304281.625, 304576.1875, 304758.59375, 304885.40625, 304979.5, 305044.65625, 305088.5625],
 "TestAcc": 308129.78125}