{"Epochs": 1, "TrainAcc": [0.04908333333333333, 0.0505, 0.0505, 0.0505, 0.0505], "ValidAcc": [0.05025, 0.046, 0.046, 0.046, 0.046], "TestAcc": 0.0525}