{"Epochs": 1, "TrainAcc": [0.049833333333333334, 0.048916666666666664, 0.051333333333333335, 0.051333333333333335, 0.051333333333333335], "ValidAcc": [0.051, 0.0485, 0.04925, 0.04925, 0.04925], "TestAcc": 0.04675}