{"Time": "0.0:30.0:46.206268310546875",
 "Epochs": 39,
 "TrainAcc": [0.10717942883149391, 0.4947092957105473, 0.616338605074525, 0.7461599726931392, 0.769712140175219, 0.855956309022642, 0.8933894641028558, 0.9064740015929003, 0.9155762885424963, 0.9352599840709979, 0.9360564341790875, 0.9473205142792126, 0.937194220047787, 0.9468653999317328, 0.9499374217772215, 0.9547161224257594, 0.9502787575378314, 0.9575605870975082, 0.9599499374217773, 0.9596086016611673, 0.9531232222095801, 0.9588121515530778, 0.9622255091591763, 0.9633632950278758, 0.9538058937307998, 0.9614290590510866, 0.9642735237228354, 0.9624530663329162, 0.955626351120719, 0.9600637160086471, 0.9591534873136875, 0.9659802025258847, 0.955626351120719, 0.9618841733985664, 0.9662077596996246, 0.9654113095915349, 0.9691660029582433, 0.9679144385026738, 0.9734895892593014, 0.9762202753441802, 0.9676868813289339, 0.9672317669814541, 0.9714415746956423, 0.9740584821936512, 0.9682557742632837, 0.9683695528501536, 0.9798611901240186, 0.9764478325179201, 0.969848674479463, 0.9709864603481625, 0.9742860393673911, 0.9679144385026738, 0.9695073387188531, 0.9706451245875526, 0.9718966890431221, 0.9737171464330413, 0.9711002389350324, 0.9691660029582433, 0.972010467629992, 0.9758789395835704, 0.9703037888269428, 0.9703037888269428, 0.9775856183866196, 0.9778131755603595, 0.9713277961087723, 0.9717829104562521, 0.9797474115371487, 0.974513596541131, 0.9708726817612925, 0.9696211173057231, 0.9729206963249516, 0.9763340539310502, 0.9701900102400728, 0.9715553532825122, 0.9779269541472295, 0.9815678689270679, 0.9703037888269428, 0.9705313460006827, 0.9758789395835704, 0.9776993969734896, 0.9706451245875526, 0.9750824894754807, 0.981226533166458, 0.9780407327340994, 0.9707589031744226, 0.9722380248037319, 0.9733758106724314, 0.9668904312208443, 0.9712140175219024, 0.9726931391512117, 0.9764478325179201, 0.9757651609967004, 0.9704175674138127, 0.974399817954261, 0.9806576402321083, 0.9791785186027989, 0.9707589031744226, 0.9726931391512117, 0.9751962680623507, 0.9729206963249516, 0.9708726817612925, 0.969848674479463, 0.9728069177380817, 0.9700762316532029, 0.9700762316532029, 0.9633632950278758, 0.9741722607805211, 0.9753100466492206, 0.9707589031744226, 0.9716691318693822, 0.9796336329502787, 0.9807714188189782, 0.9707589031744226, 0.9707589031744226, 0.9749687108886108, 0.9746273751280009, 0.9695073387188531, 0.9718966890431221, 0.9761064967573103, 0.9821367618614176, 0.9709864603481625, 0.9679144385026738, 0.9750824894754807, 0.9779269541472295, 0.9712140175219024, 0.9700762316532029, 0.9763340539310502, 0.9742860393673911, 0.969734895892593, 0.9693935601319832, 0.9796336329502787, 0.981226533166458, 0.9714415746956423, 0.9730344749118216, 0.9759927181704403, 0.9716691318693822, 0.972124246216862, 0.9690522243713733, 0.9737171464330413, 0.9763340539310502, 0.9706451245875526, 0.9750824894754807, 0.9816816475139378, 0.9749687108886108, 0.9701900102400728, 0.9709864603481625, 0.9722380248037319, 0.9716691318693822, 0.9717829104562521, 0.9692797815451132, 0.9749687108886108, 0.974513596541131, 0.9713277961087723, 0.967573102742064, 0.9715553532825122, 0.9763340539310502],
 "ValidAcc": [0.10443686006825939, 0.483617747440273, 0.5965870307167236, 0.7238907849829351, 0.7395904436860068, 0.8040955631399317, 0.8368600682593856, 0.852901023890785, 0.8621160409556314, 0.8733788395904437, 0.8686006825938567, 0.8716723549488055, 0.8703071672354948, 0.8689419795221843, 0.8815699658703071, 0.8764505119453925, 0.8819112627986349, 0.8713310580204778, 0.8757679180887372, 0.8733788395904437, 0.8808873720136519, 0.874061433447099, 0.8733788395904437, 0.8754266211604096, 0.8849829351535836, 0.8747440273037542, 0.8802047781569966, 0.8733788395904437, 0.883617747440273, 0.8703071672354948, 0.8774744027303755, 0.8754266211604096, 0.8829351535836177, 0.8764505119453925, 0.8887372013651877, 0.874061433447099, 0.8866894197952219, 0.875085324232082, 0.8819112627986349, 0.883617747440273, 0.8883959044368601, 0.8781569965870307, 0.875085324232082, 0.8744027303754266, 0.8911262798634813, 0.8744027303754266, 0.8860068259385665, 0.8778156996587031, 0.8901023890784983, 0.8784982935153584, 0.8802047781569966, 0.8713310580204778, 0.889419795221843, 0.8808873720136519, 0.8805460750853242, 0.8825938566552901, 0.8931740614334471, 0.8778156996587031, 0.878839590443686, 0.8784982935153584, 0.8918088737201365, 0.8723549488054607, 0.8822525597269625, 0.8774744027303755, 0.8918088737201365, 0.883617747440273, 0.8873720136518771, 0.8713310580204778, 0.8918088737201365, 0.8802047781569966, 0.8795221843003413, 0.8784982935153584, 0.8924914675767918, 0.8767918088737201, 0.8819112627986349, 0.8843003412969284, 0.8935153583617748, 0.8808873720136519, 0.8819112627986349, 0.8843003412969284, 0.8907849829351536, 0.8856655290102389, 0.8839590443686007, 0.8757679180887372, 0.8904436860068259, 0.878839590443686, 0.8764505119453925, 0.8720136518771331, 0.8911262798634813, 0.8764505119453925, 0.8880546075085324, 0.8757679180887372, 0.8921501706484641, 0.8812286689419795, 0.8825938566552901, 0.8757679180887372, 0.8924914675767918, 0.8812286689419795, 0.8808873720136519, 0.8795221843003413, 0.8880546075085324, 0.8805460750853242, 0.8781569965870307, 0.874061433447099, 0.8911262798634813, 0.8689419795221843, 0.878839590443686, 0.8696245733788396, 0.8918088737201365, 0.879863481228669, 0.8802047781569966, 0.875085324232082, 0.8907849829351536, 0.8761092150170648, 0.8795221843003413, 0.8730375426621161, 0.8901023890784983, 0.878839590443686, 0.8795221843003413, 0.8829351535836177, 0.8897610921501706, 0.8744027303754266, 0.8771331058020477, 0.8757679180887372, 0.8907849829351536, 0.8757679180887372, 0.884641638225256, 0.8737201365187713, 0.8870307167235495, 0.8737201365187713, 0.883617747440273, 0.8784982935153584, 0.889419795221843, 0.8771331058020477, 0.8825938566552901, 0.8757679180887372, 0.8904436860068259, 0.8795221843003413, 0.8819112627986349, 0.8802047781569966, 0.8897610921501706, 0.8815699658703071, 0.8853242320819112, 0.8744027303754266, 0.8887372013651877, 0.878839590443686, 0.879863481228669, 0.8767918088737201, 0.8921501706484641, 0.8720136518771331, 0.8822525597269625, 0.8795221843003413, 0.8911262798634813, 0.8767918088737201, 0.883617747440273, 0.8733788395904437],
 "TestAcc": 0.875085324232082}