{"Time": "0.0:4.0:50.22679138183594",
 "Epochs": 99,
 "TrainAcc": [0.10555555555555556, 0.30405405405405406, 0.2591240875912409, 0.490625, 0.6606606606606606, 0.7554179566563467, 0.821656050955414, 0.8651315789473685, 0.9393939393939394, 0.9501661129568106, 0.9688581314878892, 0.9578947368421052, 0.9738805970149254, 0.9874476987447699, 0.9866071428571429, 0.9872881355932204, 0.9858490566037735, 0.9863013698630136, 0.9839357429718876, 0.9888475836431226, 0.9916666666666667, 0.9857142857142858, 0.9954337899543378, 1.0, 0.9949748743718593, 1.0, 0.9954954954954955, 0.996, 0.9912663755458515, 0.9910714285714286, 0.9867256637168141, 0.9954545454545455, 0.9910313901345291, 0.9955156950672646, 0.9859154929577465, 0.9862385321100917, 0.9911504424778761, 0.9900990099009901, 0.9862385321100917, 0.9906976744186047, 0.9827586206896551, 0.9856459330143541, 0.9952830188679245, 0.9903381642512077, 0.9846153846153847, 0.9865470852017937, 0.9854368932038835, 0.9765258215962441, 0.9862385321100917, 0.9906976744186047, 0.9950738916256158, 0.995, 0.990990990990991, 0.9907834101382489, 0.9953917050691244, 0.9906103286384976, 0.9950980392156863, 0.9953703703703703, 0.9857142857142858, 0.9914529914529915, 0.9877551020408163, 0.9958333333333333, 0.9953271028037384, 0.9913793103448276, 0.9954128440366973, 0.9957446808510638, 0.978448275862069, 0.986046511627907, 0.9955357142857143, 0.9953917050691244, 0.9956331877729258, 0.9953488372093023, 0.9907407407407407, 0.9903846153846154, 0.9868421052631579, 0.973568281938326, 0.9908256880733946, 0.9826839826839827, 0.9907834101382489, 0.9906976744186047, 0.9813953488372092, 0.9864253393665159, 0.9957081545064378, 0.995260663507109, 1.0, 1.0, 0.9771689497716894, 0.9901477832512315, 0.9903846153846154, 0.995475113122172, 0.9862385321100917, 0.9914163090128756, 0.9954954954954955, 0.9907407407407407, 1.0, 0.9910313901345291, 0.9861751152073732, 0.9954337899543378, 0.9904306220095693],
 "ValidAcc": [0.10833333333333334, 0.058823529411764705, 0.11688311688311688, 0.16091954022988506, 0.16666666666666666, 0.21839080459770116, 0.3026315789473684, 0.30666666666666664, 0.36231884057971014, 0.42857142857142855, 0.5, 0.5076923076923077, 0.453125, 0.46, 0.44, 0.4888888888888889, 0.4375, 0.5102040816326531, 0.54, 0.4642857142857143, 0.5094339622641509, 0.4230769230769231, 0.4418604651162791, 0.5283018867924528, 0.4909090909090909, 0.44, 0.6153846153846154, 0.5932203389830508, 0.5, 0.5, 0.5555555555555556, 0.49056603773584906, 0.5384615384615384, 0.5769230769230769, 0.52, 0.5517241379310345, 0.6153846153846154, 0.5, 0.5111111111111111, 0.5555555555555556, 0.54, 0.5471698113207547, 0.5098039215686274, 0.5, 0.509090909090909, 0.5, 0.5217391304347826, 0.5098039215686274, 0.5813953488372093, 0.4339622641509434, 0.5740740740740741, 0.5833333333333334, 0.5370370370370371, 0.48936170212765956, 0.5294117647058824, 0.5714285714285714, 0.5306122448979592, 0.5849056603773585, 0.6170212765957447, 0.5636363636363636, 0.5714285714285714, 0.5416666666666666, 0.5510204081632653, 0.5625, 0.5306122448979592, 0.4807692307692308, 0.5416666666666666, 0.45454545454545453, 0.42, 0.47058823529411764, 0.5384615384615384, 0.5, 0.4489795918367347, 0.5454545454545454, 0.5636363636363636, 0.5306122448979592, 0.5306122448979592, 0.5098039215686274, 0.46808510638297873, 0.46296296296296297, 0.5, 0.5192307692307693, 0.5208333333333334, 0.5, 0.52, 0.4888888888888889, 0.4489795918367347, 0.52, 0.52, 0.5384615384615384, 0.5098039215686274, 0.4727272727272727, 0.52, 0.5, 0.49019607843137253, 0.48214285714285715, 0.46, 0.58, 0.46938775510204084],
 "TestAcc": 0.40816326530612246,
 "Test_Pred": [3, 24, 4, 10, 27, 4, 10, 15, 10, 11, 2, 0, 17, 14, 3, 29, 3, 3, 14, 8, 24, 28, 17, 27, 20, 4, 7, 7, 2, 13, 27, 0, 15, 17, 9, 9, 17, 1, 0, 15, 16, 11, 16, 12, 3, 27, 29, 16, 24],
 "Test_Target": [3, 3, 4, 12, 22, 4, 10, 15, 12, 12, 1, 0, 17, 24, 3, 20, 13, 6, 24, 8, 6, 28, 18, 26, 15, 4, 7, 7, 12, 13, 23, 2, 20, 5, 26, 9, 17, 2, 0, 19, 16, 11, 16, 9, 6, 22, 5, 2, 11],
 "Test_fnames": ["./data/2009/Ciliate_mix/IFCB1_2009_122_163134_00049.png", "./data/2009/Ciliate_mix/IFCB1_2009_362_032219_00760.png", "./data/2006/bad/IFCB1_2006_158_182925_05361.png", "./data/2009/Asterionellopsis/IFCB1_2009_022_005008_01034.png", "./data/2009/Thalassiosira_dirty/IFCB1_2009_022_002654_01575.png", "./data/2009/Chaetoceros/IFCB1_2009_211_153356_00989.png", "./data/2012/Heterocapsa_triquetra/IFCB1_2012_151_154317_01071.png", "./data/2007/Corethron/IFCB1_2007_024_213700_02102.png", "./data/2013/Dictyocha/IFCB1_2013_001_081645_01276.png", "./data/2011/Pleurosigma/IFCB5_2011_316_191740_06940.png", "./data/2012/Guinardia_flaccida/IFCB5_2012_052_021037_00483.png", "./data/2008/Guinardia_striata/IFCB1_2008_349_174035_01765.png", "./data/2011/Thalassiosira_dirty/IFCB5_2011_326_170712_00466.png", "./data/2012/dino30/IFCB5_2012_066_192107_02606.png", "./data/2013/Thalassiosira/IFCB1_2013_011_180852_00186.png", "./data/2011/Corethron/IFCB5_2011_015_194623_00800.png", "./data/2011/Dictyocha/IFCB5_2011_001_171342_02564.png", "./data/2007/Guinardia_delicatula/IFCB1_2007_017_005201_01182.png", "./data/2011/Leptocylindrus/IFCB5_2011_326_175336_07800.png", "./data/2011/Dictyocha/IFCB5_2011_326_194937_07186.png", "./data/2009/Guinardia_striata/IFCB1_2009_228_002831_01828.png", "./data/2014/Guinardia_striata/IFCB5_2014_259_122510_03663.png", "./data/2010/Chaetoceros/IFCB5_2010_249_012602_07456.png", "./data/2008/Asterionellopsis/IFCB1_2008_001_004404_00949.png", "./data/2006/Eucampia/IFCB1_2006_309_003838_00379.png", "./data/2014/Leptocylindrus/IFCB1_2014_188_222013_00723.png", "./data/2009/Guinardia_delicatula/IFCB1_2009_067_004943_01445.png", "./data/2009/Pleurosigma/IFCB1_2009_188_002300_05109.png", "./data/2014/Chaetoceros/IFCB5_2014_259_120213_03884.png", "./data/2011/Tintinnid/IFCB5_2011_330_195348_04700.png", "./data/2012/Guinardia_delicatula/IFCB5_2012_052_025703_02174.png", "./data/2007/Pleurosigma/IFCB1_2007_027_000718_01878.png", "./data/2008/Tintinnid/IFCB1_2008_363_094233_01359.png", "./data/2013/detritus/IFCB5_2013_167_152816_01460.png", "./data/2011/Dictyocha/IFCB5_2011_330_195348_03007.png", "./data/2008/Skeletonema/IFCB1_2008_318_192854_04387.png", "./data/2012/Heterocapsa_triquetra/IFCB1_2012_151_154317_01727.png", "./data/2012/Heterocapsa_triquetra/IFCB1_2012_151_154317_00278.png", "./data/2009/Ditylum/IFCB1_2009_022_222419_00529.png", "./data/2010/Cylindrotheca/IFCB1_2010_132_164328_00157.png", "./data/2012/Ciliate_mix/IFCB1_2012_258_181419_00642.png", "./data/2013/Leptocylindrus/IFCB5_2013_325_230315_01674.png", "./data/2014/Cylindrotheca/IFCB5_2014_057_184322_02897.png", "./data/2008/Skeletonema/IFCB1_2008_248_004347_03143.png", "./data/2012/Skeletonema/IFCB1_2012_292_093250_00459.png", "./data/2009/Ditylum/IFCB1_2009_030_163951_01656.png", "./data/2013/dino30/IFCB5_2013_184_211057_03219.png", "./data/2013/Heterocapsa_triquetra/IFCB5_2013_235_182200_00205.png", "./data/2009/Dictyocha/IFCB1_2009_022_005008_00858.png", "./data/2007/Corethron/IFCB1_2007_360_184927_01753.png", "./data/2012/pennate/IFCB1_2012_282_205545_00603.png", "./data/2011/Tintinnid/IFCB5_2011_001_173655_02936.png", "./data/2010/Ditylum/IFCB1_2010_001_164439_02967.png", "./data/2012/Chaetoceros/IFCB1_2012_273_035637_00160.png", "./data/2009/Dictyocha/IFCB1_2009_309_180858_08979.png", "./data/2013/flagellate_sp3/IFCB5_2013_213_162635_05973.png", "./data/2013/Thalassiosira/IFCB1_2013_302_170210_04227.png", "./data/2011/Prorocentrum/IFCB1_2011_240_193426_01877.png", "./data/2011/bad/IFCB5_2011_304_190824_07867.png", "./data/2009/Laboea_strobila/IFCB1_2009_122_130238_00602.png", "./data/2012/detritus/IFCB5_2012_192_171632_06015.png", "./data/2014/Guinardia_striata/IFCB5_2014_259_120213_01298.png", "./data/2007/Leptocylindrus/IFCB1_2007_089_004753_02419.png", "./data/2009/Corethron/IFCB1_2009_300_194929_02076.png", "./data/2008/Dinobryon/IFCB1_2008_114_173253_00838.png", "./data/2007/Guinardia_flaccida/IFCB1_2007_105_162725_00465.png", 