{"Time": "0.0:1.0:46.619240522384644",
 "Epochs": 51,
 "TrainAcc": [2552729.0, 2551089.0, 2549220.25, 2546691.5, 2543224.5, 2538102.25, 2530710.0, 2520459.25, 2510190.25, 2503296.5, 2488787.5, 2477740.25, 2468292.0, 2458819.25, 2451636.25, 2445279.5, 2438154.0, 2432054.0, 2426896.0, 2421234.25, 2416470.5, 2411102.25, 2405336.0, 2400235.5, 2393496.0, 2387329.75, 2380136.0, 2374720.25, 2369580.75, 2365835.5, 2364583.0, 2365377.75, 2367540.0, 2371909.25, 2377529.75, 2383833.0, 2389319.25, 2395679.5, 2401312.0, 2406078.25, 2411097.5, 2415448.5, 2419812.0, 2423525.25, 2426435.5, 2429621.5, 2432787.75, 2435462.0, 2437982.25, 2440341.5, 2441909.25],
 "ValidAcc": [317286.75, 317020.90625, 316716.40625, 316299.6875, 315733.09375, 314911.03125, 313636.0625, 311806.125, 309351.59375, 307252.46875, 305223.84375, 303574.1875, 301969.78125, 299907.75, 298019.5, 296651.9375, 295842.09375, 295406.34375, 294817.21875, 293584.875, 292400.03125, 291710.9375, 291452.03125, 291078.65625, 289871.1875, 288857.9375, 288381.3125, 287921.78125, 286799.0, 286636.84375, 286309.71875, 286403.15625, 286742.5625, 287415.96875, 288313.03125, 289304.96875, 290218.09375, 291208.46875, 292181.96875, 293038.96875, 293851.0625, 294578.625, 295290.28125, 296026.03125, 296520.8125, 296990.84375, 297690.1875, 298066.125, 298564.65625, 298908.15625, 299301.0625],
 "TestAcc": 304792.78125}