{"Time": "0.0:0.0:52.572041511535645",
 "Epochs": 25,
 "TrainAcc": [2565330.5, 2561809.75, 2556703.25, 2548343.75, 2535857.0, 2573277.75, 2578039.75, 2586162.75, 2595818.5, 2603984.0, 2609043.25, 2614140.25, 2620601.0, 2618346.5, 2619254.25, 2620957.25, 2620886.25, 2627944.75, 2622857.75, 2631023.0, 2635211.25, 2627150.0, 2632584.0, 2631309.75, 2628761.5],
 "ValidAcc": [319332.28125, 318811.5, 317911.21875, 316514.03125, 314111.78125, 317251.46875, 318717.21875, 318322.625, 319020.78125, 321697.0, 322412.0625, 321876.625, 324453.375, 322657.3125, 321883.125, 323975.8125, 322746.09375, 322674.40625, 320595.96875, 322788.75, 323232.25, 326109.75, 324612.0625, 325529.78125, 323412.4375],
 "TestAcc": 327180.9375}