{"Time": "0.0:44.0:3.884244441986084",
 "Epochs": 109,
 "TrainAcc": [18.241785049438477, 18.225244522094727, 18.192224502563477, 18.17905616760254, 18.177791595458984, 18.174516677856445, 18.173267364501953, 18.172374725341797, 18.172231674194336, 18.17148208618164, 18.170276641845703, 18.167566299438477, 18.167301177978516, 18.164621353149414, 18.16336441040039, 18.163047790527344, 18.162811279296875, 18.162446975708008, 18.162147521972656, 18.161813735961914, 18.16171646118164, 18.1611328125, 18.16067123413086, 18.160232543945312, 18.16023826599121, 18.15953826904297, 18.159088134765625, 18.158466339111328, 18.158395767211914, 18.158161163330078, 18.15775489807129, 18.157573699951172, 18.158018112182617, 18.157512664794922, 18.156991958618164, 18.156848907470703, 18.15713882446289, 18.156476974487305, 18.1562557220459, 18.156038284301758, 18.156047821044922, 18.155858993530273, 18.155689239501953, 18.155513763427734, 18.155658721923828, 18.155298233032227, 18.15513038635254, 18.154979705810547, 18.15501594543457, 18.155057907104492, 18.154891967773438, 18.15462875366211, 18.1546688079834, 18.15450668334961, 18.154407501220703, 18.15424156188965, 18.154422760009766, 18.15407943725586, 18.153968811035156, 18.154212951660156, 18.15471076965332, 18.15398597717285, 18.153766632080078, 18.153745651245117, 18.153804779052734, 18.153581619262695, 18.153499603271484, 18.153406143188477, 18.1534423828125, 18.153310775756836, 18.15329360961914, 18.153242111206055, 18.153398513793945, 18.153127670288086, 18.152942657470703, 18.15287208557129, 18.152854919433594, 18.15283203125, 18.152782440185547, 18.152708053588867, 18.152929306030273, 18.152772903442383, 18.152555465698242, 18.152490615844727, 18.15251922607422, 18.15243911743164, 18.1525821685791, 18.152301788330078, 18.152345657348633, 18.152250289916992, 18.152307510375977, 18.152135848999023, 18.152212142944336, 18.15208625793457, 18.152042388916016, 18.151996612548828, 18.15204620361328, 18.151920318603516, 18.151960372924805, 18.15186309814453, 18.151866912841797, 18.151771545410156, 18.15172576904297, 18.151695251464844, 18.151803970336914, 18.152420043945312, 18.152137756347656, 18.151681900024414, 18.152177810668945, 18.151887893676758, 18.151630401611328, 18.151622772216797, 18.151634216308594, 18.151540756225586, 18.15151023864746, 18.151437759399414, 18.15143585205078, 18.151411056518555, 18.151391983032227, 18.15135955810547, 18.151411056518555, 18.151294708251953, 18.151426315307617, 18.151229858398438, 18.151290893554688, 18.151180267333984, 18.151161193847656, 18.151107788085938, 18.151111602783203, 18.151111602783203, 18.151121139526367, 18.151058197021484, 18.151155471801758, 18.150983810424805, 18.150972366333008, 18.15093421936035, 18.150978088378906, 18.150922775268555, 18.15097999572754, 18.150850296020508, 18.15089988708496, 18.15081024169922, 18.150760650634766, 18.150787353515625, 18.150955200195312, 18.150915145874023, 18.150707244873047, 18.150705337524414, 18.150772094726562, 18.15087127685547, 18.150941848754883, 18.150705337524414, 18.150712966918945, 18.15078353881836, 18.150779724121094, 18.15060806274414, 18.150602340698242, 18.150623321533203, 18.150615692138672, 18.1505184173584, 18.150541305541992, 18.15054702758789, 18.150531768798828, 18.150842666625977, 18.1506290435791, 18.150611877441406, 18.150537490844727, 18.150590896606445, 18.15091323852539, 18.15078353881836, 18.151060104370117, 18.15057945251465, 18.1506290435791, 18.150535583496094, 18.150644302368164, 18.150466918945312, 18.15057373046875, 18.150516510009766, 18.150461196899414, 18.150575637817383, 18.15089988708496, 18.15085220336914, 18.150447845458984, 18.150390625, 18.150365829467773, 18.15037727355957, 18.150291442871094, 18.150365829467773, 18.1502628326416, 18.150278091430664, 18.15023422241211, 18.150245666503906, 18.150253295898438, 18.15027618408203, 18.150251388549805, 18.150171279907227, 18.150236129760742, 18.150257110595703, 18.150190353393555, 18.150197982788086, 18.15019989013672, 18.150205612182617, 18.150203704833984, 18.15010643005371, 18.150127410888672, 18.150114059448242, 18.150087356567383, 18.150066375732422, 18.150094985961914, 18.150117874145508, 18.15023422241211, 18.150001525878906, 18.1500186920166, 18.150020599365234, 18.15005111694336, 18.14994239807129, 18.14996910095215, 18.149974822998047, 18.149972915649414, 18.14990234375, 18.14996337890625, 18.150104522705078, 18.149927139282227, 18.150020599365234, 18.150005340576172, 18.14995765686035, 18.149961471557617, 18.15001678466797, 18.15007781982422, 18.149940490722656, 18.150081634521484, 18.1501407623291, 18.14993667602539, 18.14995574951172, 18.150041580200195, 18.15001106262207, 18.150222778320312, 18.150287628173828, 18.15007209777832, 18.149919509887695, 18.14991569519043, 18.14995574951172, 18.14991569519043, 18.150005340576172, 18.149900436401367, 18.149925231933594, 18.150075912475586, 18.149993896484375, 18.149921417236328, 18.149959564208984, 18.149991989135742, 18.149993896484375, 18.149904251098633, 18.149930953979492, 18.14996337890625, 18.14996337890625, 18.149919509887695, 18.14996910095215, 18.150035858154297, 18.149961471557617, 18.149917602539062, 18.149986267089844, 18.150005340576172, 18.14992332458496, 18.149934768676758, 18.150022506713867, 18.150104522705078, 18.150020599365234, 18.149919509887695, 18.149934768676758, 18.149919509887695, 18.149932861328125, 18.149925231933594, 18.150022506713867, 18.14996337890625, 18.149871826171875, 18.14993667602539, 18.149938583374023, 18.150001525878906, 18.14996337890625, 18.14983558654785, 18.149921417236328, 18.150096893310547, 18.150070190429688, 18.15007209777832, 18.149921417236328, 18.149898529052734, 18.150012969970703, 18.149883270263672, 18.149887084960938, 18.149932861328125, 18.149869918823242, 18.14992332458496, 18.149887084960938, 18.14986228942871, 18.149877548217773, 18.14995765686035, 18.149887084960938, 18.14986228942871, 18.14990234375, 18.14996910095215, 18.149885177612305, 18.14986228942871, 18.149890899658203, 18.149972915649414, 18.14988136291504, 18.149871826171875, 18.149892807006836, 18.149972915649414, 18.149879455566406, 18.149873733520508, 18.149898529052734, 18.14998435974121, 18.14987564086914, 18.149898529052734, 18.14988136291504, 18.149982452392578, 18.149873733520508, 18.1498966217041, 18.149885177612305, 18.14997673034668, 18.149869918823242, 18.149892807006836, 18.14990234375, 18.149988174438477, 18.149871826171875, 18.149917602539062, 18.1498966217041, 18.14999771118164, 18.149873733520508, 18.149913787841797, 18.149877548217773, 18.149978637695312, 18.149873733520508, 18.149904251098633, 18.14989471435547, 18.149986267089844, 18.149873733520508, 18.149913787841797, 18.14989471435547, 18.149999618530273, 18.149883270263672, 18.149919509887695, 18.149869918823242, 18.14995574951172, 18.149873733520508, 18.14989471435547, 18.149904251098633, 18.149974822998047, 18.149873733520508, 18.149921417236328, 18.149917602539062, 18.15001106262207, 18.149892807006836, 18.149906158447266, 18.149871826171875, 18.14993667602539, 18.149871826171875, 18.149885177612305, 18.1499080657959, 18.149961471557617, 18.149869918823242, 18.1499080657959, 18.149934768676758, 18.150009155273438, 18.149885177612305, 18.149921417236328, 18.149871826171875, 18.14996337890625, 18.149871826171875, 18.1498966217041, 18.14990234375, 18.14997673034668, 18.149871826171875, 18.149913787841797, 18.149917602539062, 18.150012969970703, 18.14988899230957, 18.1499080657959, 18.149873733520508, 18.149940490722656, 18.149871826171875, 18.149885177612305, 18.149913787841797, 18.14996910095215, 18.149869918823242, 18.14991569519043, 18.14992904663086, 18.150014877319336, 18.149887084960938, 18.149906158447266, 18.149873733520508, 18.14993667602539, 18.149871826171875, 18.149873733520508, 18.149911880493164, 18.14995765686035, 18.149869918823242, 18.149898529052734, 18.149932861328125, 18.149999618530273, 18.14987564086914, 18.149919509887695, 18.14988136291504, 