{"Time": "0.0:3.0:17.146677255630493",
 "Epochs": 69,
 "TrainAcc": [0.19166666666666668, 0.4444444444444444, 0.3711340206185567, 0.6136363636363636, 0.6744186046511628, 0.7213114754098361, 0.6620689655172414, 0.7122302158273381, 0.7163120567375887, 0.7122302158273381, 0.7844827586206896, 0.8217054263565892, 0.9047619047619048, 0.9363057324840764, 0.9438202247191011, 0.941747572815534, 0.9488372093023256, 0.9642857142857143, 0.9778761061946902, 0.9722222222222222, 0.9755102040816327, 0.9818181818181818, 0.9835390946502057, 0.9866666666666667, 0.9870689655172413, 0.9787234042553191, 0.9813084112149533, 0.9883268482490273, 0.9831932773109243, 0.9935275080906149, 0.984313725490196, 0.9868421052631579, 0.9875518672199171, 0.9912280701754386, 0.9876543209876543, 0.987012987012987, 0.9877049180327869, 1.0, 0.9865470852017937, 0.9919028340080972, 0.991701244813278, 0.990990990990991, 0.9961089494163424, 0.9918032786885246, 0.9913419913419913, 0.9912280701754386, 0.9957983193277311, 0.9917695473251029, 1.0, 0.9957446808510638, 0.9956331877729258, 0.9957446808510638, 0.9959183673469387, 0.9921875, 0.9920948616600791, 0.9961240310077519, 0.9877551020408163, 0.9874476987447699, 0.9917695473251029, 0.9957627118644068, 0.9958847736625515, 0.9912663755458515, 0.9884169884169884, 0.9959514170040485, 0.9961089494163424, 0.9922480620155039, 0.9914529914529915, 0.9915254237288136, 0.9957983193277311],
 "ValidAcc": [0.041666666666666664, 0.0, 0.06818181818181818, 0.2222222222222222, 0.21951219512195122, 0.1864406779661017, 0.1724137931034483, 0.16666666666666666, 0.21311475409836064, 0.22950819672131148, 0.18518518518518517, 0.27692307692307694, 0.3181818181818182, 0.2833333333333333, 0.30434782608695654, 0.3424657534246575, 0.358974358974359, 0.36486486486486486, 0.4155844155844156, 0.4625, 0.4057971014492754, 0.4393939393939394, 0.3880597014925373, 0.42424242424242425, 0.40625, 0.417910447761194, 0.4, 0.4473684210526316, 0.5454545454545454, 0.4634146341463415, 0.4411764705882353, 0.5, 0.4507042253521127, 0.515625, 0.527027027027027, 0.45454545454545453, 0.5362318840579711, 0.5147058823529411, 0.4375, 0.43333333333333335, 0.5223880597014925, 0.5, 0.5, 0.5294117647058824, 0.4788732394366197, 0.4406779661016949, 0.5074626865671642, 0.42424242424242425, 0.5205479452054794, 0.4794520547945205, 0.421875, 0.4925373134328358, 0.4647887323943662, 0.47692307692307695, 0.43661971830985913, 0.527027027027027, 0.4393939393939394, 0.5230769230769231, 0.45588235294117646, 0.4868421052631579, 0.48484848484848486, 0.47619047619047616, 0.44594594594594594, 0.45588235294117646, 0.4666666666666667, 0.4857142857142857, 0.48333333333333334, 0.4375, 0.4647887323943662],
 "TestAcc": 0.45977011494252873,
 "Test_Pred": [3, 24, 23, 1, 13, 4, 0, 17, 11, 14, 8, 27, 3, 6, 10, 5, 14, 12, 2, 0, 8, 17, 3, 24, 10, 17, 28, 13, 13, 8, 29, 3, 15, 25, 29, 8, 27, 14, 14, 29, 14, 2, 29, 25, 14, 1, 17, 28, 4, 11, 20, 1, 27, 18, 18, 21, 27, 15, 20, 6, 18, 17, 23, 11, 17, 2, 3, 15, 24, 24, 27, 27, 1, 27, 23, 7, 15, 13, 1, 16, 10, 12, 21, 0, 16, 24, 15],
 "Test_Target": [3, 3, 23, 1, 13, 4, 6, 17, 11, 23, 27, 22, 4, 6, 10, 15, 6, 12, 1, 0, 9, 17, 1, 24, 10, 17, 26, 13, 13, 8, 5, 3, 15, 5, 20, 8, 27, 13, 6, 29, 24, 1, 18, 25, 14, 26, 12, 15, 4, 11, 20, 7, 1, 13, 18, 21, 23, 19, 2, 6, 18, 5, 26, 9, 17, 2, 0, 19, 23, 24, 18, 22, 24, 22, 23, 7, 5, 3, 1, 2, 18, 12, 21, 7, 2, 11, 29],
 "Test_fnames": ["./data/2009/Ciliate_mix/IFCB1_2009_122_163134_00049.png", "./data/2009/Ciliate_mix/IFCB1_2009_362_032219_00760.png", "./data/2006/bad/IFCB1_2006_158_182925_05361.png", "./data/2009/Asterionellopsis/IFCB1_2009_022_005008_01034.png", "./data/2009/Thalassiosira_dirty/IFCB1_2009_022_002654_01575.png", "./data/2009/Chaetoceros/IFCB1_2009_211_153356_00989.png", "./data/2012/Heterocapsa_triquetra/IFCB1_2012_151_154317_01071.png", "./data/2007/Corethron/IFCB1_2007_024_213700_02102.png", "./data/2013/Dictyocha/IFCB1_2013_001_081645_01276.png", "./data/2011/Pleurosigma/IFCB5_2011_316_191740_06940.png", "./data/2012/Guinardia_flaccida/IFCB5_2012_052_021037_00483.png", "./data/2008/Guinardia_striata/IFCB1_2008_349_174035_01765.png", "./data/2011/Thalassiosira_dirty/IFCB5_2011_326_170712_00466.png", "./data/2012/dino30/IFCB5_2012_066_192107_02606.png", "./data/2013/Thalassiosira/IFCB1_2013_011_180852_00186.png", "./data/2011/Corethron/IFCB5_2011_015_194623_00800.png", "./data/2011/Dictyocha/IFCB5_2011_001_171342_02564.png", "./data/2007/Guinardia_delicatula/IFCB1_2007_017_005201_01182.png", "./data/2011/Leptocylindrus/IFCB5_2011_326_175336_07800.png", "./data/2011/Dictyocha/IFCB5_2011_326_194937_07186.png", "./data/2009/Guinardia_striata/IFCB1_2009_228_002831_01828.png", "./data/2014/Guinardia_striata/IFCB5_2014_259_122510_03663.png", "./data/2010/Chaetoceros/IFCB5_2010_249_012602_07456.png", "./data/2008/Asterionellopsis/IFCB1_2008_001_004404_00949.png", "./data/2006/Eucampia/IFCB1_2006_309_003838_00379.png", "./data/2014/Leptocylindrus/IFCB1_2014_188_222013_00723.png", "./data/2009/Guinardia_delicatula/IFCB1_2009_067_004943_01445.png", "./data/2009/Pleurosigma/IFCB1_2009_188_002300_05109.png", "./data/2014/Chaetoceros/IFCB5_2014_259_120213_03884.png", "./data/2011/Tintinnid/IFCB5_2011_330_195348_04700.png", "./data/2012/Guinardia_delicatula/IFCB5_2012_052_025703_02174.png", "./data/2007/Pleurosigma/IFCB1_2007_027_000718_01878.png", "./data/2008/Tintinnid/IFCB1_2008_363_094233_01359.png", "./data/2013/detritus/IFCB5_2013_167_152816_01460.png", "./data/2011/Dictyocha/IFCB5_2011_330_195348_03007.png", "./data/2008/Skeletonema/IFCB1_2008_318_192854_04387.png", "./data/2012/Heterocapsa_triquetra/IFCB1_2012_151_154317_01727.png", "./data/2012/Heterocapsa_triquetra/IFCB1_2012_151_154317_00278.png", "./data/2009/Ditylum/IFCB1_2009_022_222419_00529.png", "./data/2010/Cylindrotheca/IFCB1_2010_132_164328_00157.png", "./data/2012/Ciliate_mix/IFCB1_2012_258_181419_00642.png", "./data/2013/Leptocylindrus/IFCB5_2013_325_230315_01674.png", "./data/2014/Cylindrotheca/IFCB5_2014_057_184322_02897.png", "./data/2008/Skeletonema/IFCB1_2008_248_004347_03143.png", "./data/2012/Skeletonema/IFCB1_2012_292_093250_00459.png", "./data/2009/Ditylum/IFCB1_2009_030_163951_01656.png", "./data/2013/dino30/IFCB5_2013_184_211057_03219.png", "./data/2013/Heterocapsa_triquetra/IFCB5_2013_235_182200_00205.png", "./data/2009/Dictyocha/IFCB1_2009_022_005008_00858.png", "./data/2007/Corethron/IFCB1_2007_360_184927_01753.png", "./data/2012/pennate/IFCB1_2012_282_205545_00603.png", "./data/2011/Tintinnid/IFCB5_2011_001_173655_02936.png", "./data/2010/Ditylum/IFCB1_2010_001_164439_02967.png", "./data/2012/Chaetoceros/IFCB1_2012_273_035637_00160.png", "./data/2009/Dictyocha/IFCB1_2009_309_180858_08979.png", "./data/2013/flagellate_sp3/IFCB5_2013_213_162635_05973.png", "./data/2013/Thalassiosira/IFCB1_2013_302_170210_04227.png", "./data/2011/Prorocentrum/IFCB1_2011_240_193426_01877.png", "./data/2011/bad/IFCB5_2011_304_190824_07867.png", "./data/2009/Laboea_strobila/IFCB1_2009_122_130238_00602.png", "./data/2012/detritus/IFCB5_2012_192_171632_06015.png", "./data/2014/Guinardia_striata/IFCB5_2014_259_120213_01298.png", "./data/2007/Leptocylindrus/IFCB1_2007_089_004753_02419.png", "./data/2009/Corethron/IFCB1_2009_300_194929_02076.png", "./data/2008/Dinobryon/IFCB1_2008_114_173253_00838.png", "./data/2007/Guinardia_flaccida/IFCB1_2007_105_162725_00465.png", "./data/2010/Skeletonema/IFCB5_2010_345_120048_05249.png", "./data/2009/Dinobryon/IFCB1_2009_292_003918_00066.png", "./data/2012/Chaetoceros/IFCB1_2012_311_162214_01291.png", "./data/2010/Cylindrotheca/IFCB1_2010_141_161721_07620.png", "./data/2009/Guinardia_striata/IFCB1_2009_228_005118_02548.png", "./data/2014/Heterocapsa_triquetra/IFCB5_2014_060_064942_01559.png", "./data/2009/Prorocentrum/IFCB1_2009_276_185819_01542.png", "./data/2007/Thalassionema/IFCB1_2007_305_161711_04513.png", "./data/2012/bad/IFCB1_2012_282_200950_00173.png", "./data/2007/Thalassionema/IFCB1_2007_001_164010_02274.png", 