{"Time": "1.0:46.0:40.097739934921265",
 "Epochs": 52,
 "TrainAcc": [0.13266583229036297, 0.42849015815223573, 0.6322676072363181, 0.7056547957674366, 0.7848446922289225, 0.7840482421208329, 0.809307088405962, 0.8370690636022301, 0.8173853680737285, 0.8485607008760951, 0.8470815792467857, 0.8593696666287405, 0.8573216520650814, 0.8729093184662646, 0.8928205711685061, 0.9005575150756627, 0.9024917510524519, 0.9085220161565594, 0.9135282739788372, 0.9086357947434293, 0.9161451814768461, 0.909432244851519, 0.9152349527818865, 0.9189896461485948, 0.9230856752759131, 0.9125042666970076, 0.9196723176698145, 0.9323017408123792, 0.9389008988508363, 0.9452724997155535, 0.9384457845033565, 0.9171691887586756, 0.90715667311412, 0.9294572761406303, 0.925475025600182, 0.9427693708044146, 0.9402662418932757, 0.9378768915690067, 0.9402662418932757, 0.9353737626578678, 0.9082944589828195, 0.9366253271134373, 0.9455000568892934, 0.9492547502560018, 0.941972920696325, 0.9313915121174196, 0.9390146774377062, 0.9276368187507111, 0.9328706337467289, 0.9501649789509614, 0.9398111275457959, 0.9135282739788372, 0.9257025827739219, 0.920923882125384, 0.9130731596313574, 0.9074980088747298, 0.951075207645921, 0.9485720787347821, 0.9394697917851861, 0.9426555922175447, 0.932529297986119, 0.9333257480942087, 0.9212652178859938, 0.9475480714529525, 0.9440209352599841, 0.9334395266810787, 0.925588804187052, 0.902264193878712, 0.9136420525657072, 0.9138696097394471, 0.9457276140630333, 0.9470929571054727, 0.9393560131983161, 0.9360564341790875, 0.9309363977699397, 0.9365115485265673, 0.9379906701558767, 0.9477756286266924, 0.9457276140630333, 0.9425418136306747, 0.9369666628740471, 0.9130731596313574, 0.9360564341790875, 0.9403800204801457, 0.9481169643873023, 0.9457276140630333, 0.93002616907498, 0.9041984298555011, 0.9120491523495278, 0.9269541472294914, 0.927864375924451, 0.9477756286266924, 0.9473205142792126, 0.9484583001479122, 0.9129593810444874, 0.923199453862783, 0.9270679258163613, 0.9166002958243259, 0.9469791785186028, 0.9376493343952668, 0.9285470474456707, 0.9378768915690067, 0.93013994766185, 0.9312777335305495, 0.9341221982022984, 0.9460689498236432, 0.9437933780862442, 0.9459551712367732, 0.944248492433724, 0.9228581181021732, 0.9282057116850608, 0.9173967459324155, 0.9453862783024235, 0.9480031858004324, 0.9426555922175447, 0.9387871202639663, 0.9228581181021732, 0.9285470474456707, 0.9363977699396974, 0.9458413926499033, 0.9494823074297417, 0.9392422346114462, 0.9358288770053476, 0.9403800204801457, 0.9345773125497782, 0.9411764705882353, 0.9457276140630333, 0.9366253271134373, 0.9386733416770964, 0.9250199112527022, 0.9329844123335989, 0.939583570372056, 0.9276368187507111, 0.9467516213448629, 0.9467516213448629, 0.9312777335305495, 0.9245647969052224, 0.9187620889748549, 0.9104562521333485, 0.8997610649675731, 0.9447036067812038, 0.9436795994993742, 0.9307088405961998, 0.941859142109455, 0.932643076572989, 0.9196723176698145, 0.9056775514848106, 0.9468653999317328, 0.9429969279781545, 0.9383320059164865, 0.9086357947434293, 0.90715667311412, 0.8995335077938332, 0.9236545682102628, 0.9467516213448629, 0.941859142109455, 0.9338946410285585, 0.9383320059164865, 0.946410285584253, 0.9343497553760383, 0.9450449425418136, 0.9470929571054727, 0.946410285584253, 0.9389008988508363, 0.9276368187507111, 0.9226305609284333, 0.8824667197633406, 0.8924792354078962, 0.9459551712367732, 0.9110251450676983, 0.904539765616111, 0.9110251450676983, 0.9024917510524519, 0.9159176243031062, 0.9074980088747298, 0.946410285584253, 0.9460689498236432, 0.9436795994993742, 0.9351462054841279, 0.9271817044032313, 0.9431107065650245, 0.9363977699396974, 0.9482307429741723, 0.948799635908522, 0.9398111275457959, 0.9359426555922176, 0.9406075776538856, 0.9484583001479122, 0.9450449425418136, 0.9478894072135624, 0.9473205142792126, 0.9513027648196609, 0.9486858573216521, 0.9389008988508363, 0.9305950620093298, 0.9342359767891683, 0.9462965069973831, 0.9457276140630333, 0.9356013198316077, 0.9335533052679486, 0.9428831493912846, 0.9369666628740471, 0.9266128114688815, 0.9469791785186028, 0.9414040277619752, 0.9474342928660826, 0.9439071566731141, 0.9393560131983161, 0.927750597337581, 0.9363977699396974, 0.9474342928660826, 0.9408351348276255, 0.9377631129821368, 0.9499374217772215, 0.932643076572989, 0.9285470474456707, 0.9310501763568096, 0.9470929571054727, 0.9389008988508363, 0.9253612470133121, 0.925475025600182, 0.9260439185345318, 0.9330981909204688, 0.9348048697235181, 0.9474342928660826, 0.9513027648196609, 0.9462965069973831, 0.9384457845033565, 0.9390146774377062, 0.9499374217772215, 0.9366253271134373, 0.9482307429741723, 0.9440209352599841, 0.9394697917851861, 0.9375355558083969, 0.9263852542951416, 0.9321879622255091, 0.9402662418932757, 0.946524064171123, 0.9450449425418136, 0.9282057116850608, 0.9429969279781545, 0.939583570372056, 0.9179656388667653, 0.9220616679940835, 0.9481169643873023, 0.948799635908522, 0.9359426555922176, 0.937307998634657, 0.9235407896233929, 0.9338946410285585, 0.9320741836386393, 0.9458413926499033, 0.9323017408123792, 0.9052224371373307, 0.9112527022414382, 0.9004437364887928, 0.8816702696552509, 0.8924792354078962, 0.9480031858004324, 0.941972920696325, 0.9283194902719308, 0.9379906701558767, 0.9295710547275002, 0.9387871202639663, 0.9401524633064058, 0.9486858573216521, 0.9518716577540107, 0.9445898281943338, 0.9412902491751053, 0.9362839913528274, 0.9450449425418136, 0.9417453635225851, 0.9476618500398225, 0.9491409716691319, 0.9498236431903516, 0.9425418136306747, 0.9399249061326659, 0.9474342928660826, 0.9469791785186028, 0.9478894072135624, 0.9417453635225851, 0.9336670838548186, 0.9416315849357151, 0.9334395266810787, 0.9360564341790875, 0.9250199112527022, 0.9481169643873023, 0.9427693708044146, 0.9366253271134373, 0.9440209352599841, 0.9424280350438048, 0.9410626920013654, 0.9384457845033565, 0.9480031858004324, 0.9481169643873023, 0.9320741836386393, 0.927864375924451, 0.9313915121174196, 0.9390146774377062, 0.9323017408123792, 0.9470929571054727, 0.9481169643873023, 0.9474342928660826, 0.9456138354761634, 0.9398111275457959, 0.9459551712367732, 0.9272954829901012, 0.9469791785186028, 0.9467516213448629, 0.9423142564569348, 0.9495960860166117, 0.9299123904881101, 0.9366253271134373, 0.909432244851519, 0.9493685288428718, 0.9408351348276255, 0.9295710547275002, 0.9197860962566845, 0.9125042666970076, 0.8781431334622823, 0.9100011377858687, 0.9473205142792126, 0.944134713846854, 0.9287746046194106, 0.9026055296393218, 0.9138696097394471, 0.9330981909204688, 0.9435658209125043, 0.9492547502560018, 0.9468653999317328, 0.937307998634657, 0.9425418136306747, 0.9286608260325406, 0.9288883832062805, 0.9354875412447378, 0.9460689498236432, 0.9439071566731141, 0.927864375924451, 0.9329844123335989, 0.9067015587666402, 0.9122767095232677, 0.9258163613607919, 0.9476618500398225, 0.9449311639549437, 0.9425418136306747, 0.9381044487427466, 0.9274092615769712, 0.925475025600182, 0.9294572761406303, 0.9462965069973831, 0.9476618500398225, 0.9404937990670156, 0.9361702127659575, 0.9295710547275002, 0.9290021617931505, 0.9340084196154284, 0.9460689498236432, 0.9426555922175447, 0.932415519399249, 0.9285470474456707, 0.9112527022414382, 0.9261576971214017, 0.9229718966890431],