{"Epochs": 30, "TrainAcc": [0.09575592810753662, 0.5002265518803806, 0.6582842470925842, 0.7320394703720485, 0.8227860846800584, 0.856617832150229, 0.8706388763026733, 0.8911544076926949, 0.9039923475809294, 0.9072899360620249, 0.904093037305543, 0.9122237325680914, 0.9231989125509742, 0.9270251220862911, 0.9296178824950914, 0.9269244323616775, 0.9316065045562101, 0.9297940895131652, 0.9367165080803505, 0.9386044404168554, 0.9427075466948598, 0.937194784272265, 0.9406937522025878, 0.9438906509590697, 0.9459799627448019, 0.9401651311483663, 0.9443185822886775, 0.9513416905804762, 0.9494789306751246, 0.946860997835171, 0.950636862508181, 0.951266173287016, 0.954085485576197, 0.9521723808085385, 0.9513920354427831, 0.9552182449781, 0.9552937622715602, 0.9552182449781, 0.9562754870865429, 0.9592961788249509, 0.9601520414841666, 0.9611589387303026, 0.9596234204299451, 0.9617379046468308, 0.962946181342194, 0.960554800382621, 0.9647585963852389, 0.9631727332225747, 0.96639480441021, 0.9650354931279262, 0.9664954941348235, 0.9670492876201984, 0.9668479081709711, 0.9708503247243618, 0.9711272214670493, 0.9688365302320898, 0.9709761868801289, 0.9704979106882142, 0.9717817046770377, 0.9704475658259075, 0.9674268740874994, 0.9696672204601521, 0.9707748074309017, 0.9672758395005789, 0.9687610129386296, 0.964708251522932, 0.9648341136786991, 0.9685092886270956, 0.9741479132054573, 0.9730906710970145, 0.9735941197200826, 0.9745506721039118, 0.9737451543070029, 0.9731158435281679, 0.9711020490358959, 0.9730906710970145, 0.9724361878870261, 0.9733423954085486, 0.9733675678397019, 0.9738961888939234, 0.9687106680763228, 0.9662437698232895, 0.9742737753612244, 0.975003775864673, 0.9755575693500478, 0.9799879172330463, 0.9771937773750189, 0.9781251573276947, 0.9795851583345919, 0.9811710214972562, 0.9801892966822736, 0.980466193424961, 0.9820017117253185, 0.9819010220007048, 0.9826813673664603, 0.9831848159895282, 0.9783768816392288, 0.9742234304989176, 0.9786286059507627, 0.9787544681065298, 0.9791068821426774, 0.9809444696168756, 0.9796606756280521, 0.981221366359563, 0.9817499874137844, 0.9830589538337613, 0.9818758495695514, 0.9850224034637265, 0.9825051603483864, 0.9841917132356643, 0.9840406786487439, 0.9836882646125963, 0.963072043497961, 0.9735186024266224, 0.975758948799275, 0.9767910184765645, 0.9805417107184212, 0.9817499874137844, 0.9843427478225847, 0.9844434375471983, 0.9850475758948799, 0.9839651613552837, 0.9851734380506469, 0.9825303327795398, 0.9851482656194935, 0.9852489553441072, 0.9851230931883401, 0.9871368876806121, 0.9855258520867946, 0.985676886673715, 0.9867341287821578, 0.9869858530936918, 0.9852741277752606, 0.987313094698686, 0.9874893017167599, 0.9883955092382822, 0.9884206816694356, 0.987690681165987, 0.9858279212606353, 0.9876655087348336, 0.9876655087348336, 0.9860544731410159, 0.9856013693802548, 0.9849468861702664, 0.9867593012133112, 0.9857775763983285, 0.9867341287821578, 0.9879675779086744, 0.9880179227709812, 0.9869103358002316, 0.9850979207571867, 0.9873634395609928, 0.9848461964456527, 0.9864572320394703, 0.9853244726375673, 0.9885213713940493, 0.9850475758948799, 0.9872627498363792, 0.9874137844232996, 0.9888486129990435, 0.98630619745255, 0.9879675779086744, 0.9885213713940493, 0.9867593012133112, 0.9861048180033227, 0.9883955092382822, 0.9866334390575442, 0.9876655087348336, 0.9886220611186628, 0.9865830941952374, 0.9872124049740724, 0.9862055077279364, 0.9864824044706237, 0.9844182651160449, 0.98756481901022, 0.9857775763983285, 0.9855258520867946, 0.9814227458087902, 0.9834868851633691, 0.9826813673664603, 0.9816744701203243, 0.9846699894275789, 0.9855761969491014, 0.988445854100589, 0.985928610985249, 0.9862558525902432, 0.9868851633690782, 0.9844937824095051, 0.985299300206414, 0.9884710265317425, 0.9867593012133112, 0.9865830941952374, 0.9860293007098626, 0.9870865428183054, 0.987187232542919, 0.9884961989628959, 0.9872375774052258, 0.9858279212606353, 0.9878417157529075, 0.9860293007098626, 0.98630619745255, 0.9881689573579017, 0.9857775763983285, 0.9892261994663445, 0.9879927503398278, 0.9889241302925037, 0.99008206212556, 0.9901575794190203, 0.9853244726375673, 0.9871368876806121, 0.9885213713940493, 0.9895534410713387, 0.9903086140059407, 0.9883955092382822, 0.9903086140059407, 0.9902582691436339, 0.9906106831797815, 0.989704475658259, 0.9888486129990435, 0.9904344761617077, 0.9905351658863213, 0.9913406836832301, 0.9932286160197352, 0.9929265468458944, 0.9912399939586165, 0.9915924079947641, 0.9911393042340029, 0.9911644766651563, 0.9913406836832301, 0.9913406836832301, 0.9918441323062981, 0.9919448220309117, 0.9881186124955949, 0.9920958566178322, 0.9905099934551679, 0.9920455117555254, 0.9917182701505312, 0.9925993052409001, 0.9921713739112924, 0.9915168907013039, 0.9920455117555254, 0.9874137844232996, 0.9895030962090319, 0.9893520616221114, 0.9909882696470825, 0.9908624074913155, 0.9906358556109349, 0.9910386145093893, 0.9907868901978553, 0.9908372350601621, 0.9907113729043951, 0.9912399939586165, 0.9906106831797815, 0.9928510295524342, 0.9932286160197352, 0.9879675779086744, 0.9908875799224689, 0.987313094698686, 0.9883451643759754, 0.9860544731410159, 0.9874137844232996, 0.9895786135024921, 0.9912148215274631, 0.9911141318028496, 0.9925741328097467, 0.9914162009766904, 0.9923727533605196, 0.9922468912047525, 0.9915672355636107, 0.9922217187735991, 0.9901072345567135, 0.9917937874439914, 0.988697578412123, 0.9849468861702664, 0.9877661984594472, 0.988697578412123, 0.9912651663897699, 0.9894024064844182, 0.9906106831797815, 0.9900065448320999, 0.9904344761617077, 0.9893772340532648, 0.9895282686401853, 0.9906862004732417, 0.988697578412123, 0.9892010270351911, 0.9899058551074863, 0.9909379247847757, 0.9911393042340029, 0.9909882696470825, 0.9919196495997583, 0.9934551679001158, 0.9916427528570709, 0.9910889593716962, 0.9932034435885818, 0.9910637869405428, 0.9918189598751448, 0.9922720636359059, 0.9904344761617077, 0.9909127523536223, 0.9930524090016614, 0.9925741328097467, 0.9925741328097467, 0.9906610280420883, 0.9886472335498162, 0.9844686099783517, 0.9873886119921462, 0.9902330967124805, 0.9897548205205658, 0.9892261994663445, 0.9906106831797815, 0.9909127523536223, 0.9904344761617077, 0.9914162009766904, 0.9894275789155716, 0.9909630972159291, 0.9904848210240145, 0.9911393042340029, 0.9885213713940493, 0.9899561999697931, 0.9893520616221114, 0.988697578412123, 0.9891758546040377, 0.990384131299401, 0.9920958566178322, 0.9905855107486281, 0.9910637869405428, 0.9930524090016614, 0.992020339324372, 0.9917182701505312, 0.9911644766651563, 0.9924230982228264, 0.9903086140059407, 0.9922468912047525, 0.993278960882042, 0.9905603383174747, 0.9902582691436339, 0.9920706841866788, 0.9921965463424458, 0.9919951668932185, 0.9929517192770477, 0.993278960882042, 0.9927251673966672, 0.9919196495997583, 0.9911896490963097, 0.9918189598751448, 0.9938327543674168, 0.9936062024870362, 0.9928006846901274, 0.9923224084982127, 0.993908271660877, 0.9926748225343603, 0.9906106831797815, 0.9891506821728843, 0.9906610280420883, 0.9916175804259175, 0.991768615012838, 0.9916679252882243, 0.9931027538639682, 0.9940593062477974, 0.992901374414741, 0.9931782711574284, 0.9940844786789508, 0.9928762019835876, 0.9928258571212808, 0.9934551679001158, 0.9933293057443487, 0.9946130997331722, 0.99378240950511, 0.9886220611186628, 0.9914413734078438, 0.991391028545537, 0.9916679252882243, 0.9919699944620651, 0.9935055127624226, 0.9925741328097467, 0.993404823037809, 0.9943865478527916, 0.9920958566178322, 0.9946886170266325, 0.9937320646428032, 0.9932034435885818, 0.9947389618889393, 0.9934803403312692, 0.992020339324372, 0.9919448220309117, 0.9927503398278206, 0.994159995972411, 0.9948899964758596, 0.9923475809293661, 0.993027236570508, 0.9933796506066556, 0.9931279262951216, 0.9942103408347178, 0.9945124100085586, 0.9950662034939335, 0.9950913759250869, 0.9946130997331722, 0.9949906862004733, 0.9925489603785934, 0.9933544781755022, 