{"Time": "0.0:0.0:41.832167625427246",
 "Epochs": 21,
 "TrainAcc": [2889003.5, 2885439.75, 2879883.0, 2870481.25, 2856352.75, 2834997.0, 2804007.5, 2782327.75, 2743358.0, 2711371.5, 2678415.5, 2647184.75, 2620151.5, 2593166.0, 2567109.75, 2546169.5, 2527969.5, 2511210.25, 2498520.0, 2485840.0, 2473846.75],
 "ValidAcc": [368003.53125, 367467.8125, 366672.25, 365297.09375, 363267.75, 359944.21875, 355196.71875, 350434.46875, 345022.125, 340382.875, 335036.5625, 329458.3125, 324438.0, 320076.40625, 316516.5625, 313832.0, 311025.53125, 308025.1875, 305478.625, 303680.46875, 302558.65625],
 "TestAcc": 307983.625}