{"Time": "0.0:5.0:5.699713945388794",
 "Epochs": 104,
 "TrainAcc": [0.28888888888888886, 0.5876288659793815, 0.8061224489795918, 0.7875, 0.875, 0.9208333333333333, 0.9341085271317829, 0.9716312056737588, 0.9868852459016394, 0.9676375404530745, 0.9928571428571429, 0.9920634920634921, 0.9867549668874173, 0.9927536231884058, 1.0, 0.9920318725099602, 0.9957081545064378, 0.990228013029316, 0.9964539007092199, 0.996268656716418, 1.0, 0.9962962962962963, 1.0, 0.9928571428571429, 0.9961240310077519, 1.0, 0.9959016393442623, 1.0, 1.0, 0.9960159362549801, 0.9936507936507937, 0.9963369963369964, 0.9869565217391304, 1.0, 1.0, 1.0, 0.9965870307167235, 1.0, 1.0, 0.9967213114754099, 1.0, 1.0, 1.0, 1.0, 1.0, 1.0, 1.0, 1.0, 1.0, 1.0, 1.0, 1.0, 1.0, 1.0, 1.0, 1.0, 1.0, 1.0, 1.0, 1.0, 1.0, 1.0, 1.0, 1.0, 1.0, 1.0, 1.0, 1.0, 1.0, 1.0, 1.0, 1.0, 1.0, 1.0, 1.0, 1.0, 1.0, 1.0, 1.0, 1.0, 1.0, 1.0, 1.0, 1.0, 1.0, 1.0, 1.0, 1.0, 1.0, 1.0, 1.0, 1.0, 1.0, 1.0, 1.0, 1.0, 1.0, 1.0, 1.0, 1.0, 1.0, 1.0, 1.0, 1.0],
 "ValidAcc": [0.075, 0.18181818181818182, 0.1282051282051282, 0.21666666666666667, 0.3230769230769231, 0.3150684931506849, 0.34177215189873417, 0.38636363636363635, 0.4069767441860465, 0.3953488372093023, 0.40540540540540543, 0.49206349206349204, 0.4358974358974359, 0.4696969696969697, 0.45, 0.4067796610169492, 0.5172413793103449, 0.48, 0.515625, 0.5161290322580645, 0.5, 0.49206349206349204, 0.5076923076923077, 0.5, 0.5081967213114754, 0.47619047619047616, 0.5, 0.45, 0.4507042253521127, 0.5471698113207547, 0.48, 0.44642857142857145, 0.48148148148148145, 0.5283018867924528, 0.48, 0.5510204081632653, 0.5147058823529411, 0.5303030303030303, 0.5538461538461539, 0.5416666666666666, 0.5172413793103449, 0.5555555555555556, 0.5692307692307692, 0.5064935064935064, 0.5636363636363636, 0.6140350877192983, 0.6, 0.576271186440678, 0.5777777777777777, 0.6122448979591837, 0.5, 0.5454545454545454, 0.5490196078431373, 0.5625, 0.5098039215686274, 0.5476190476190477, 0.5957446808510638, 0.5370370370370371, 0.5833333333333334, 0.5581395348837209, 0.6595744680851063, 0.5178571428571429, 0.6595744680851063, 0.66, 0.6122448979591837, 0.6470588235294118, 0.5777777777777777, 0.6046511627906976, 0.5714285714285714, 0.5102040816326531, 0.5625, 0.64, 0.6415094339622641, 0.5961538461538461, 0.5909090909090909, 0.5957446808510638, 0.6086956521739131, 0.6521739130434783, 0.6, 0.5434782608695652, 0.6153846153846154, 0.5116279069767442, 0.5526315789473685, 0.5416666666666666, 0.5833333333333334, 0.6363636363636364, 0.6041666666666666, 0.6521739130434783, 0.5476190476190477, 0.5306122448979592, 0.5227272727272727, 0.5833333333333334, 0.5652173913043478, 0.4888888888888889, 0.5833333333333334, 0.5416666666666666, 0.5531914893617021, 0.5909090909090909, 0.5882352941176471, 0.58, 0.5869565217391305, 0.6511627906976745, 0.6136363636363636, 0.6037735849056604],
 "TestAcc": 0.5614035087719298,
 "Test_Pred": [18, 6, 0, 0, 11, 12, 3, 11, 10, 5, 12, 12, 1, 0, 17, 14, 13, 5, 3, 29, 20, 14, 4, 29, 24, 6, 28, 27, 17, 28, 28, 4, 7, 2, 18, 14, 15, 20, 18, 9, 17, 2, 1, 5, 24, 27, 11, 1, 12, 9, 6, 19, 29, 3, 21, 24, 19],
 "Test_Target": [3, 3, 0, 6, 11, 12, 22, 4, 10, 15, 12, 12, 1, 0, 17, 24, 13, 5, 3, 20, 20, 6, 4, 29, 24, 6, 28, 22, 18, 26, 15, 4, 7, 1, 18, 23, 19, 2, 18, 9, 17, 2, 0, 19, 24, 22, 11, 24, 12, 9, 6, 12, 5, 3, 21, 11, 29],
 "Test_fnames": ["./data/2009/Ciliate_mix/IFCB1_2009_122_163134_00049.png", "./data/2009/Ciliate_mix/IFCB1_2009_362_032219_00760.png", "./data/2006/bad/IFCB1_2006_158_182925_05361.png", "./data/2009/Asterionellopsis/IFCB1_2009_022_005008_01034.png", "./data/2009/Thalassiosira_dirty/IFCB1_2009_022_002654_01575.png", "./data/2009/Chaetoceros/IFCB1_2009_211_153356_00989.png", "./data/2012/Heterocapsa_triquetra/IFCB1_2012_151_154317_01071.png", "./data/2007/Corethron/IFCB1_2007_024_213700_02102.png", "./data/2013/Dictyocha/IFCB1_2013_001_081645_01276.png", "./data/2011/Pleurosigma/IFCB5_2011_316_191740_06940.png", "./data/2012/Guinardia_flaccida/IFCB5_2012_052_021037_00483.png", "./data/2008/Guinardia_striata/IFCB1_2008_349_174035_01765.png", "./data/2011/Thalassiosira_dirty/IFCB5_2011_326_170712_00466.png", "./data/2012/dino30/IFCB5_2012_066_192107_02606.png", "./data/2013/Thalassiosira/IFCB1_2013_011_180852_00186.png", "./data/2011/Corethron/IFCB5_2011_015_194623_00800.png", "./data/2011/Dictyocha/IFCB5_2011_001_171342_02564.png", "./data/2007/Guinardia_delicatula/IFCB1_2007_017_005201_01182.png", "./data/2011/Leptocylindrus/IFCB5_2011_326_175336_07800.png", "./data/2011/Dictyocha/IFCB5_2011_326_194937_07186.png", "./data/2009/Guinardia_striata/IFCB1_2009_228_002831_01828.png", "./data/2014/Guinardia_striata/IFCB5_2014_259_122510_03663.png", "./data/2010/Chaetoceros/IFCB5_2010_249_012602_07456.png", "./data/2008/Asterionellopsis/IFCB1_2008_001_004404_00949.png", "./data/2006/Eucampia/IFCB1_2006_309_003838_00379.png", "./data/2014/Leptocylindrus/IFCB1_2014_188_222013_00723.png", "./data/2009/Guinardia_delicatula/IFCB1_2009_067_004943_01445.png", "./data/2009/Pleurosigma/IFCB1_2009_188_002300_05109.png", "./data/2014/Chaetoceros/IFCB5_2014_259_120213_03884.png", "./data/2011/Tintinnid/IFCB5_2011_330_195348_04700.png", "./data/2012/Guinardia_delicatula/IFCB5_2012_052_025703_02174.png", "./data/2007/Pleurosigma/IFCB1_2007_027_000718_01878.png", "./data/2008/Tintinnid/IFCB1_2008_363_094233_01359.png", "./data/2013/detritus/IFCB5_2013_167_152816_01460.png", "./data/2011/Dictyocha/IFCB5_2011_330_195348_03007.png", "./data/2008/Skeletonema/IFCB1_2008_318_192854_04387.png", "./data/2012/Heterocapsa_triquetra/IFCB1_2012_151_154317_01727.png", "./data/2012/Heterocapsa_triquetra/IFCB1_2012_151_154317_00278.png", "./data/2009/Ditylum/IFCB1_2009_022_222419_00529.png", "./data/2010/Cylindrotheca/IFCB1_2010_132_164328_00157.png", "./data/2012/Ciliate_mix/IFCB1_2012_258_181419_00642.png", "./data/2013/Leptocylindrus/IFCB5_2013_325_230315_01674.png", "./data/2014/Cylindrotheca/IFCB5_2014_057_184322_02897.png", "./data/2008/Skeletonema/IFCB1_2008_248_004347_03143.png", "./data/2012/Skeletonema/IFCB1_2012_292_093250_00459.png", "./data/2009/Ditylum/IFCB1_2009_030_163951_01656.png", "./data/2013/dino30/IFCB5_2013_184_211057_03219.png", "./data/2013/Heterocapsa_triquetra/IFCB5_2013_235_182200_00205.png", "./data/2009/Dictyocha/IFCB1_2009_022_005008_00858.png", "./data/2007/Corethron/IFCB1_2007_360_184927_01753.png", "./data/2012/pennate/IFCB1_2012_282_205545_00603.png", "./data/2011/Tintinnid/IFCB5_2011_001_173655_02936.png", "./data/2010/Ditylum/IFCB1_2010_001_164439_02967.png", "./data/2012/Chaetoceros/IFCB1_2012_273_035637_00160.png", "./data/2009/Dictyocha/IFCB1_2009_309_180858_08979.png", "./data/2013/flagellate_sp3/IFCB5_2013_213_162635_05973.png", "./data/2013/Thalassiosira/IFCB1_2013_302_170210_04227.png", "./data/2011/Prorocentrum/IFCB1_2011_240_193426_01877.png", "./data/2011/bad/IFCB5_2011_304_190824_07867.png", "./data/2009/Laboea_strobila/IFCB1_2009_122_130238_00602.png", "./data/2012/detritus/IFCB5_2012_192_171632_06015.png", "./data/2014/Guinardia_striata/IFCB5_2014_259_120213_01298.png", "./data/2007/Leptocylindrus/IFCB1_2007_089_004753_02419.png", "./data/2009/Corethron/IFCB1_2009_300_194929_02076.png", "./data/2008/Dinobryon/IFCB1_2008_114_173253_00838.png", "./data/2007/Guinardia_flaccida/IFCB1_2007_105_162725_00465.png", "./data/2010/Skeletonema/IFCB5_2010_345_120048_05249.png", "./data/2009/Dinobryon/IFCB1_2009_292_003918_00066.png", "./data/2012/Chaetoceros/IFCB1_2012_311_162214_01291.png", "./data/2010/Cylindrotheca/IFCB1_2010_141_161721_07620.png", "./data/2009/Guinardia_striata/IFCB1_2009_228_005118_02548.png", "./data/2014/Heterocapsa_triquetra/IFCB5_2014_060_064942_01559.png", "./data/2009/Prorocentrum/IFCB1_2009_276_185819_01542.png", "./data/2007/Thalassionema/IFCB1_2007_305_161711_04513.png", "./data/2012/bad/IFCB1_2012_282_200950_00173.png", "./data/2007/Thalassionema/IFCB1_2007_001_164010_02274.png", "./data/2009/Thalassiosira_dirty/IFCB1_2009_276_122947_02879.png", 