{"Time": "0.0:5.0:10.787556648254395",
 "Epochs": 103,
 "TrainAcc": [0.03888888888888889, 0.04722222222222222, 0.05555555555555555, 0.06388888888888888, 0.07777777777777778, 0.06111111111111111, 0.08055555555555556, 0.08611111111111111, 0.058333333333333334, 0.1111111111111111, 0.14722222222222223, 0.12777777777777777, 0.125, 0.17777777777777778, 0.17777777777777778, 0.18055555555555555, 0.18611111111111112, 0.18611111111111112, 0.25, 0.25833333333333336, 0.22777777777777777, 0.21388888888888888, 0.22777777777777777, 0.23055555555555557, 0.24166666666666667, 0.25555555555555554, 0.24444444444444444, 0.24722222222222223, 0.225, 0.24722222222222223, 0.2638888888888889, 0.275, 0.21666666666666667, 0.3277777777777778, 0.325, 0.30833333333333335, 0.3416666666666667, 0.37777777777777777, 0.39444444444444443, 0.35, 0.39166666666666666, 0.3472222222222222, 0.37222222222222223, 0.4305555555555556, 0.425, 0.4222222222222222, 0.4666666666666667, 0.4222222222222222, 0.4722222222222222, 0.4777777777777778, 0.5, 0.5027777777777778, 0.49166666666666664, 0.5222222222222223, 0.575, 0.6083333333333333, 0.6583333333333333, 0.7027777777777777, 0.7222222222222222, 0.7166666666666667, 0.7722222222222223, 0.8166666666666667, 0.8166666666666667, 0.7805555555555556, 0.7777777777777778, 0.8027777777777778, 0.7944444444444444, 0.7972222222222223, 0.8166666666666667, 0.8222222222222222, 0.8361111111111111, 0.85, 0.8416666666666667, 0.8583333333333333, 0.8444444444444444, 0.8611111111111112, 0.8472222222222222, 0.8527777777777777, 0.8444444444444444, 0.8305555555555556, 0.8527777777777777, 0.85, 0.8444444444444444, 0.8472222222222222, 0.8666666666666667, 0.8638888888888889, 0.8666666666666667, 0.8694444444444445, 0.8722222222222222, 0.8611111111111112, 0.8555555555555555, 0.8916666666666667, 0.8583333333333333, 0.8555555555555555, 0.8777777777777778, 0.8527777777777777, 0.8666666666666667, 0.875, 0.8611111111111112, 0.875, 0.8694444444444445, 0.8722222222222222, 0.875],
 "ValidAcc": [0.016666666666666666, 0.016666666666666666, 0.016666666666666666, 0.041666666666666664, 0.008333333333333333, 0.041666666666666664, 0.041666666666666664, 0.03333333333333333, 0.06666666666666667, 0.075, 0.075, 0.058333333333333334, 0.09166666666666666, 0.09166666666666666, 0.08333333333333333, 0.058333333333333334, 0.075, 0.1, 0.09166666666666666, 0.09166666666666666, 0.09166666666666666, 0.1, 0.1, 0.08333333333333333, 0.08333333333333333, 0.06666666666666667, 0.08333333333333333, 0.075, 0.08333333333333333, 0.08333333333333333, 0.1, 0.08333333333333333, 0.11666666666666667, 0.1, 0.11666666666666667, 0.125, 0.11666666666666667, 0.125, 0.1, 0.125, 0.11666666666666667, 0.11666666666666667, 0.15833333333333333, 0.15, 0.11666666666666667, 0.14166666666666666, 0.13333333333333333, 0.14166666666666666, 0.175, 0.175, 0.14166666666666666, 0.15833333333333333, 0.19166666666666668, 0.20833333333333334, 0.2, 0.24166666666666667, 0.25, 0.26666666666666666, 0.26666666666666666, 0.3, 0.325, 0.3, 0.30833333333333335, 0.325, 0.3, 0.3, 0.31666666666666665, 0.325, 0.3333333333333333, 0.38333333333333336, 0.325, 0.36666666666666664, 0.35, 0.35833333333333334, 0.3416666666666667, 0.35, 0.375, 0.325, 0.3333333333333333, 0.31666666666666665, 0.35833333333333334, 0.36666666666666664, 0.4083333333333333, 0.36666666666666664, 0.325, 0.35, 0.36666666666666664, 0.375, 0.3416666666666667, 0.325, 0.35, 0.35, 0.35, 0.36666666666666664, 0.325, 0.3333333333333333, 0.3333333333333333, 0.3333333333333333, 0.35833333333333334, 0.3333333333333333, 0.4, 0.3416666666666667, 0.3416666666666667],
 "TestAcc": 0.325,
 "Test_Pred": [17, 14, 20, 14, 24, 25, 13, 4, 10, 29, 11, 11, 9, 4, 27, 4, 24, 11, 29, 6, 7, 9, 1, 0, 8, 15, 15, 17, 9, 24, 11, 17, 4, 14, 6, 15, 13, 3, 10, 29, 1, 15, 0, 15, 20, 4, 27, 24, 6, 4, 29, 14, 11, 2, 2, 28, 27, 17, 25, 14, 27, 15, 29, 4, 7, 11, 20, 7, 27, 0, 17, 17, 17, 17, 25, 14, 27, 15, 20, 15, 1, 0, 9, 9, 14, 5, 14, 9, 17, 2, 16, 19, 19, 14, 24, 27, 16, 27, 11, 17, 2, 1, 17, 8, 14, 15, 27, 14, 19, 29, 24, 1, 16, 19, 9, 11, 14, 4, 14, 15],
 "Test_Target": [3, 3, 25, 0, 23, 1, 13, 4, 6, 17, 11, 12, 23, 27, 22, 4, 6, 10, 15, 6, 12, 12, 1, 0, 9, 15, 10, 17, 1, 24, 10, 17, 24, 26, 6, 20, 13, 13, 8, 5, 3, 15, 5, 20, 20, 8, 27, 13, 6, 4, 29, 24, 8, 1, 6, 28, 22, 18, 25, 14, 26, 12, 15, 4, 7, 11, 20, 7, 1, 5, 12, 13, 18, 21, 25, 21, 23, 19, 2, 20, 2, 6, 18, 5, 26, 5, 14, 9, 17, 2, 16, 0, 19, 23, 24, 18, 16, 22, 11, 24, 16, 5, 12, 9, 6, 12, 22, 23, 7, 5, 3, 1, 2, 18, 12, 21, 7, 2, 11, 29],