{"Time": "0.0:2.0:41.39501953125",
 "Epochs": 54,
 "TrainAcc": [0.03888888888888889, 0.03611111111111111, 0.06666666666666667, 0.06666666666666667, 0.07222222222222222, 0.07222222222222222, 0.06944444444444445, 0.06111111111111111, 0.09166666666666666, 0.1111111111111111, 0.10555555555555556, 0.10555555555555556, 0.12222222222222222, 0.11944444444444445, 0.11388888888888889, 0.13333333333333333, 0.1361111111111111, 0.15, 0.15833333333333333, 0.23055555555555557, 0.17777777777777778, 0.21388888888888888, 0.19166666666666668, 0.2361111111111111, 0.22777777777777777, 0.25, 0.25833333333333336, 0.2611111111111111, 0.33055555555555555, 0.35, 0.3388888888888889, 0.4388888888888889, 0.4722222222222222, 0.5305555555555556, 0.5694444444444444, 0.5638888888888889, 0.5527777777777778, 0.575, 0.5861111111111111, 0.5777777777777777, 0.5916666666666667, 0.5916666666666667, 0.5916666666666667, 0.5833333333333334, 0.5777777777777777, 0.5555555555555556, 0.5833333333333334, 0.5972222222222222, 0.5972222222222222, 0.5972222222222222, 0.575, 0.5722222222222222, 0.5805555555555556, 0.6],
 "ValidAcc": [0.041666666666666664, 0.03333333333333333, 0.058333333333333334, 0.058333333333333334, 0.05, 0.041666666666666664, 0.058333333333333334, 0.058333333333333334, 0.06666666666666667, 0.08333333333333333, 0.03333333333333333, 0.075, 0.075, 0.05, 0.041666666666666664, 0.06666666666666667, 0.1, 0.11666666666666667, 0.10833333333333334, 0.1, 0.10833333333333334, 0.10833333333333334, 0.13333333333333333, 0.09166666666666666, 0.11666666666666667, 0.13333333333333333, 0.08333333333333333, 0.14166666666666666, 0.1, 0.15, 0.15833333333333333, 0.18333333333333332, 0.2, 0.2833333333333333, 0.25, 0.225, 0.21666666666666667, 0.24166666666666667, 0.24166666666666667, 0.23333333333333334, 0.20833333333333334, 0.25, 0.21666666666666667, 0.23333333333333334, 0.24166666666666667, 0.23333333333333334, 0.24166666666666667, 0.24166666666666667, 0.275, 0.26666666666666666, 0.24166666666666667, 0.2833333333333333, 0.225, 0.24166666666666667],
 "TestAcc": 0.19166666666666668,
 "Test_Pred": [3, 14, 25, 11, 24, 15, 13, 9, 11, 17, 11, 29, 17, 29, 17, 17, 24, 10, 15, 24, 29, 11, 8, 9, 11, 15, 9, 10, 11, 24, 11, 29, 4, 17, 11, 19, 27, 11, 11, 1, 11, 15, 5, 20, 20, 17, 10, 14, 14, 10, 29, 14, 11, 2, 11, 28, 27, 17, 25, 14, 9, 29, 29, 4, 2, 11, 8, 11, 20, 11, 15, 8, 17, 8, 27, 17, 14, 19, 8, 15, 1, 11, 18, 1, 11, 13, 17, 1, 17, 17, 10, 9, 4, 27, 8, 27, 19, 27, 10, 2, 2, 7, 14, 2, 6, 10, 27, 15, 14, 29, 14, 29, 19, 29, 17, 10, 0, 0, 17, 16],
 "Test_Target": [3, 3, 25, 0, 23, 1, 13, 4, 6, 17, 11, 12, 23, 27, 22, 4, 6, 10, 15, 6, 12, 12, 1, 0, 9, 15, 10, 17, 1, 24, 10, 17, 24, 26, 6, 20, 13, 13, 8, 5, 3, 15, 5, 20, 20, 8, 27, 13, 6, 4, 29, 24, 8, 1, 6, 28, 22, 18, 25, 14, 26, 12, 15, 4, 7, 11, 20, 7, 1, 5, 12, 13, 18, 21, 25, 21, 23, 19, 2, 20, 2, 6, 18, 5, 26, 5, 14, 9, 17, 2, 16, 0, 19, 23, 24, 18, 16, 22, 11, 24, 16, 5, 12, 9, 6, 12, 22, 23, 7, 5, 3, 1, 2, 18, 12, 21, 7, 2, 11, 29],
 "Test_fnames": ["./data/2009/Ciliate_mix/IFCB1_2009_122_163134_00049.png", "./data/2009/Ciliate_mix/IFCB1_2009_362_032219_00760.png", "./data/2006/bad/IFCB1_2006_158_182925_05361.png", "./data/2009/Asterionellopsis/IFCB1_2009_022_005008_01034.png", "./data/2009/Thalassiosira_dirty/IFCB1_2009_022_002654_01575.png", "./data/2009/Chaetoceros/IFCB1_2009_211_153356_00989.png", "./data/2012/Heterocapsa_triquetra/IFCB1_2012_151_154317_01071.png", "./data/2007/Corethron/IFCB1_2007_024_213700_02102.png", "./data/2013/Dictyocha/IFCB1_2013_001_081645_01276.png", "./data/2011/Pleurosigma/IFCB5_2011_316_191740_06940.png", "./data/2012/Guinardia_flaccida/IFCB5_2012_052_021037_00483.png", "./data/2008/Guinardia_striata/IFCB1_2008_349_174035_01765.png", "./data/2011/Thalassiosira_dirty/IFCB5_2011_326_170712_00466.png", "./data/2012/dino30/IFCB5_2012_066_192107_02606.png", "./data/2013/Thalassiosira/IFCB1_2013_011_180852_00186.png", "./data/2011/Corethron/IFCB5_2011_015_194623_00800.png", "./data/2011/Dictyocha/IFCB5_2011_001_171342_02564.png", "./data/2007/Guinardia_delicatula/IFCB1_2007_017_005201_01182.png", "./data/2011/Leptocylindrus/IFCB5_2011_326_175336_07800.png", "./data/2011/Dictyocha/IFCB5_2011_326_194937_07186.png", "./data/2009/Guinardia_striata/IFCB1_2009_228_002831_01828.png", "./data/2014/Guinardia_striata/IFCB5_2014_259_122510_03663.png", "./data/2010/Chaetoceros/IFCB5_2010_249_012602_07456.png", "./data/2008/Asterionellopsis/IFCB1_2008_001_004404_00949.png", "./data/2006/Eucampia/IFCB1_2006_309_003838_00379.png", "./data/2014/Leptocylindrus/IFCB1_2014_188_222013_00723.png", "./data/2009/Guinardia_delicatula/IFCB1_2009_067_004943_01445.png", "./data/2009/Pleurosigma/IFCB1_2009_188_002300_05109.png", "./data/2014/Chaetoceros/IFCB5_2014_259_120213_03884.png", "./data/2011/Tintinnid/IFCB5_2011_330_195348_04700.png", "./data/2012/Guinardia_delicatula/IFCB5_2012_052_025703_02174.png", "./data/2007/Pleurosigma/IFCB1_2007_027_000718_01878.png", "./data/2008/Tintinnid/IFCB1_2008_363_094233_01359.png", "./data/2013/detritus/IFCB5_2013_167_152816_01460.png", "./data/2011/Dictyocha/IFCB5_2011_330_195348_03007.png", "./data/2008/Skeletonema/IFCB1_2008_318_192854_04387.png", "./data/2012/Heterocapsa_triquetra/IFCB1_2012_151_154317_01727.png", "./data/2012/Heterocapsa_triquetra/IFCB1_2012_151_154317_00278.png", "./data/2009/Ditylum/IFCB1_2009_022_222419_00529.png", "./data/2010/Cylindrotheca/IFCB1_2010_132_164328_00157.png", "./data/2012/Ciliate_mix/IFCB1_2012_258_181419_00642.png", "./data/2013/Leptocylindrus/IFCB5_2013_325_230315_01674.png", "./data/2014/Cylindrotheca/IFCB5_2014_057_184322_02897.png", "./data/2008/Skeletonema/IFCB1_2008_248_004347_03143.png", "./data/2012/Skeletonema/IFCB1_2012_292_093250_00459.png", "./data/2009/Ditylum/IFCB1_2009_030_163951_01656.png", "./data/2013/dino30/IFCB5_2013_184_211057_03219.png", "./data/2013/Heterocapsa_triquetra/IFCB5_2013_235_182200_00205.png", "./data/2009/Dictyocha/IFCB1_2009_022_005008_00858.png", "./data/2007/Corethron/IFCB1_2007_360_184927_01753.png", "./data/2012/pennate/IFCB1_2012_282_205545_00603.png", "./data/2011/Tintinnid/IFCB5_2011_001_173655_02936.png", "./data/2010/Ditylum/IFCB1_2010_001_164439_02967.png", "./data/2012/Chaetoceros/IFCB1_2012_273_035637_00160.png", "./data/2009/Dictyocha/IFCB1_2009_309_180858_08979.png", "./data/2013/flagellate_sp3/IFCB5_2013_213_162635_05973.png", "./data/2013/Thalassiosira/IFCB1_2013_302_170210_04227.png", "./data/2011/Prorocentrum/IFCB1_2011_240_193426_01877.png", "./data/2011/bad/IFCB5_2011_304_190824_07867.png", "./data/2009/Laboea_strobila/IFCB1_2009_122_130238_00602.png", "./data/2012/detritus/IFCB5_2012_192_171632_06015.png", "./data/2014/Guinardia_striata/IFCB5_2014_259_120213_01298.png", "./data/2007/Leptocylindrus/IFCB1_2007_089_004753_02419.png", "./data/2009/Corethron/IFCB1_2009_300_194929_02076.png", "./data/2008/Dinobryon/IFCB1_2008_114_173253_00838.png", "./data/2007/Guinardia_flaccida/IFCB1_2007_105_162725_00465.png", "./data/2010/Skeletonema/IFCB5_2010_345_120048_05249.png", "./data/2009/Dinobryon/IFCB1_2009_292_003918_00066.png", "./data/2012/Chaetoceros/IFCB1_2012_311_162214_01291.png", "./data/2010/Cylindrotheca/IFCB1_2010_141_161721_07620.png", "./data/2009/Guinardia_striata/IFCB1_2009_228_005118_02548.png", "./data/2014/Heterocapsa_triquetra/IFCB5_2014_060_064942_01559.png", "./data/2009/Prorocentrum/IFCB1_2009_276_185819_01542.png", "./data/2007/Thalassionema/IFCB1_2007_305_161711_04513.png", "./data/2012/bad/IFCB1_2012_282_200950_00173.png", "./data/2007/Thalassionema/IFCB1_2007_001_164010_02274.png", "./data/2009/Thalassiosira_dirty/IFCB1_2009_276_122947_02879.png", "./data/2008/Pseudonitzschia/IFCB1_2008_237_195716_00590.png", "./data/2010/Chaetoceros_flagellate/IFCB5_2010_259_094055_00754.png", "./data/2013/Skeletonema/IFCB5_2013_153_131718_06513.png", "./data/2013/Chaetoceros_flagellate/IFCB5_2013_213_160322_01932.png", "./data/2009/Dictyocha/IFCB1_2009_300_164330_02917.png", 