{"Time": "0.0:9.0:28.773982048034668",
 "Epochs": 21,
 "TrainAcc": [107736.90625, 73464.59375, 45202.234375, 37914.65625, 37105.546875, 34151.75390625, 33683.62890625, 32234.4296875, 32520.12109375, 31598.455078125, 31060.1015625, 31109.2578125, 31726.5859375, 30581.15234375, 30164.388671875, 29753.267578125, 30457.990234375, 29015.943359375, 27767.755859375, 25702.0078125, 25882.119140625, 23991.54296875, 23066.33203125, 23104.580078125, 23330.2109375, 22701.97265625, 22414.939453125, 23206.634765625, 23121.599609375, 22567.6640625, 22529.30078125, 22683.5390625, 22766.029296875, 22587.98828125, 22308.71875, 22335.9296875, 22714.259765625, 22052.4609375, 21922.234375, 22147.251953125, 22094.072265625, 21938.359375, 21994.080078125, 22148.357421875, 22213.07421875, 22005.337890625, 21877.900390625, 22012.650390625, 22217.1796875, 21878.841796875, 21749.654296875, 21856.9140625, 22059.4140625, 21721.806640625, 21650.369140625, 21878.7890625, 21933.333984375, 21769.69140625, 21557.2734375, 21723.5546875, 21902.4921875, 21581.466796875, 21506.591796875, 21734.73046875, 21833.990234375, 21495.392578125, 21506.267578125, 21571.7578125, 21762.197265625, 21790.0, 21310.896484375, 21741.998046875, 21504.478515625, 21439.34375, 21371.46484375, 21675.263671875, 21624.736328125, 21562.763671875, 21208.044921875, 21499.373046875, 21453.6640625, 21249.0078125, 21242.888671875, 21631.466796875],
 "ValidAcc": [107575.3671875, 73564.8046875, 46052.26171875, 38833.12109375, 38207.96484375, 35249.29296875, 34819.44140625, 33431.84375, 33444.83984375, 32639.689453125, 32265.384765625, 32280.701171875, 32654.4453125, 31893.810546875, 31277.322265625, 30986.1796875, 31694.935546875, 30390.513671875, 28643.3828125, 26704.275390625, 27090.978515625, 24971.646484375, 24057.873046875, 24114.234375, 24343.462890625, 23738.833984375, 23444.96875, 24105.466796875, 24095.8203125, 23509.859375, 23563.115234375, 23627.361328125, 23698.7578125, 23507.271484375, 23385.40625, 23354.208984375, 23672.296875, 23112.681640625, 22849.7265625, 23064.634765625, 22988.515625, 22862.794921875, 22949.466796875, 23191.6953125, 23217.5, 22950.099609375, 22786.4375, 23009.193359375, 23221.955078125, 22843.5625, 22693.490234375, 22663.109375, 23111.158203125, 22621.740234375, 22625.623046875, 22766.3125, 22770.984375, 22818.962890625, 22568.330078125, 22693.109375, 23014.572265625, 22614.888671875, 22509.724609375, 22767.033203125, 22729.375, 22514.671875, 22481.849609375, 22573.013671875, 22741.146484375, 22798.4921875, 22333.626953125, 22730.767578125, 22357.345703125, 22660.732421875, 22419.359375, 22608.5, 22539.083984375, 22650.8671875, 22259.533203125, 22473.849609375, 22454.009765625, 22364.720703125, 22251.34375, 22619.208984375],
 "TestAcc": 23112.0390625}