{"Time": "1.0:27.0:28.506850481033325",
 "Epochs": 32,
 "TrainAcc": [0.09888888888888889, 0.4865, 0.6532222222222223, 0.7511111111111111, 0.8205555555555556, 0.8708888888888889, 0.8907222222222222, 0.9105, 0.9091666666666667, 0.9229444444444445, 0.929, 0.9335, 0.9421111111111111, 0.946, 0.9477777777777778, 0.9532222222222222, 0.9527222222222222, 0.9508333333333333, 0.9551111111111111, 0.9606666666666667, 0.9594444444444444, 0.9627777777777777, 0.9663333333333334, 0.9718333333333333, 0.97, 0.972, 0.9692222222222222, 0.9682222222222222, 0.9684444444444444, 0.9678333333333333, 0.9608333333333333, 0.964, 0.9720555555555556, 0.9686111111111111, 0.965, 0.9713888888888889, 0.9690555555555556, 0.9715, 0.9725, 0.9777777777777777, 0.973, 0.9661111111111111, 0.9655, 0.9655555555555555, 0.9641666666666666, 0.971, 0.9687222222222223, 0.9719444444444445, 0.9735, 0.9662222222222222, 0.9627777777777777, 0.9709444444444445, 0.9725, 0.9670555555555556, 0.9698888888888889, 0.9761111111111112, 0.9730555555555556, 0.9689444444444445, 0.9676111111111111, 0.9703333333333334, 0.9634444444444444, 0.9681111111111111, 0.9697222222222223, 0.9666666666666667, 0.9726111111111111, 0.9615555555555556, 0.9657777777777777, 0.9717777777777777, 0.9686111111111111, 0.9709444444444445, 0.9668888888888889, 0.9738888888888889, 0.9734444444444444, 0.9698888888888889, 0.9647777777777777, 0.9682222222222222, 0.9673333333333334, 0.9672222222222222, 0.9638333333333333, 0.9694444444444444, 0.9724444444444444, 0.9609444444444445, 0.9664444444444444, 0.9705555555555555, 0.9666666666666667, 0.9685, 0.9637777777777777, 0.9677222222222223, 0.9735555555555555, 0.9616666666666667, 0.9648333333333333, 0.9721111111111111, 0.9723333333333334, 0.9675555555555555, 0.9700555555555556, 0.9750555555555556, 0.9736666666666667, 0.9633888888888889, 0.97, 0.9715555555555555, 0.9652222222222222, 0.9718333333333333, 0.9676111111111111, 0.9738888888888889, 0.9725555555555555, 0.9651111111111111, 0.9655, 0.9702777777777778, 0.9645, 0.9676666666666667, 0.9626666666666667, 0.9763333333333334, 0.9723333333333334, 0.9648333333333333, 0.9653333333333334, 0.9721111111111111, 0.9691666666666666, 0.9677777777777777, 0.9642222222222222, 0.9698333333333333, 0.9718333333333333, 0.9624444444444444, 0.9667222222222223, 0.9717222222222223, 0.9675, 0.9687222222222223, 0.9644444444444444, 0.9725555555555555, 0.9725555555555555, 0.9655, 0.9676111111111111, 0.9733333333333334, 0.971, 0.969, 0.9701111111111111, 0.9744444444444444, 0.9717777777777777, 0.9607222222222223, 0.9658888888888889, 0.9676666666666667, 0.968, 0.9695555555555555, 0.9669444444444445, 0.9685555555555555, 0.9718888888888889, 0.9623333333333334, 0.9579444444444445, 0.9690555555555556, 0.9698888888888889, 0.9712777777777778, 0.9748888888888889, 0.9725555555555555, 0.9725555555555555, 0.9672777777777778, 0.9641666666666666, 0.9706666666666667, 0.9711111111111111, 0.9698888888888889, 0.9651666666666666, 0.9705555555555555, 0.9731666666666666, 0.9649444444444445, 0.9659444444444445, 0.9680555555555556, 0.9698333333333333, 0.9692777777777778, 0.9665555555555555, 0.9709444444444445, 0.9719444444444445, 0.9602777777777778, 0.9679444444444445, 0.9726666666666667, 0.9686666666666667, 0.9677777777777777, 0.9607777777777777, 0.967, 0.9727777777777777, 0.9647222222222223, 0.9637777777777777, 0.9679444444444445, 0.965, 0.9703333333333334, 0.9665555555555555, 0.9726111111111111, 0.9726111111111111, 0.9686111111111111, 0.9666666666666667, 0.973, 0.9688333333333333, 0.9691666666666666, 0.9664444444444444, 0.9716111111111111, 0.9727222222222223, 0.9617777777777777, 0.9613888888888888, 0.97, 0.9676111111111111, 0.9683333333333334, 0.9615555555555556, 0.9723333333333334, 0.9725, 0.9655, 0.966, 0.9720555555555556, 0.9641111111111111, 0.9702222222222222, 0.9718333333333333, 0.9768333333333333, 0.9723888888888889, 0.9637222222222223, 0.9672222222222222, 0.9732777777777778, 0.9672777777777778, 0.9728333333333333, 0.9681666666666666, 0.9772222222222222, 0.9726111111111111, 0.9641111111111111, 0.9591111111111111, 0.9675, 0.9690555555555556, 0.9670555555555556, 0.9707777777777777, 0.9739444444444444, 0.9724444444444444, 0.9693888888888889, 0.9687222222222223, 0.9705, 0.9696111111111111, 0.9736666666666667, 0.9677777777777777, 0.9677222222222223, 0.9719444444444445, 0.9631111111111111, 0.9636111111111111, 0.967, 0.9683333333333334, 0.9711666666666666, 0.9663888888888889, 0.9691666666666666, 0.9723333333333334, 0.965, 0.9651111111111111, 0.9642222222222222, 0.9662222222222222, 0.9704444444444444, 0.9641666666666666, 0.97, 0.9714444444444444, 0.9607222222222223, 0.9660555555555556, 0.9718333333333333, 0.9653888888888889, 0.9662777777777778, 0.9642777777777778, 0.969],