{"Epochs": 105, "TrainAcc": [0.0605, 0.14583333333333334, 0.18116666666666667, 0.21033333333333334, 0.23366666666666666, 0.25183333333333335, 0.25066666666666665, 0.266, 0.2743333333333333, 0.2755, 0.2828333333333333, 0.2961666666666667, 0.2951666666666667, 0.2986666666666667, 0.3015, 0.2961666666666667, 0.30766666666666664, 0.30983333333333335, 0.31266666666666665, 0.30833333333333335, 0.3165, 0.318, 0.31816666666666665, 0.31483333333333335, 0.32066666666666666, 0.31766666666666665, 0.3298333333333333, 0.31633333333333336, 0.32233333333333336, 0.32083333333333336, 0.3273333333333333, 0.3313333333333333, 0.31883333333333336, 0.32666666666666666, 0.33316666666666667, 0.3258333333333333, 0.3263333333333333, 0.3375, 0.3318333333333333, 0.32916666666666666, 0.3425, 0.3443333333333333, 0.3388333333333333, 0.332, 0.3258333333333333, 0.3323333333333333, 0.3323333333333333, 0.3413333333333333, 0.3443333333333333, 0.33416666666666667, 0.3425, 0.342, 0.334, 0.33766666666666667, 0.3408333333333333, 0.3388333333333333, 0.339, 0.3363333333333333, 0.3396666666666667, 0.3378333333333333, 0.349, 0.3388333333333333, 0.3413333333333333, 0.3435, 0.3453333333333333, 0.33666666666666667, 0.34883333333333333, 0.3458333333333333, 0.3415, 0.345, 0.3455, 0.3413333333333333, 0.3443333333333333, 0.353, 0.3421666666666667, 0.3496666666666667, 0.3511666666666667, 0.3446666666666667, 0.35783333333333334, 0.3556666666666667, 0.35233333333333333, 0.35233333333333333, 0.3486666666666667, 0.3418333333333333, 0.3413333333333333, 0.3425, 0.3476666666666667, 0.3476666666666667, 0.352, 0.3435, 0.3525, 0.3515, 0.3448333333333333, 0.35333333333333333, 0.35383333333333333, 0.34933333333333333, 0.3495, 0.3525, 0.35383333333333333, 0.35433333333333333, 0.35383333333333333, 0.351, 0.3491666666666667, 0.3495, 0.34883333333333333], "ValidAcc": [0.066, 0.1375, 0.182, 0.2095, 0.234, 0.2415, 0.261, 0.259, 0.268, 0.2755, 0.2805, 0.286, 0.2825, 0.296, 0.29, 0.3, 0.2965, 0.2885, 0.3225, 0.306, 0.3025, 0.3175, 0.3145, 0.3125, 0.306, 0.318, 0.313, 0.3155, 0.3295, 0.3175, 0.3225, 0.326, 0.317, 0.3095, 0.3305, 0.3215, 0.322, 0.318, 0.3295, 0.3165, 0.322, 0.3245, 0.3275, 0.33, 0.3295, 0.337, 0.329, 0.3265, 0.3235, 0.331, 0.3215, 0.3355, 0.335, 0.328, 0.337, 0.338, 0.3275, 0.333, 0.3315, 0.344, 0.3325, 0.3275, 0.336, 0.3305, 0.326, 0.343, 0.3355, 0.319, 0.3375, 0.338, 0.3455, 0.326, 0.335, 0.3365, 0.3325, 0.3345, 0.3385, 0.3285, 0.341, 0.329, 0.3335, 0.334, 0.3395, 0.339, 0.3475, 0.3315, 0.3295, 0.33, 0.3445, 0.34, 0.325, 0.3215, 0.347, 0.316, 0.339, 0.341, 0.3315, 0.3355, 0.3425, 0.34, 0.3395, 0.327, 0.3425, 0.329, 0.329], "TestAcc": 0.331}