{"Time": "0.0:3.0:18.645851135253906",
 "Epochs": 67,
 "TrainAcc": [0.044444444444444446, 0.06172839506172839, 0.08059701492537313, 0.11343283582089553, 0.11526479750778816, 0.13968253968253969, 0.16605166051660517, 0.1349206349206349, 0.17829457364341086, 0.1634980988593156, 0.1607843137254902, 0.15555555555555556, 0.15267175572519084, 0.14566929133858267, 0.16015625, 0.18181818181818182, 0.17434210526315788, 0.20677966101694914, 0.26158940397350994, 0.3111111111111111, 0.37542662116040953, 0.43728813559322033, 0.43373493975903615, 0.4610169491525424, 0.516245487364621, 0.48484848484848486, 0.5672268907563025, 0.5140562248995983, 0.48559670781893005, 0.532, 0.47107438016528924, 0.5063829787234042, 0.5258620689655172, 0.5318181818181819, 0.6089108910891089, 0.5506329113924051, 0.6157894736842106, 0.640625, 0.6755725190839694, 0.650375939849624, 0.652014652014652, 0.6741573033707865, 0.6324110671936759, 0.6806083650190115, 0.7163461538461539, 0.7136150234741784, 0.7393364928909952, 0.776824034334764, 0.7962962962962963, 0.8071748878923767, 0.8190045248868778, 0.7950819672131147, 0.7800829875518672, 0.7754237288135594, 0.7801724137931034, 0.7743362831858407, 0.7958333333333333, 0.774468085106383, 0.7813765182186235, 0.8122270742358079, 0.7892376681614349, 0.7966804979253111, 0.8059071729957806, 0.774468085106383, 0.7649572649572649, 0.7901785714285714, 0.8108108108108109],
 "ValidAcc": [0.008333333333333333, 0.010416666666666666, 0.011494252873563218, 0.04395604395604396, 0.07142857142857142, 0.05063291139240506, 0.06349206349206349, 0.07142857142857142, 0.07017543859649122, 0.038461538461538464, 0.0425531914893617, 0.017857142857142856, 0.04, 0.044444444444444446, 0.018518518518518517, 0.09433962264150944, 0.109375, 0.11594202898550725, 0.13333333333333333, 0.15873015873015872, 0.19298245614035087, 0.09259259259259259, 0.2, 0.25, 0.23529411764705882, 0.1875, 0.21951219512195122, 0.19148936170212766, 0.225, 0.23255813953488372, 0.1956521739130435, 0.18604651162790697, 0.18604651162790697, 0.3023255813953488, 0.2702702702702703, 0.2702702702702703, 0.3235294117647059, 0.2903225806451613, 0.2564102564102564, 0.24444444444444444, 0.3170731707317073, 0.175, 0.3333333333333333, 0.23809523809523808, 0.4117647058823529, 0.3333333333333333, 0.5142857142857142, 0.3684210526315789, 0.35135135135135137, 0.37142857142857144, 0.41935483870967744, 0.3225806451612903, 0.3103448275862069, 0.3225806451612903, 0.3235294117647059, 0.25, 0.3939393939393939, 0.3157894736842105, 0.3055555555555556, 0.2972972972972973, 0.35294117647058826, 0.34285714285714286, 0.34210526315789475, 0.23333333333333334, 0.3333333333333333, 0.34285714285714286, 0.30303030303030304],
 "TestAcc": 0.36,
 "Test_Pred": [14, 25, 18, 24, 10, 9, 8, 0, 14, 9, 28, 17, 4, 7, 7, 4, 13, 17, 11, 16, 11, 9, 16, 25, 11],
 "Test_Target": [3, 6, 22, 4, 10, 12, 1, 0, 24, 1, 28, 18, 4, 7, 7, 21, 23, 6, 2, 16, 11, 24, 16, 5, 9],
 "Test_fnames": ["./data/2009/Ciliate_mix/IFCB1_2009_122_163134_00049.png", "./data/2009/Ciliate_mix/IFCB1_2009_362_032219_00760.png", "./data/2006/bad/IFCB1_2006_158_182925_05361.png", "./data/2009/Asterionellopsis/IFCB1_2009_022_005008_01034.png", "./data/2009/Thalassiosira_dirty/IFCB1_2009_022_002654_01575.png", "./data/2009/Chaetoceros/IFCB1_2009_211_153356_00989.png", "./data/2012/Heterocapsa_triquetra/IFCB1_2012_151_154317_01071.png", "./data/2007/Corethron/IFCB1_2007_024_213700_02102.png", "./data/2013/Dictyocha/IFCB1_2013_001_081645_01276.png", "./data/2011/Pleurosigma/IFCB5_2011_316_191740_06940.png", "./data/2012/Guinardia_flaccida/IFCB5_2012_052_021037_00483.png", "./data/2008/Guinardia_striata/IFCB1_2008_349_174035_01765.png", "./data/2011/Thalassiosira_dirty/IFCB5_2011_326_170712_00466.png", "./data/2012/dino30/IFCB5_2012_066_192107_02606.png", "./data/2013/Thalassiosira/IFCB1_2013_011_180852_00186.png", "./data/2011/Corethron/IFCB5_2011_015_194623_00800.png", "./data/2011/Dictyocha/IFCB5_2011_001_171342_02564.png", "./data/2007/Guinardia_delicatula/IFCB1_2007_017_005201_01182.png", "./data/2011/Leptocylindrus/IFCB5_2011_326_175336_07800.png", "./data/2011/Dictyocha/IFCB5_2011_326_194937_07186.png", "./data/2009/Guinardia_striata/IFCB1_2009_228_002831_01828.png", "./data/2014/Guinardia_striata/IFCB5_2014_259_122510_03663.png", "./data/2010/Chaetoceros/IFCB5_2010_249_012602_07456.png", "./data/2008/Asterionellopsis/IFCB1_2008_001_004404_00949.png", "./data/2006/Eucampia/IFCB1_2006_309_003838_00379.png", "./data/2014/Leptocylindrus/IFCB1_2014_188_222013_00723.png", "./data/2009/Guinardia_delicatula/IFCB1_2009_067_004943_01445.png", "./data/2009/Pleurosigma/IFCB1_2009_188_002300_05109.png", "./data/2014/Chaetoceros/IFCB5_2014_259_120213_03884.png", "./data/2011/Tintinnid/IFCB5_2011_330_195348_04700.png", "./data/2012/Guinardia_delicatula/IFCB5_2012_052_025703_02174.png", "./data/2007/Pleurosigma/IFCB1_2007_027_000718_01878.png", "./data/2008/Tintinnid/IFCB1_2008_363_094233_01359.png", "./data/2013/detritus/IFCB5_2013_167_152816_01460.png", "./data/2011/Dictyocha/IFCB5_2011_330_195348_03007.png", "./data/2008/Skeletonema/IFCB1_2008_318_192854_04387.png", "./data/2012/Heterocapsa_triquetra/IFCB1_2012_151_154317_01727.png", "./data/2012/Heterocapsa_triquetra/IFCB1_2012_151_154317_00278.png", "./data/2009/Ditylum/IFCB1_2009_022_222419_00529.png", "./data/2010/Cylindrotheca/IFCB1_2010_132_164328_00157.png", "./data/2012/Ciliate_mix/IFCB1_2012_258_181419_00642.png", "./data/2013/Leptocylindrus/IFCB5_2013_325_230315_01674.png", "./data/2014/Cylindrotheca/IFCB5_2014_057_184322_02897.png", "./data/2008/Skeletonema/IFCB1_2008_248_004347_03143.png", "./data/2012/Skeletonema/IFCB1_2012_292_093250_00459.png", "./data/2009/Ditylum/IFCB1_2009_030_163951_01656.png", "./data/2013/dino30/IFCB5_2013_184_211057_03219.png", "./data/2013/Heterocapsa_triquetra/IFCB5_2013_235_182200_00205.png", "./data/2009/Dictyocha/IFCB1_2009_022_005008_00858.png", "./data/2007/Corethron/IFCB1_2007_360_184927_01753.png", "./data/2012/pennate/IFCB1_2012_282_205545_00603.png", "./data/2011/Tintinnid/IFCB5_2011_001_173655_02936.png", "./data/2010/Ditylum/IFCB1_2010_001_164439_02967.png", "./data/2012/Chaetoceros/IFCB1_2012_273_035637_00160.png", "./data/2009/Dictyocha/IFCB1_2009_309_180858_08979.png", "./data/2013/flagellate_sp3/IFCB5_2013_213_162635_05973.png", "./data/2013/Thalassiosira/IFCB1_2013_302_170210_04227.png", "./data/2011/Prorocentrum/IFCB1_2011_240_193426_01877.png", "./data/2011/bad/IFCB5_2011_304_190824_07867.png", "./data/2009/Laboea_strobila/IFCB1_2009_122_130238_00602.png", "./data/2012/detritus/IFCB5_2012_192_171632_06015.png", "./data/2014/Guinardia_striata/IFCB5_2014_259_120213_01298.png", "./data/2007/Leptocylindrus/IFCB1_2007_089_004753_02419.png", "./data/2009/Corethron/IFCB1_2009_300_194929_02076.png", "./data/2008/Dinobryon/IFCB1_2008_114_173253_00838.png", "./data/2007/Guinardia_flaccida/IFCB1_2007_105_162725_00465.png", "./data/2010/Skeletonema/IFCB5_2010_345_120048_05249.png", "./data/2009/Dinobryon/IFCB1_2009_292_003918_00066.png", "./data/2012/Chaetoceros/IFCB1_2012_311_162214_01291.png", "./data/2010/Cylindrotheca/IFCB1_2010_141_161721_07620.png", "./data/2009/Guinardia_striata/IFCB1_2009_228_005118_02548.png", "./data/2014/Heterocapsa_triquetra/IFCB5_2014_060_064942_01559.png", "./data/2009/Prorocentrum/IFCB1_2009_276_185819_01542.png", "./data/2007/Thalassionema/IFCB1_2007_305_161711_04513.png", "./data/2012/bad/IFCB1_2012_282_200950_00173.png", "./data/2007/Thalassionema/IFCB1_2007_001_164010_02274.png", "./data/2009/Thalassiosira_dirty/IFCB1_2009_276_122947_02879.png", "./data/2008/Pseudonitzschia/IFCB1_2008_237_195716_00590.png", "./data/2010/Chaetoceros_flagellate/IFCB5_2010_259_094055_00754.png", "./data/2013/Skeletonema/IFCB5_2013_153_131718_06513.png", "./data/2013/Chaetoceros_flagellate/IFCB5_2013_213_160322_01932.png", "./data/2009/Dictyocha/IFCB1_2009_300_164330_02917.png", "./data/2010/Prorocentrum/IFCB5_2010_259_184200_00048.png", 