{"Time": "0.0:39.0:29.264832258224487",
 "Epochs": 26,
 "TrainAcc": [0.11459792659008125, 0.5463715326421967, 0.5864387783692911, 0.711123564023536, 0.7321378537405435, 0.8514990193331465, 0.8601849257495097, 0.9218268422527318, 0.9366769403194172, 0.9641356122163071, 0.9686186606892687, 0.9809470439899132, 0.9848697114037546, 0.9907537125245167, 0.9837489492855142, 0.991874474642757, 0.9845895208741945, 0.9921546651723172, 0.9840291398150742, 0.9921546651723172, 0.9848697114037546, 0.9929952367609974, 0.9851499019333146, 0.9932754272905576, 0.9845895208741945, 0.9938358083496778, 0.9840291398150742, 0.9941159988792378, 0.9857102829924349, 0.994396189408798, 0.9848697114037546, 0.9932754272905576, 0.9862706640515551, 0.9941159988792378, 0.9851499019333146, 0.9938358083496778, 0.9843093303446343, 0.994396189408798, 0.9843093303446343, 0.9949565704679182, 0.9851499019333146, 0.9935556178201177, 0.9837489492855142, 0.994396189408798, 0.9851499019333146, 0.9935556178201177, 0.9851499019333146, 0.9949565704679182, 0.9848697114037546, 0.9938358083496778, 0.9854300924628747, 0.9935556178201177],
 "ValidAcc": [0.09159663865546218, 0.49495798319327733, 0.5294117647058824, 0.6697478991596638, 0.692436974789916, 0.8159663865546218, 0.819327731092437, 0.8470588235294118, 0.865546218487395, 0.8865546218487395, 0.892436974789916, 0.9100840336134454, 0.9025210084033614, 0.8932773109243698, 0.9033613445378151, 0.9008403361344538, 0.9050420168067227, 0.9084033613445378, 0.9092436974789916, 0.9042016806722689, 0.9016806722689076, 0.9067226890756303, 0.9067226890756303, 0.907563025210084, 0.9008403361344538, 0.9092436974789916, 0.9067226890756303, 0.9050420168067227, 0.9033613445378151, 0.8974789915966387, 0.9042016806722689, 0.9042016806722689, 0.9033613445378151, 0.8974789915966387, 0.9084033613445378, 0.9025210084033614, 0.9058823529411765, 0.8899159663865546, 0.9092436974789916, 0.9067226890756303, 0.9042016806722689, 0.8966386554621849, 0.9058823529411765, 0.9058823529411765, 0.9058823529411765, 0.9067226890756303, 0.9042016806722689, 0.9084033613445378, 0.9058823529411765, 0.9, 0.9084033613445378, 0.9067226890756303],
 "TestAcc": 0.8899159663865546}