{"Time": "0.0:36.0:58.207892417907715",
 "Epochs": 83,
 "TrainAcc": [0.07509106192210703, 0.46511627906976744, 0.4914541888484169, 0.5940039226674139, 0.6124964976183805, 0.7240123283833007, 0.7383020453908657, 0.8052675819557299, 0.8147940599607734, 0.877836929111796, 0.8868030260577192, 0.9327542729055758, 0.9386382740263379, 0.9599327542729056, 0.9644158027458671, 0.975063042869151, 0.9658167553936677, 0.9812272345194732, 0.9817876155785934, 0.989072569347156, 0.9820678061081536, 0.9915942841131969, 0.9840291398150742, 0.9929952367609974, 0.983188568226394, 0.9929952367609974, 0.9834687587559541, 0.9935556178201177, 0.9837489492855142, 0.9935556178201177, 0.9857102829924349, 0.9935556178201177, 0.9848697114037546, 0.9935556178201177, 0.9871112356402354, 0.9946763799383581, 0.9845895208741945, 0.9946763799383581, 0.9851499019333146, 0.9938358083496778, 0.9868310451106752, 0.9952367609974783, 0.9868310451106752, 0.9946763799383581, 0.9871112356402354, 0.9946763799383581, 0.9876716166993555, 0.9949565704679182, 0.9871112356402354, 0.9957971420565985, 0.9871112356402354, 0.9957971420565985, 0.9871112356402354, 0.9957971420565985, 0.9871112356402354, 0.9955169515270383, 0.9871112356402354, 0.9952367609974783, 0.9873914261697955, 0.9963575231157187, 0.9963575231157187, 0.9966377136452788, 0.9963575231157187, 0.9969179041748389, 0.9963575231157187, 0.9974782852339591, 0.9966377136452788, 0.9977584757635192, 0.997198094704399, 0.9969179041748389, 0.9963575231157187, 0.9969179041748389, 0.9963575231157187, 0.9966377136452788, 0.9963575231157187, 0.9974782852339591, 0.9963575231157187, 0.9969179041748389, 0.9966377136452788, 0.9974782852339591, 0.9969179041748389, 0.997198094704399, 0.9963575231157187, 0.9969179041748389, 0.9957971420565985, 0.997198094704399, 0.9966377136452788, 0.9974782852339591, 0.9963575231157187, 0.997198094704399, 0.9966377136452788, 0.997198094704399, 0.9963575231157187, 0.9974782852339591, 0.9974782852339591, 0.9977584757635192, 0.9974782852339591, 0.9977584757635192, 0.997198094704399, 0.9983188568226394, 0.9974782852339591, 0.9983188568226394, 0.9974782852339591, 0.9985990473521995, 0.9974782852339591, 0.9983188568226394, 0.9974782852339591, 0.9985990473521995, 0.9974782852339591, 0.9988792378817596, 0.9974782852339591, 0.9983188568226394, 0.9985990473521995, 0.9991594284113197, 0.9988792378817596, 0.9988792378817596, 0.9985990473521995, 0.9988792378817596, 0.9988792378817596, 0.9988792378817596, 0.9985990473521995, 0.9988792378817596, 0.9983188568226394, 0.9988792378817596, 0.9988792378817596, 0.9988792378817596, 0.9991594284113197, 0.9991594284113197, 0.9991594284113197, 0.9991594284113197, 0.9991594284113197, 0.9991594284113197, 0.9988792378817596, 0.9991594284113197, 0.9988792378817596, 0.9991594284113197, 0.9988792378817596, 0.9991594284113197, 0.9991594284113197, 0.9991594284113197, 0.9988792378817596, 0.9991594284113197, 0.9991594284113197, 0.9991594284113197, 0.9988792378817596, 0.9991594284113197, 0.9988792378817596, 0.9991594284113197, 0.9988792378817596, 0.9991594284113197, 0.9988792378817596, 0.9991594284113197, 0.9988792378817596, 0.9991594284113197, 0.9991594284113197, 0.9991594284113197, 0.9991594284113197, 0.9991594284113197, 0.9988792378817596, 0.9991594284113197, 0.9991594284113197, 0.9991594284113197, 0.9988792378817596, 0.9991594284113197, 0.9991594284113197, 0.9991594284113197],
 "ValidAcc": [0.05714285714285714, 0.4, 0.40336134453781514, 0.5, 0.526890756302521, 0.6168067226890757, 0.6168067226890757, 0.6764705882352942, 0.6857142857142857, 0.7033613445378152, 0.7142857142857143, 0.7512605042016807, 0.7487394957983193, 0.7546218487394958, 0.7605042016806722, 0.7596638655462185, 0.7630252100840336, 0.7647058823529411, 0.7647058823529411, 0.761344537815126, 0.7697478991596639, 0.7638655462184873, 0.7680672268907563, 0.7697478991596639, 0.761344537815126, 0.7689075630252101, 0.7680672268907563, 0.7647058823529411, 0.7714285714285715, 0.7689075630252101, 0.7672268907563026, 0.7697478991596639, 0.7705882352941177, 0.7697478991596639, 0.7638655462184873, 0.7647058823529411, 0.7689075630252101, 0.7689075630252101, 0.7722689075630252, 0.7672268907563026, 0.7672268907563026, 0.7630252100840336, 0.7663865546218488, 0.761344537815126, 0.7705882352941177, 0.7663865546218488, 0.7663865546218488, 0.7689075630252101, 0.7697478991596639, 0.7605042016806722, 0.7621848739495798, 0.7647058823529411, 0.7655462184873949, 0.753781512605042, 0.7705882352941177, 0.7647058823529411, 0.7630252100840336, 0.7571428571428571, 0.7655462184873949, 0.7747899159663866, 0.7630252100840336, 0.7705882352941177, 0.7697478991596639, 0.761344537815126, 0.7705882352941177, 0.7663865546218488, 0.7672268907563026, 0.7714285714285715, 0.7638655462184873, 0.7663865546218488, 0.7663865546218488, 0.7697478991596639, 0.761344537815126, 0.7672268907563026, 0.7647058823529411, 0.7680672268907563, 0.7655462184873949, 0.7638655462184873, 0.7672268907563026, 0.7680672268907563, 0.7663865546218488, 0.7722689075630252, 0.7680672268907563, 0.7697478991596639, 0.7680672268907563, 0.7672268907563026, 0.7680672268907563, 0.7647058823529411, 0.7621848739495798, 0.7680672268907563, 0.761344537815126, 0.7647058823529411, 0.7705882352941177, 0.7756302521008404, 0.7756302521008404, 0.7663865546218488, 0.7697478991596639, 0.7714285714285715, 0.7773109243697479, 0.7655462184873949, 0.7747899159663866, 0.7747899159663866, 0.7705882352941177, 0.7689075630252101, 0.7773109243697479, 0.7739495798319328, 0.7773109243697479, 0.7714285714285715, 0.7747899159663866, 0.773109243697479, 0.7680672268907563, 0.7789915966386555, 0.773109243697479, 0.7672268907563026, 0.7672268907563026, 0.7705882352941177, 0.7705882352941177, 0.7689075630252101, 0.7739495798319328, 0.7697478991596639, 0.7689075630252101, 0.7663865546218488, 0.7697478991596639, 0.7705882352941177, 0.7705882352941177, 0.7798319327731092, 0.7680672268907563, 0.7747899159663866, 0.7722689075630252, 0.7789915966386555, 0.773109243697479, 0.7714285714285715, 0.7672268907563026, 0.7655462184873949, 0.7756302521008404, 0.773109243697479, 0.7689075630252101, 0.7722689075630252, 0.7747899159663866, 0.7672268907563026, 0.7714285714285715, 0.7722689075630252, 0.7655462184873949, 0.7714285714285715, 0.7705882352941177, 0.7680672268907563, 0.7705882352941177, 0.7697478991596639, 0.7697478991596639, 0.7705882352941177, 0.7689075630252101, 0.7739495798319328, 0.7739495798319328, 0.7689075630252101, 0.7705882352941177, 0.7680672268907563, 0.7680672268907563, 0.7739495798319328, 0.7722689075630252, 0.7680672268907563, 0.7714285714285715, 0.7722689075630252, 0.7714285714285715, 0.7672268907563026, 0.7655462184873949, 0.773109243697479],
 "TestAcc": 0.7815126050420168}