{"Epochs": 47, "TrainAcc": [0.14483333333333334, 0.6855833333333333, 0.7768333333333334, 0.8150833333333334, 0.822, 0.8334166666666667, 0.8570833333333333, 0.8494166666666667, 0.8725833333333334, 0.8845, 0.8915833333333333, 0.89075, 0.9149166666666667, 0.9114166666666667, 0.9320833333333334, 0.92775, 0.92725, 0.9361666666666667, 0.94075, 0.9426666666666667, 0.9355833333333333, 0.9264166666666667, 0.9193333333333333, 0.9414166666666667, 0.9406666666666667, 0.9421666666666667, 0.93825, 0.9269166666666667, 0.927, 0.936, 0.9464166666666667, 0.9365, 0.9438333333333333, 0.935, 0.92525, 0.93875, 0.94575, 0.9386666666666666, 0.9415833333333333, 0.9409166666666666, 0.9435, 0.9555, 0.9563333333333334, 0.9654166666666667, 0.9578333333333333, 0.9561666666666667, 0.9583333333333334, 0.955, 0.9633333333333334, 0.9644166666666667, 0.9565, 0.96925, 0.9665, 0.9715833333333334, 0.9735, 0.9683333333333334, 0.9695, 0.97125, 0.9691666666666666, 0.9648333333333333, 0.9664166666666667, 0.9674166666666667, 0.9696666666666667, 0.9761666666666666, 0.9715833333333334, 0.9700833333333333, 0.977, 0.9681666666666666, 0.9640833333333333, 0.9504166666666667, 0.96625, 0.96475, 0.9559166666666666, 0.947, 0.9606666666666667, 0.9626666666666667, 0.9624166666666667, 0.96925, 0.97425, 0.9711666666666666, 0.96725, 0.9651666666666666, 0.9529166666666666, 0.9575833333333333, 0.95875, 0.9620833333333333, 0.9675, 0.96375, 0.9665833333333333, 0.9615833333333333, 0.9588333333333333, 0.9501666666666667, 0.9696666666666667, 0.9644166666666667, 0.951, 0.95975, 0.95925, 0.9574166666666667, 0.9356666666666666, 0.9561666666666667, 0.96875, 0.9643333333333334, 0.9599166666666666, 0.9673333333333334, 0.9564166666666667, 0.972, 0.9740833333333333, 0.9539166666666666, 0.9405833333333333, 0.9509166666666666, 0.9229166666666667, 0.9566666666666667, 0.9304166666666667, 0.9531666666666667, 0.9616666666666667, 0.9525833333333333, 0.9575833333333333, 0.96375, 0.954, 0.94825, 0.95775, 0.9553333333333334, 0.9641666666666666, 0.9680833333333333, 0.9673333333333334, 0.97, 0.9699166666666666, 0.974, 0.9724166666666667, 0.9675, 0.9718333333333333, 0.9810833333333333, 0.9796666666666667, 0.97925, 0.98325, 0.9851666666666666, 0.9860833333333333, 0.9878333333333333, 0.987, 0.98525, 0.9873333333333333, 0.9818333333333333, 0.9840833333333333, 0.984, 0.97725, 0.9734166666666667, 0.9753333333333334, 0.9734166666666667, 0.9725833333333334, 0.9611666666666666, 0.9549166666666666, 0.95875, 0.964, 0.95975, 0.9616666666666667, 0.9665833333333333, 0.9661666666666666, 0.9741666666666666, 0.9748333333333333, 0.97625, 0.9753333333333334, 0.97625, 0.9669166666666666, 0.964, 0.9758333333333333, 0.9791666666666666, 0.9710833333333333, 0.9824166666666667, 0.9734166666666667, 0.97375, 0.9779166666666667, 0.982, 0.9865833333333334, 0.9835833333333334, 0.9826666666666667, 0.9789166666666667, 0.9751666666666666, 0.9755, 0.9741666666666666, 0.974, 0.97375, 0.97575, 0.97175, 0.9753333333333334, 0.9804166666666667, 0.9834166666666667, 0.98475, 0.9835833333333334, 0.9795, 0.98125, 0.97925, 0.9713333333333334, 0.9553333333333334, 0.9684166666666667, 0.9566666666666667, 0.945, 0.91425, 0.944, 0.9458333333333333, 0.9355833333333333, 0.9503333333333334, 0.95525, 0.9644166666666667, 0.9715833333333334, 0.9658333333333333, 0.9764166666666667, 0.9810833333333333, 0.9819166666666667, 0.9796666666666667, 0.9821666666666666, 0.9808333333333333, 0.9839166666666667, 0.9825833333333334, 0.9839166666666667, 0.979, 0.9823333333333333, 0.98175, 0.9875, 0.98425, 0.9878333333333333, 0.99025, 0.9846666666666667, 0.9865833333333334, 0.985, 0.9833333333333333, 0.9828333333333333, 0.98625, 0.9891666666666666, 0.9905, 0.9896666666666667, 0.9893333333333333, 0.9895, 0.9905, 0.989, 0.9830833333333333], "ValidAcc": [0.13825, 0.69075, 0.76525, 0.79725, 0.80375, 0.81625, 0.8305, 0.82, 0.84725, 0.85425, 0.86925, 0.861, 0.888, 0.878, 0.901, 0.89525, 0.9005, 0.8985, 0.9015, 0.90175, 0.8985, 0.88725, 0.87625, 0.9065, 0.89975, 0.901, 0.8955, 0.89025, 0.87825, 0.90225, 0.91, 0.89775, 0.90625, 0.89275, 0.88475, 0.8985, 0.89875, 0.89025, 0.899, 0.898, 0.8965, 0.90925, 0.91175, 0.9225, 0.91075, 0.91225, 0.913, 0.90975, 0.91675, 0.911, 0.903, 0.91875, 0.9145, 0.916, 0.92325, 0.9155, 0.918, 0.92275, 0.9175, 0.9135, 0.9115, 0.916, 0.9195, 0.92475, 0.9145, 0.90925, 0.92225, 0.91225, 0.909, 0.8935, 0.905, 0.906, 0.89925, 0.88925, 0.904, 0.909, 0.911, 0.92, 0.9195, 0.9205, 0.9085, 0.9095, 0.8955, 0.91175, 0.9055, 0.91325, 0.915, 0.904, 0.91175, 0.91275, 0.903, 0.89075, 0.91325, 0.9095, 0.8995, 0.9, 0.9075, 0.897, 0.8835, 0.90175, 0.912, 0.909, 0.90375, 0.913, 0.90775, 0.91625, 0.916, 0.89425, 0.8805, 0.8875, 0.8655, 0.89975, 0.8725, 0.8945, 0.8985, 0.88775, 0.89775, 0.908, 0.89675, 0.89525, 0.8965, 0.896, 0.90375, 0.90775, 0.89925, 0.89925, 0.9015, 0.907, 0.91375, 0.9035, 0.90575, 0.91875, 0.91225, 0.91375, 0.925, 0.9255, 0.927, 0.92875, 0.9165, 0.91725, 0.92375, 0.917, 0.9225, 0.92275, 0.90925, 0.904, 0.904, 0.902, 0.9005, 0.8915, 0.887, 0.888, 0.902, 0.8885, 0.89925, 0.90225, 0.906, 0.911, 0.91125, 0.91675, 0.9155, 0.90925, 0.901, 0.90125, 0.9155, 0.91725, 0.9045, 0.9185, 0.90925, 0.907, 0.9155, 0.9165, 0.92, 0.9155, 0.91475, 0.91075, 0.91025, 0.90675, 0.90425, 0.90525, 0.90475, 0.906, 0.90925, 0.909, 0.91625, 0.9165, 0.91625, 0.916, 0.91775, 0.914, 0.91275, 0.90225, 0.88775, 0.90075, 0.89275, 0.87775, 0.85875, 0.88275, 0.88125, 0.8795, 0.8915, 0.9, 0.9055, 0.907, 0.902, 0.915, 0.919, 0.919, 0.91475, 0.919, 0.917, 0.91725, 0.9185, 0.91475, 0.90825, 0.9105, 0.90625, 0.9145, 0.91475, 0.92025, 0.92075, 0.912, 0.9185, 0.91675, 0.91975, 0.91975, 0.92075, 0.926, 0.9235, 0.92325, 0.91825, 0.92425, 0.92875, 0.92675, 0.91925], "TestAcc": 0.922}