{"Time": "0.0:44.0:19.819603204727173",
 "Epochs": 53,
 "TrainAcc": [0.08573830204539086, 0.43653684505463713, 0.5407677220509947, 0.5766321098346876, 0.711123564023536, 0.7906976744186046, 0.7993835808349677, 0.8523395909218269, 0.8966096945923228, 0.9151022695432894, 0.9274306528439339, 0.9523676099747829, 0.9613337069207061, 0.9613337069207061, 0.9733818996917905, 0.9806668534603531, 0.9728215186326702, 0.9803866629307929, 0.9795460913421127, 0.9798262818716728, 0.9843093303446343, 0.9812272345194732, 0.9854300924628747, 0.9885121882880359, 0.9812272345194732, 0.9815074250490333, 0.9893527598767161, 0.9812272345194732, 0.9882319977584758, 0.9904735219949565, 0.9817876155785934, 0.9829083776968338, 0.9871112356402354, 0.9826281871672737, 0.9865508545811151, 0.989072569347156, 0.9820678061081536, 0.9845895208741945, 0.9868310451106752, 0.9823479966377137, 0.9851499019333146, 0.9882319977584758, 0.9803866629307929, 0.9843093303446343, 0.9885121882880359, 0.9829083776968338, 0.9837489492855142, 0.988792378817596, 0.9817876155785934, 0.9829083776968338, 0.988792378817596, 0.9817876155785934, 0.9809470439899132, 0.985990473521995, 0.9829083776968338, 0.9834687587559541, 0.9879518072289156, 0.9815074250490333, 0.9820678061081536, 0.9885121882880359, 0.9812272345194732, 0.9829083776968338, 0.989072569347156, 0.9812272345194732, 0.9815074250490333, 0.9879518072289156, 0.983188568226394, 0.9784253292238723, 0.9857102829924349, 0.9823479966377137, 0.9829083776968338, 0.9845895208741945, 0.9806668534603531, 0.9812272345194732, 0.989072569347156, 0.9837489492855142, 0.983188568226394, 0.9885121882880359, 0.9815074250490333, 0.9826281871672737, 0.9896329504062763, 0.9809470439899132, 0.9815074250490333, 0.9876716166993555, 0.9823479966377137, 0.9840291398150742, 0.9901933314653965, 0.9803866629307929, 0.9820678061081536, 0.9871112356402354, 0.9809470439899132, 0.9834687587559541, 0.9885121882880359, 0.9817876155785934, 0.9829083776968338, 0.9871112356402354, 0.9806668534603531, 0.9806668534603531, 0.9868310451106752, 0.9817876155785934, 0.9817876155785934, 0.9845895208741945, 0.9806668534603531, 0.9775847576351919, 0.9885121882880359, 0.9820678061081536, 0.9803866629307929, 0.9845895208741945, 0.9806668534603531, 0.9812272345194732, 0.9896329504062763, 0.9812272345194732, 0.9820678061081536, 0.9843093303446343, 0.9803866629307929, 0.9812272345194732, 0.988792378817596, 0.9823479966377137, 0.9815074250490333, 0.9871112356402354, 0.9817876155785934, 0.9826281871672737, 0.988792378817596, 0.9815074250490333, 0.9829083776968338, 0.9876716166993555, 0.9815074250490333, 0.9829083776968338, 0.9876716166993555, 0.9809470439899132, 0.9845895208741945, 0.9871112356402354, 0.9817876155785934, 0.9801064724012328, 0.9879518072289156, 0.9823479966377137, 0.9826281871672737, 0.9871112356402354, 0.9817876155785934, 0.9823479966377137, 0.9854300924628747, 0.9823479966377137, 0.9795460913421127, 0.9871112356402354, 0.9815074250490333, 0.9823479966377137, 0.9876716166993555, 0.9815074250490333, 0.9837489492855142, 0.9893527598767161, 0.9829083776968338, 0.9812272345194732, 0.9829083776968338, 0.9806668534603531, 0.9815074250490333, 0.985990473521995, 0.9823479966377137, 0.9781451386943121, 0.9868310451106752],
 "ValidAcc": [0.06974789915966387, 0.3831932773109244, 0.5067226890756302, 0.5436974789915966, 0.6663865546218487, 0.7453781512605042, 0.7638655462184873, 0.8092436974789916, 0.8369747899159664, 0.8521008403361344, 0.8689075630252101, 0.8857142857142857, 0.8915966386554622, 0.8789915966386554, 0.8932773109243698, 0.8991596638655462, 0.8840336134453781, 0.8873949579831932, 0.8949579831932774, 0.8840336134453781, 0.8966386554621849, 0.9008403361344538, 0.8957983193277311, 0.8957983193277311, 0.9025210084033614, 0.888235294117647, 0.8957983193277311, 0.8991596638655462, 0.9016806722689076, 0.8983193277310925, 0.8966386554621849, 0.8907563025210085, 0.8966386554621849, 0.8941176470588236, 0.8899159663865546, 0.8890756302521008, 0.8915966386554622, 0.8899159663865546, 0.8899159663865546, 0.8941176470588236, 0.888235294117647, 0.8949579831932774, 0.8974789915966387, 0.8840336134453781, 0.8907563025210085, 0.8966386554621849, 0.8949579831932774, 0.8983193277310925, 0.892436974789916, 0.8873949579831932, 0.8941176470588236, 0.8991596638655462, 0.8831932773109243, 0.8974789915966387, 0.8949579831932774, 0.888235294117647, 0.8957983193277311, 0.8941176470588236, 0.8865546218487395, 0.9, 0.8949579831932774, 0.8949579831932774, 0.8966386554621849, 0.8974789915966387, 0.8865546218487395, 0.892436974789916, 0.8957983193277311, 0.8789915966386554, 0.892436974789916, 0.892436974789916, 0.8915966386554622, 0.8857142857142857, 0.8974789915966387, 0.8873949579831932, 0.8957983193277311, 0.8974789915966387, 0.892436974789916, 0.8932773109243698, 0.8983193277310925, 0.8848739495798319, 0.8941176470588236, 0.8941176470588236, 0.892436974789916, 0.8907563025210085, 0.8941176470588236, 0.8848739495798319, 0.8966386554621849, 0.8949579831932774, 0.8915966386554622, 0.8899159663865546, 0.8899159663865546, 0.888235294117647, 0.8915966386554622, 0.892436974789916, 0.880672268907563, 0.8890756302521008, 0.8957983193277311, 0.8907563025210085, 0.9008403361344538, 0.8941176470588236, 0.8890756302521008, 0.8949579831932774, 0.8949579831932774, 0.888235294117647, 0.892436974789916, 0.8966386554621849, 0.8907563025210085, 0.8941176470588236, 0.8932773109243698, 0.892436974789916, 0.8899159663865546, 0.8983193277310925, 0.888235294117647, 0.8957983193277311, 0.8974789915966387, 0.8873949579831932, 0.9008403361344538, 0.8907563025210085, 0.8915966386554622, 0.8941176470588236, 0.8974789915966387, 0.8983193277310925, 0.8974789915966387, 0.9016806722689076, 0.8873949579831932, 0.8907563025210085, 0.8957983193277311, 0.8941176470588236, 0.8907563025210085, 0.8941176470588236, 0.8873949579831932, 0.892436974789916, 0.8974789915966387, 0.8848739495798319, 0.8873949579831932, 0.892436974789916, 0.8949579831932774, 0.8949579831932774, 0.8983193277310925, 0.8941176470588236, 0.892436974789916, 0.892436974789916, 0.888235294117647, 0.892436974789916, 0.8957983193277311, 0.8907563025210085, 0.8991596638655462, 0.8966386554621849, 0.8915966386554622, 0.8966386554621849, 0.8941176470588236, 0.8840336134453781, 0.8865546218487395, 0.8915966386554622, 0.888235294117647, 0.8974789915966387, 0.8941176470588236, 0.8764705882352941, 0.8890756302521008],
 "TestAcc": 0.8714285714285714}