{"Time": "1.0:45.0:39.09155535697937",
 "Epochs": 52,
 "TrainAcc": [0.05176925702582774, 0.10752076459210376, 0.13539651837524178, 0.18818978268289907, 0.27329616566162246, 0.2724997155535328, 0.3230174081237911, 0.34053931050176356, 0.43087950847650475, 0.5064284901581523, 0.5490954602343839, 0.5957446808510638, 0.6410285584253044, 0.6785754920923882, 0.732620320855615, 0.7748321765843669, 0.7880304926612811, 0.7967914438502673, 0.7688019114802594, 0.8189782682899078, 0.8174991466605985, 0.8359312777335306, 0.855956309022642, 0.8561838661963819, 0.8445784503356468, 0.8758675617248833, 0.8807600409602913, 0.8833769484583002, 0.8805324837865514, 0.8657412674934577, 0.8709750824894755, 0.8854249630219593, 0.8862214131300489, 0.8820116054158608, 0.886107634543179, 0.8903174422573672, 0.8892934349755376, 0.9109113664808283, 0.9110251450676983, 0.9156900671293663, 0.9024917510524519, 0.9218341108203436, 0.9287746046194106, 0.9328706337467289, 0.9356013198316077, 0.9188758675617249, 0.9332119695073388, 0.93013994766185, 0.9219478894072136, 0.934918648310388, 0.937194220047787, 0.9253612470133121, 0.9194447604960746, 0.925475025600182, 0.9307088405961998, 0.9315052907042894, 0.932756855159859, 0.9317328478780293, 0.9366253271134373, 0.9353737626578678, 0.9330981909204688, 0.9390146774377062, 0.934918648310388, 0.932415519399249, 0.9370804414609171, 0.9443622710205939, 0.9387871202639663, 0.9451587211286836, 0.9293434975537603, 0.920923882125384, 0.944134713846854, 0.941972920696325, 0.9449311639549437, 0.932756855159859, 0.9363977699396974, 0.9365115485265673, 0.9389008988508363, 0.944134713846854, 0.9375355558083969, 0.9415178063488452, 0.9262714757082717, 0.9346910911366481, 0.9293434975537603, 0.9313915121174196, 0.9460689498236432, 0.9409489134144954, 0.9379906701558767, 0.9427693708044146, 0.948799635908522, 0.9368528842871772, 0.9398111275457959, 0.9432244851518944, 0.9367391057003072, 0.9386733416770964, 0.939583570372056, 0.9382182273296166, 0.9330981909204688, 0.9317328478780293, 0.9451587211286836, 0.941972920696325, 0.9367391057003072, 0.9343497553760383, 0.9425418136306747, 0.9385595630902264, 0.9243372397314825, 0.9426555922175447, 0.9337808624416885, 0.9353737626578678, 0.9340084196154284, 0.9320741836386393, 0.9310501763568096, 0.9333257480942087, 0.9447036067812038, 0.9411764705882353, 0.9497098646034816, 0.9387871202639663, 0.9443622710205939, 0.9360564341790875, 0.9387871202639663, 0.944248492433724, 0.9400386847195358, 0.946524064171123, 0.9432244851518944, 0.9476618500398225, 0.9457276140630333, 0.9483445215610422, 0.9502787575378314, 0.9517578791671407, 0.9492547502560018, 0.9601774945955172, 0.9551712367732392, 0.9505063147115713, 0.9376493343952668, 0.9492547502560018, 0.9341221982022984, 0.9414040277619752, 0.9483445215610422, 0.9270679258163613, 0.9375355558083969, 0.9312777335305495, 0.9490271930822619, 0.9429969279781545, 0.9345773125497782, 0.9340084196154284, 0.9294572761406303, 0.9296848333143702, 0.925475025600182, 0.9484583001479122, 0.9342359767891683, 0.9404937990670156, 0.9461827284105131, 0.9474342928660826, 0.9448173853680737, 0.9490271930822619, 0.9514165434065309, 0.9439071566731141, 0.9490271930822619, 0.9436795994993742, 0.9459551712367732, 0.93002616907498, 0.9434520423256343, 0.948799635908522, 0.9366253271134373, 0.937307998634657, 0.9423142564569348, 0.9246785754920924, 0.9345773125497782, 0.9243372397314825, 0.9478894072135624, 0.9283194902719308, 0.9480031858004324, 0.9470929571054727, 0.9460689498236432, 0.9384457845033565, 0.9462965069973831, 0.948799635908522, 0.9406075776538856, 0.9426555922175447, 0.9401524633064058, 0.9486858573216521, 0.9266128114688815, 0.9135282739788372, 0.9493685288428718, 0.939697348958926, 0.9431107065650245, 0.9435658209125043, 0.9394697917851861, 0.9375355558083969, 0.9392422346114462, 0.9480031858004324, 0.9368528842871772, 0.948799635908522, 0.9524405506883604, 0.9575605870975082, 0.9490271930822619, 0.9415178063488452, 0.9582432586187279, 0.9563090226419387, 0.9475480714529525, 0.9414040277619752, 0.9447036067812038, 0.9268403686426214, 0.9414040277619752, 0.960291273182387, 0.9490271930822619, 0.9502787575378314, 0.9508476504721811, 0.9481169643873023, 0.9416315849357151, 0.9406075776538856, 0.9596086016611673, 0.9525543292752304, 0.9527818864489703, 0.9516441005802708, 0.944134713846854, 0.9406075776538856, 0.9382182273296166, 0.958357037205598, 0.9546023438388895, 0.955626351120719, 0.9444760496074639, 0.9457276140630333, 0.9483445215610422, 0.958357037205598, 0.9585845943793379, 0.9408351348276255, 0.9434520423256343, 0.937194220047787, 0.9425418136306747, 0.9276368187507111, 0.9328706337467289, 0.9599499374217773, 0.9476618500398225, 0.9559676868813289, 0.9505063147115713, 0.9508476504721811, 0.9535783365570599, 0.9379906701558767, 0.9604050517692571, 0.9525543292752304, 0.9457276140630333, 0.9390146774377062, 0.9319604050517692, 0.9383320059164865, 0.9210376607122539, 0.9585845943793379, 0.9514165434065309, 0.9467516213448629, 0.9566503584025486, 0.951188986232791, 0.9478894072135624, 0.9392422346114462, 0.9592672659005576, 0.9593810444874274, 0.9542610080782796, 0.9402662418932757, 0.9447036067812038, 0.9432244851518944, 0.9175105245192855, 0.960291273182387, 0.9535783365570599, 0.9566503584025486, 0.958129480031858, 0.9546023438388895, 0.9501649789509614, 0.9497098646034816, 0.9588121515530778, 0.9577881442712481, 0.9561952440550688, 0.9604050517692571, 0.9577881442712481, 0.9461827284105131, 0.9422004778700649, 0.9589259301399476, 0.95335077938332, 0.9519854363408806, 0.9540334509045397, 0.9513027648196609, 0.9456138354761634, 0.9470929571054727, 0.958129480031858, 0.9403800204801457, 0.9484583001479122, 0.9484583001479122, 0.9473205142792126, 0.9542610080782796, 0.9358288770053476, 0.958015701444988, 0.9404937990670156, 0.9517578791671407, 0.9466378427579929, 0.958015701444988, 0.9553987939469791, 0.9503925361247013, 0.9592672659005576, 0.9566503584025486, 0.9539196723176698, 0.9502787575378314, 0.951075207645921, 0.9368528842871772, 0.9367391057003072, 0.9585845943793379, 0.9542610080782796, 0.9547161224257594, 0.9568779155762885, 0.9492547502560018, 0.9392422346114462, 0.9329844123335989, 0.9589259301399476, 0.95346455797019, 0.9571054727500284, 0.9558539082944589, 0.9485720787347821, 0.9506200932984412, 0.9494823074297417, 0.9612015018773467, 0.9579019228581181, 0.9428831493912846, 0.9522129935146205, 0.9530094436227102, 0.9573330299237683, 0.9624530663329162, 0.9596086016611673, 0.9551712367732392, 0.9460689498236432, 0.9468653999317328, 0.9466378427579929, 0.9378768915690067, 0.9365115485265673, 0.9604050517692571, 0.9568779155762885, 0.9542610080782796, 0.9519854363408806, 0.9569916941631585, 0.9358288770053476, 0.9344635339629082, 0.9609739447036068, 0.9593810444874274, 0.9531232222095801, 0.9490271930822619, 0.9480031858004324, 0.9553987939469791, 0.9466378427579929, 0.9588121515530778, 0.955626351120719, 0.9560814654681988, 0.9543747866651496, 0.9394697917851861, 0.9386733416770964, 0.9269541472294914, 0.9586983729662077, 0.9482307429741723, 0.9540334509045397, 0.951188986232791, 0.9526681078621003, 0.9423142564569348, 0.9401524633064058, 0.9616566162248265, 0.9482307429741723, 0.9532370007964501, 0.9558539082944589, 0.9377631129821368, 0.946524064171123, 0.9283194902719308],