{"Epochs": 75, "TrainAcc": [0.1365, 0.6503333333333333, 0.7850833333333334, 0.8538333333333333, 0.8916666666666667, 0.903, 0.9230833333333334, 0.9345833333333333, 0.9374166666666667, 0.9434166666666667, 0.9495, 0.9545, 0.95925, 0.9620833333333333, 0.9695833333333334, 0.9719166666666667, 0.97275, 0.9763333333333334, 0.97675, 0.97675, 0.9808333333333333, 0.97775, 0.9839166666666667, 0.9840833333333333, 0.9854166666666667, 0.9839166666666667, 0.9869166666666667, 0.9890833333333333, 0.9869166666666667, 0.9898333333333333, 0.9896666666666667, 0.99125, 0.9889166666666667, 0.9885833333333334, 0.991, 0.9901666666666666, 0.9893333333333333, 0.9910833333333333, 0.9929166666666667, 0.9914166666666666, 0.9906666666666667, 0.9926666666666667, 0.9911666666666666, 0.9934166666666666, 0.9919166666666667, 0.9935833333333334, 0.9944166666666666, 0.9939166666666667, 0.9938333333333333, 0.9930833333333333, 0.9916666666666667, 0.98925, 0.99125, 0.9935, 0.993, 0.9903333333333333, 0.99275, 0.9926666666666667, 0.9940833333333333, 0.9924166666666666, 0.9925, 0.9945833333333334, 0.993, 0.9939166666666667, 0.9938333333333333, 0.9943333333333333, 0.9884166666666667, 0.9875833333333334, 0.9930833333333333, 0.99375, 0.99525, 0.9943333333333333, 0.9943333333333333, 0.9906666666666667, 0.9948333333333333, 0.9933333333333333, 0.9935, 0.9954166666666666, 0.9968333333333333, 0.9941666666666666, 0.9904166666666666, 0.9940833333333333, 0.995, 0.9953333333333333, 0.99475, 0.9955833333333334, 0.9930833333333333, 0.9955833333333334, 0.99475, 0.9968333333333333, 0.9950833333333333, 0.9949166666666667, 0.9965, 0.9940833333333333, 0.9930833333333333, 0.9966666666666667, 0.997, 0.9975, 0.9980833333333333, 0.99725, 0.9954166666666666, 0.9985833333333334, 0.9965, 0.9973333333333333, 0.9974166666666666, 0.9961666666666666, 0.9979166666666667, 0.9976666666666667, 0.9965833333333334, 0.9973333333333333, 0.9954166666666666, 0.994, 0.9944166666666666, 0.9945833333333334, 0.99475, 0.9913333333333333, 0.9936666666666667, 0.995, 0.9935833333333334, 0.993, 0.9926666666666667, 0.9958333333333333, 0.99575, 0.99475, 0.992, 0.9940833333333333, 0.9943333333333333, 0.994, 0.9970833333333333, 0.9946666666666667, 0.9930833333333333, 0.9950833333333333, 0.99225, 0.9925833333333334, 0.9935, 0.9950833333333333, 0.9950833333333333, 0.9921666666666666, 0.9910833333333333, 0.9965833333333334, 0.9975833333333334, 0.997, 0.9965833333333334, 0.9965833333333334, 0.9960833333333333, 0.9971666666666666, 0.9964166666666666, 0.99825, 0.9981666666666666, 0.99875, 0.9979166666666667, 0.9969166666666667, 0.998, 0.9975, 0.99775, 0.9958333333333333, 0.9983333333333333, 0.9970833333333333, 0.9968333333333333, 0.9959166666666667, 0.9970833333333333, 0.9980833333333333, 0.99875, 0.999, 0.998, 0.9986666666666667, 0.9985, 0.9981666666666666, 0.9985, 0.9963333333333333, 0.9984166666666666, 0.9988333333333334, 0.9983333333333333, 0.9990833333333333, 0.9983333333333333, 0.9989166666666667, 0.9979166666666667, 0.997, 0.9970833333333333, 0.99825, 0.9975, 0.9973333333333333, 0.99575, 0.9940833333333333, 0.9965, 0.995, 0.9965833333333334, 0.9964166666666666, 0.997, 0.99725, 0.9965833333333334, 0.998, 0.9974166666666666, 0.99725, 0.9975, 0.999, 0.9968333333333333, 0.9984166666666666, 0.9984166666666666, 0.998, 0.9975833333333334, 0.9986666666666667, 0.99675, 0.99625, 0.9975, 0.9970833333333333, 0.9966666666666667, 0.998, 0.9973333333333333, 0.9965833333333334, 0.9971666666666666, 0.9965833333333334, 0.9975, 0.9981666666666666, 0.998, 0.9970833333333333, 0.9955, 0.9973333333333333, 0.9965833333333334, 0.9941666666666666, 0.99825, 0.99725, 0.9973333333333333, 0.99825, 0.9978333333333333, 0.9919166666666667, 0.9923333333333333, 0.9941666666666666, 0.99225, 0.9966666666666667, 0.9885, 0.99125, 0.9946666666666667, 0.9888333333333333, 0.99375, 0.9931666666666666, 0.9944166666666666, 0.9945833333333334, 0.9921666666666666, 0.9945833333333334, 0.9954166666666666, 0.9954166666666666, 0.9965, 0.9965, 0.9969166666666667, 0.99725, 0.9976666666666667, 0.9971666666666666, 0.9981666666666666, 0.9975833333333334, 0.997, 0.9975833333333334, 0.99775, 0.9980833333333333, 0.9988333333333334, 0.9980833333333333, 0.9980833333333333, 0.9981666666666666, 0.9989166666666667, 0.9985, 0.9990833333333333, 0.9990833333333333, 0.9991666666666666, 0.9991666666666666, 0.9991666666666666, 0.9995833333333334, 0.9994166666666666, 0.9993333333333333, 0.9993333333333333, 0.99925, 0.9994166666666666, 0.9993333333333333, 0.99925, 0.9994166666666666, 0.9994166666666666, 0.9994166666666666, 0.9994166666666666, 0.9985833333333334, 0.9988333333333334, 0.9993333333333333, 0.9991666666666666, 0.99825, 0.9994166666666666, 0.9995, 0.9990833333333333, 0.999, 0.99925, 0.9993333333333333, 0.9994166666666666, 0.999, 0.9990833333333333, 0.999, 0.9995833333333334, 0.999, 0.99825, 0.9988333333333334, 0.999, 0.9985833333333334, 0.9981666666666666, 0.9974166666666666, 0.9984166666666666, 0.9988333333333334, 0.99825, 0.9985, 0.99825, 0.99875, 0.9989166666666667, 0.9990833333333333, 0.99675, 0.9989166666666667, 0.9990833333333333, 0.9991666666666666, 0.9990833333333333, 0.9940833333333333, 0.9980833333333333, 0.996, 0.9980833333333333, 0.9968333333333333, 0.9969166666666667, 0.9961666666666666, 0.9959166666666667, 0.9974166666666666, 0.9960833333333333, 0.99525, 0.9960833333333333, 0.99625, 0.9950833333333333, 0.9941666666666666, 0.9970833333333333, 0.99725, 0.9920833333333333, 0.99675, 0.9943333333333333, 0.99525, 0.9926666666666667, 0.9949166666666667, 0.9938333333333333, 0.9961666666666666, 0.9928333333333333, 0.99325, 0.9895, 0.9884166666666667, 0.9946666666666667, 0.99475, 0.9960833333333333, 0.99525, 0.9930833333333333, 0.99575, 0.9964166666666666, 0.99625, 0.9971666666666666, 0.9965, 0.9959166666666667, 0.996, 0.9965833333333334, 0.9983333333333333, 0.9979166666666667, 0.9978333333333333, 0.99775, 0.9985, 0.9985833333333334, 0.9981666666666666, 0.9975, 0.9983333333333333, 0.9985, 0.9980833333333333, 0.9945, 0.9949166666666667, 0.9964166666666666, 0.99775, 0.9975, 0.9945833333333334, 0.9953333333333333, 0.9975, 0.9983333333333333],