{"Time": "0.0:4.0:8.94598126411438",
 "Epochs": 84,
 "TrainAcc": [0.030555555555555555, 0.05228758169934641, 0.08070175438596491, 0.07604562737642585, 0.0694980694980695, 0.08097165991902834, 0.08029197080291971, 0.06273062730627306, 0.07003891050583658, 0.050724637681159424, 0.05952380952380952, 0.06642066420664207, 0.06818181818181818, 0.06093189964157706, 0.07530120481927711, 0.07971014492753623, 0.06274509803921569, 0.08333333333333333, 0.057971014492753624, 0.07662835249042145, 0.06349206349206349, 0.07003891050583658, 0.08300395256916997, 0.08461538461538462, 0.09615384615384616, 0.11146496815286625, 0.12074303405572756, 0.15960912052117263, 0.175, 0.14963503649635038, 0.12681159420289856, 0.14035087719298245, 0.15481171548117154, 0.18468468468468469, 0.1724137931034483, 0.1588785046728972, 0.17094017094017094, 0.21476510067114093, 0.23102310231023102, 0.24, 0.23745819397993312, 0.26492537313432835, 0.2680851063829787, 0.2583732057416268, 0.30660377358490565, 0.2641509433962264, 0.25365853658536586, 0.2647058823529412, 0.23580786026200873, 0.25888324873096447, 0.23300970873786409, 0.2857142857142857, 0.26570048309178745, 0.2857142857142857, 0.27314814814814814, 0.26804123711340205, 0.2986425339366516, 0.2575107296137339, 0.2978723404255319, 0.27380952380952384, 0.3288888888888889, 0.2815126050420168, 0.30638297872340425, 0.3217391304347826, 0.3185840707964602, 0.32272727272727275, 0.28225806451612906, 0.25210084033613445, 0.3094170403587444, 0.3080357142857143, 0.26146788990825687, 0.24413145539906103, 0.2897196261682243, 0.29441624365482233, 0.2761904761904762, 0.2562814070351759, 0.27884615384615385, 0.27230046948356806, 0.2669902912621359, 0.28217821782178215, 0.28, 0.25125628140703515, 0.30569948186528495, 0.32124352331606215],
 "ValidAcc": [0.03333333333333333, 0.011764705882352941, 0.014705882352941176, 0.013157894736842105, 0.029411764705882353, 0.031746031746031744, 0.014705882352941176, 0.015384615384615385, 0.03076923076923077, 0.014285714285714285, 0.0, 0.029411764705882353, 0.029850746268656716, 0.047619047619047616, 0.03488372093023256, 0.03278688524590164, 0.02, 0.0, 0.0, 0.0, 0.019230769230769232, 0.03508771929824561, 0.0, 0.05454545454545454, 0.09090909090909091, 0.09210526315789473, 0.10810810810810811, 0.04411764705882353, 0.038461538461538464, 0.10638297872340426, 0.11538461538461539, 0.10714285714285714, 0.07692307692307693, 0.07894736842105263, 0.10810810810810811, 0.14285714285714285, 0.17073170731707318, 0.18, 0.17647058823529413, 0.19444444444444445, 0.2608695652173913, 0.24390243902439024, 0.10810810810810811, 0.2, 0.25, 0.16216216216216217, 0.1, 0.21212121212121213, 0.0625, 0.15151515151515152, 0.21212121212121213, 0.2222222222222222, 0.1724137931034483, 0.15625, 0.29411764705882354, 0.12903225806451613, 0.10344827586206896, 0.2894736842105263, 0.17647058823529413, 0.2, 0.2777777777777778, 0.13333333333333333, 0.2727272727272727, 0.3448275862068966, 0.25, 0.25925925925925924, 0.22857142857142856, 0.16666666666666666, 0.14285714285714285, 0.16666666666666666, 0.10714285714285714, 0.12903225806451613, 0.0625, 0.12903225806451613, 0.21875, 0.125, 0.15151515151515152, 0.17142857142857143, 0.16129032258064516, 0.1724137931034483, 0.1, 0.16666666666666666, 0.16666666666666666, 0.15625],
 "TestAcc": 0.14285714285714285,
 "Test_Pred": [10, 19, 27, 16, 27, 10, 10, 9, 3, 4, 27, 14, 27, 14, 2, 14, 10, 14, 27, 14, 10, 14, 14, 0, 16, 7, 14, 7],
 "Test_Target": [25, 1, 13, 6, 22, 10, 15, 12, 1, 13, 3, 5, 20, 24, 1, 28, 18, 25, 26, 4, 25, 23, 18, 0, 16, 5, 6, 7],
 "Test_fnames": ["./data/2009/Ciliate_mix/IFCB1_2009_122_163134_00049.png", "./data/2009/Ciliate_mix/IFCB1_2009_362_032219_00760.png", "./data/2006/bad/IFCB1_2006_158_182925_05361.png", "./data/2009/Asterionellopsis/IFCB1_2009_022_005008_01034.png", "./data/2009/Thalassiosira_dirty/IFCB1_2009_022_002654_01575.png", "./data/2009/Chaetoceros/IFCB1_2009_211_153356_00989.png", "./data/2012/Heterocapsa_triquetra/IFCB1_2012_151_154317_01071.png", "./data/2007/Corethron/IFCB1_2007_024_213700_02102.png", "./data/2013/Dictyocha/IFCB1_2013_001_081645_01276.png", "./data/2011/Pleurosigma/IFCB5_2011_316_191740_06940.png", "./data/2012/Guinardia_flaccida/IFCB5_2012_052_021037_00483.png", "./data/2008/Guinardia_striata/IFCB1_2008_349_174035_01765.png", "./data/2011/Thalassiosira_dirty/IFCB5_2011_326_170712_00466.png", "./data/2012/dino30/IFCB5_2012_066_192107_02606.png", "./data/2013/Thalassiosira/IFCB1_2013_011_180852_00186.png", "./data/2011/Corethron/IFCB5_2011_015_194623_00800.png", "./data/2011/Dictyocha/IFCB5_2011_001_171342_02564.png", "./data/2007/Guinardia_delicatula/IFCB1_2007_017_005201_01182.png", "./data/2011/Leptocylindrus/IFCB5_2011_326_175336_07800.png", "./data/2011/Dictyocha/IFCB5_2011_326_194937_07186.png", "./data/2009/Guinardia_striata/IFCB1_2009_228_002831_01828.png", "./data/2014/Guinardia_striata/IFCB5_2014_259_122510_03663.png", "./data/2010/Chaetoceros/IFCB5_2010_249_012602_07456.png", "./data/2008/Asterionellopsis/IFCB1_2008_001_004404_00949.png", "./data/2006/Eucampia/IFCB1_2006_309_003838_00379.png", "./data/2014/Leptocylindrus/IFCB1_2014_188_222013_00723.png", "./data/2009/Guinardia_delicatula/IFCB1_2009_067_004943_01445.png", "./data/2009/Pleurosigma/IFCB1_2009_188_002300_05109.png", "./data/2014/Chaetoceros/IFCB5_2014_259_120213_03884.png", "./data/2011/Tintinnid/IFCB5_2011_330_195348_04700.png", "./data/2012/Guinardia_delicatula/IFCB5_2012_052_025703_02174.png", "./data/2007/Pleurosigma/IFCB1_2007_027_000718_01878.png", "./data/2008/Tintinnid/IFCB1_2008_363_094233_01359.png", "./data/2013/detritus/IFCB5_2013_167_152816_01460.png", "./data/2011/Dictyocha/IFCB5_2011_330_195348_03007.png", "./data/2008/Skeletonema/IFCB1_2008_318_192854_04387.png", "./data/2012/Heterocapsa_triquetra/IFCB1_2012_151_154317_01727.png", "./data/2012/Heterocapsa_triquetra/IFCB1_2012_151_154317_00278.png", "./data/2009/Ditylum/IFCB1_2009_022_222419_00529.png", "./data/2010/Cylindrotheca/IFCB1_2010_132_164328_00157.png", "./data/2012/Ciliate_mix/IFCB1_2012_258_181419_00642.png", "./data/2013/Leptocylindrus/IFCB5_2013_325_230315_01674.png", "./data/2014/Cylindrotheca/IFCB5_2014_057_184322_02897.png", "./data/2008/Skeletonema/IFCB1_2008_248_004347_03143.png", "./data/2012/Skeletonema/IFCB1_2012_292_093250_00459.png", "./data/2009/Ditylum/IFCB1_2009_030_163951_01656.png", "./data/2013/dino30/IFCB5_2013_184_211057_03219.png", "./data/2013/Heterocapsa_triquetra/IFCB5_2013_235_182200_00205.png", "./data/2009/Dictyocha/IFCB1_2009_022_005008_00858.png", "./data/2007/Corethron/IFCB1_2007_360_184927_01753.png", "./data/2012/pennate/IFCB1_2012_282_205545_00603.png", "./data/2011/Tintinnid/IFCB5_2011_001_173655_02936.png", "./data/2010/Ditylum/IFCB1_2010_001_164439_02967.png", "./data/2012/Chaetoceros/IFCB1_2012_273_035637_00160.png", "./data/2009/Dictyocha/IFCB1_2009_309_180858_08979.png", "./data/2013/flagellate_sp3/IFCB5_2013_213_162635_05973.png", "./data/2013/Thalassiosira/IFCB1_2013_302_170210_04227.png", "./data/2011/Prorocentrum/IFCB1_2011_240_193426_01877.png", "./data/2011/bad/IFCB5_2011_304_190824_07867.png", "./data/2009/Laboea_strobila/IFCB1_2009_122_130238_00602.png", "./data/2012/detritus/IFCB5_2012_192_171632_06015.png", "./data/2014/Guinardia_striata/IFCB5_2014_259_120213_01298.png", "./data/2007/Leptocylindrus/IFCB1_2007_089_004753_02419.png", "./data/2009/Corethron/IFCB1_2009_300_194929_02076.png", "./data/2008/Dinobryon/IFCB1_2008_114_173253_00838.png", "./data/2007/Guinardia_flaccida/IFCB1_2007_105_162725_00465.png", "./data/2010/Skeletonema/IFCB5_2010_345_120048_05249.png", "./data/2009/Dinobryon/IFCB1_2009_292_003918_00066.png", "./data/2012/Chaetoceros/IFCB1_2012_311_162214_01291.png", "./data/2010/Cylindrotheca/IFCB1_2010_141_161721_07620.png", "./data/2009/Guinardia_striata/IFCB1_2009_228_005118_02548.png", "./data/2014/Heterocapsa_triquetra/IFCB5_2014_060_064942_01559.png", "./data/2009/Prorocentrum/IFCB1_2009_276_185819_01542.png", 