{"Time": "0.0:1.0:57.835742473602295",
 "Epochs": 53,
 "TrainAcc": [3024495.25, 3018905.5, 3010344.5, 3000431.75, 2990678.5, 2977598.5, 2962342.75, 2941156.25, 2911164.75, 2871716.0, 2830844.0, 2798263.25, 2748773.0, 2705460.5, 2669146.75, 2630094.75, 2595930.75, 2570650.5, 2540810.0, 2517126.5, 2499926.25, 2481543.0, 2468368.75, 2457193.25, 2444098.0, 2436549.0, 2427265.75, 2420539.75, 2413796.0, 2406438.0, 2400595.0, 2393398.5, 2387622.75, 2382155.25, 2389603.75, 2400792.25, 2413539.5, 2426608.0, 2439281.5, 2451093.75, 2462034.5, 2471974.75, 2480857.0, 2488761.25, 2495859.75, 2502187.75, 2507673.0, 2512511.5, 2516699.25, 2520449.25, 2523570.5, 2526403.25, 2528839.0],
 "ValidAcc": [387454.25, 386658.28125, 385399.09375, 383992.5, 382586.15625, 380736.1875, 378539.59375, 375412.09375, 371015.78125, 364947.28125, 358053.65625, 352006.59375, 344856.53125, 338972.40625, 333700.75, 327359.84375, 321024.65625, 316186.40625, 312103.59375, 309472.84375, 307230.0625, 303961.4375, 300982.3125, 299064.8125, 297966.53125, 297560.40625, 295948.96875, 294131.15625, 293186.3125, 293027.96875, 292422.53125, 290720.28125, 289901.28125, 289995.5, 291662.34375, 293709.125, 295893.96875, 298032.4375, 300064.8125, 301939.09375, 303653.1875, 305212.78125, 306602.71875, 307834.84375, 308952.65625, 309886.53125, 310771.625, 311465.78125, 312096.46875, 312704.375, 313154.5, 313571.25, 313989.9375],
 "TestAcc": 317231.625}