{"Time": "0.0:16.0:48.725592374801636",
 "Epochs": 40,
 "TrainAcc": [0.13673297842532922, 0.5682263939478845, 0.6116559260297002, 0.7200896609694593, 0.7450266181003082, 0.8464555898010647, 0.8585037825721491, 0.9243485570187727, 0.9321938918464556, 0.9663771364527879, 0.9683384701597086, 0.9784253292238723, 0.9683384701597086, 0.9843093303446343, 0.9674978985710283, 0.9801064724012328, 0.9688988512188288, 0.9854300924628747, 0.9705799943961894, 0.9868310451106752, 0.9700196133370692, 0.985990473521995, 0.9691790417483889, 0.9862706640515551, 0.9672177080414682, 0.9862706640515551, 0.9697394228075091, 0.9871112356402354, 0.9686186606892687, 0.9837489492855142, 0.9683384701597086, 0.9854300924628747, 0.9700196133370692, 0.9851499019333146, 0.9702998038666293, 0.9871112356402354, 0.9694592322779491, 0.9865508545811151, 0.9705799943961894, 0.9879518072289156, 0.9691790417483889, 0.9868310451106752, 0.9700196133370692, 0.9871112356402354, 0.9694592322779491, 0.9845895208741945, 0.9688988512188288, 0.9854300924628747, 0.9686186606892687, 0.9868310451106752, 0.97198094704399, 0.985990473521995, 0.9683384701597086, 0.9868310451106752, 0.9691790417483889, 0.985990473521995, 0.9683384701597086, 0.9857102829924349, 0.9680582796301485, 0.988792378817596, 0.9714205659848697, 0.9857102829924349, 0.9700196133370692, 0.9854300924628747, 0.9705799943961894, 0.9845895208741945, 0.9694592322779491, 0.9901933314653965, 0.97198094704399, 0.9862706640515551, 0.9669375175119082, 0.9899131409358364, 0.9731017091622303, 0.9896329504062763, 0.9731017091622303, 0.9879518072289156, 0.9708601849257495, 0.9868310451106752, 0.9697394228075091, 0.9896329504062763],
 "ValidAcc": [0.11260504201680673, 0.5008403361344538, 0.5487394957983194, 0.6512605042016807, 0.6705882352941176, 0.7495798319327731, 0.7579831932773109, 0.8092436974789916, 0.8201680672268907, 0.8504201680672269, 0.8529411764705882, 0.8453781512605042, 0.8571428571428571, 0.8529411764705882, 0.8554621848739495, 0.8512605042016806, 0.8529411764705882, 0.8504201680672269, 0.8554621848739495, 0.8521008403361344, 0.8546218487394958, 0.8554621848739495, 0.8521008403361344, 0.8512605042016806, 0.853781512605042, 0.8529411764705882, 0.8563025210084033, 0.8453781512605042, 0.8596638655462185, 0.8521008403361344, 0.8546218487394958, 0.8495798319327731, 0.8596638655462185, 0.8529411764705882, 0.8579831932773109, 0.8495798319327731, 0.8546218487394958, 0.8571428571428571, 0.8563025210084033, 0.8588235294117647, 0.8579831932773109, 0.8529411764705882, 0.8554621848739495, 0.8478991596638655, 0.853781512605042, 0.853781512605042, 0.8521008403361344, 0.8470588235294118, 0.8571428571428571, 0.8529411764705882, 0.8588235294117647, 0.8478991596638655, 0.853781512605042, 0.8529411764705882, 0.8512605042016806, 0.8445378151260504, 0.8563025210084033, 0.8554621848739495, 0.8529411764705882, 0.8571428571428571, 0.8621848739495799, 0.853781512605042, 0.8596638655462185, 0.8478991596638655, 0.8638655462184874, 0.8504201680672269, 0.8521008403361344, 0.8478991596638655, 0.8571428571428571, 0.8512605042016806, 0.8512605042016806, 0.8487394957983193, 0.8613445378151261, 0.8495798319327731, 0.8579831932773109, 0.8470588235294118, 0.8588235294117647, 0.8554621848739495, 0.853781512605042, 0.8512605042016806],
 "TestAcc": 0.8579831932773109}