{"Time": "0.0:4.0:26.792425632476807",
 "Epochs": 21,
 "TrainAcc": [109502.1796875, 80599.4296875, 50467.00390625, 41393.48828125, 41152.19140625, 39316.46875, 38485.09765625, 38658.34765625, 38096.75, 37416.5, 37145.4140625, 37265.58203125, 36683.65234375, 36377.66796875, 35304.78125, 35091.3125, 34900.60546875, 35330.95703125, 33526.578125, 33167.421875, 32884.60546875, 32714.634765625, 31670.5703125, 31986.91015625, 31384.166015625, 30820.294921875, 30028.62890625, 29850.884765625, 29229.869140625, 28871.732421875, 27724.453125, 27940.140625, 27714.01953125, 27367.88671875, 26925.103515625, 27359.041015625, 27103.478515625, 26827.412109375, 26332.2578125, 26774.515625, 26440.953125, 26167.44921875, 25985.80859375, 26588.662109375, 26089.994140625, 25837.384765625, 25577.642578125, 26002.8515625, 25939.3984375, 25602.33984375, 25685.400390625, 25668.572265625, 25746.294921875, 25531.5625, 25443.404296875, 25275.75, 25218.3203125, 25097.337890625, 24954.8515625, 25307.056640625, 24860.33984375, 25183.908203125, 24766.3203125, 25388.806640625, 24800.212890625, 25544.822265625, 24498.05859375, 24958.701171875, 25471.16015625, 24770.478515625, 24437.72265625, 24968.771484375, 24408.353515625, 24375.15234375, 24259.416015625, 24811.232421875, 24466.46875, 24351.28125, 24016.421875, 24110.357421875, 24145.3828125, 24191.548828125, 23846.083984375, 24164.962890625],
 "ValidAcc": [108692.203125, 79324.3828125, 48436.6484375, 40015.65625, 39353.1171875, 37451.5625, 36710.6953125, 36957.0546875, 36348.1484375, 35886.125, 35778.17578125, 35051.1484375, 34926.37890625, 34582.0, 33862.71484375, 33470.5546875, 33160.67578125, 33784.16015625, 32150.578125, 31630.255859375, 31712.41796875, 31440.787109375, 30703.583984375, 31150.818359375, 29989.599609375, 29604.41015625, 29202.568359375, 28806.740234375, 28357.037109375, 27872.263671875, 26878.296875, 27406.515625, 26856.279296875, 26714.693359375, 26400.77734375, 26821.365234375, 26254.1875, 26098.912109375, 25646.41796875, 26098.18359375, 25971.015625, 25703.85546875, 25437.779296875, 26139.46484375, 25599.833984375, 25282.54296875, 25394.763671875, 25751.01171875, 25216.654296875, 25117.54296875, 25238.29296875, 25249.25, 25436.07421875, 25138.70703125, 25071.78515625, 24746.79296875, 24777.390625, 24781.44921875, 24540.140625, 25148.396484375, 24484.037109375, 24932.958984375, 24239.990234375, 24791.693359375, 24510.919921875, 25367.86328125, 24258.67578125, 24671.427734375, 25108.23828125, 24297.13671875, 24213.375, 24413.515625, 24347.451171875, 24289.076171875, 23840.0859375, 24611.578125, 24094.74609375, 24028.552734375, 23736.109375, 23962.05859375, 23704.5625, 23959.765625, 23486.34375, 24148.708984375],
 "TestAcc": 26770.63671875}