{"Time": "0.0:4.0:22.954939603805542",
 "Epochs": 90,
 "TrainAcc": [0.20277777777777778, 0.5542168674698795, 0.6842105263157895, 0.7627118644067796, 0.8136645962732919, 0.9056603773584906, 0.9128630705394191, 0.9448529411764706, 0.9737704918032787, 0.9768211920529801, 0.9814241486068112, 0.9874213836477987, 0.9967845659163987, 0.9933774834437086, 0.9960159362549801, 0.9965034965034965, 0.9961685823754789, 1.0, 1.0, 0.9957446808510638, 0.9955555555555555, 0.9955947136563876, 1.0, 1.0, 1.0, 1.0, 1.0, 1.0, 1.0, 1.0, 1.0, 1.0, 1.0, 1.0, 1.0, 1.0, 1.0, 1.0, 0.996309963099631, 0.9957805907172996, 0.9959839357429718, 0.9959677419354839, 1.0, 1.0, 1.0, 1.0, 1.0, 1.0, 0.9918032786885246, 0.9956896551724138, 0.9958677685950413, 1.0, 1.0, 1.0, 1.0, 1.0, 1.0, 1.0, 1.0, 1.0, 1.0, 1.0, 1.0, 1.0, 1.0, 1.0, 1.0, 1.0, 1.0, 1.0, 1.0, 1.0, 1.0, 1.0, 1.0, 1.0, 1.0, 1.0, 1.0, 1.0, 1.0, 1.0, 1.0, 1.0, 1.0, 1.0, 1.0, 1.0, 1.0, 1.0],
 "ValidAcc": [0.09166666666666666, 0.125, 0.20689655172413793, 0.2702702702702703, 0.2807017543859649, 0.2777777777777778, 0.2987012987012987, 0.35064935064935066, 0.4148936170212766, 0.43820224719101125, 0.5106382978723404, 0.5111111111111111, 0.5529411764705883, 0.5402298850574713, 0.5714285714285714, 0.5454545454545454, 0.631578947368421, 0.5967741935483871, 0.5686274509803921, 0.5476190476190477, 0.5818181818181818, 0.6666666666666666, 0.4927536231884058, 0.5192307692307693, 0.5714285714285714, 0.5849056603773585, 0.6296296296296297, 0.64, 0.5434782608695652, 0.5777777777777777, 0.6, 0.6, 0.6037735849056604, 0.5625, 0.5818181818181818, 0.6041666666666666, 0.7037037037037037, 0.5573770491803278, 0.6071428571428571, 0.6078431372549019, 0.6041666666666666, 0.7021276595744681, 0.5892857142857143, 0.6444444444444445, 0.6170212765957447, 0.6, 0.574468085106383, 0.6304347826086957, 0.5111111111111111, 0.7209302325581395, 0.5714285714285714, 0.639344262295082, 0.6111111111111112, 0.5925925925925926, 0.6363636363636364, 0.5849056603773585, 0.6071428571428571, 0.6470588235294118, 0.6111111111111112, 0.6363636363636364, 0.6274509803921569, 0.6041666666666666, 0.6274509803921569, 0.5510204081632653, 0.5689655172413793, 0.5283018867924528, 0.6101694915254238, 0.6037735849056604, 0.6071428571428571, 0.6, 0.6, 0.625, 0.6326530612244898, 0.5660377358490566, 0.6226415094339622, 0.6153846153846154, 0.6470588235294118, 0.6346153846153846, 0.5370370370370371, 0.5714285714285714, 0.576271186440678, 0.6229508196721312, 0.6271186440677966, 0.54, 0.5614035087719298, 0.603448275862069, 0.5652173913043478, 0.5714285714285714, 0.576271186440678, 0.5384615384615384],
 "TestAcc": 0.5714285714285714,
 "Test_Pred": [3, 25, 0, 23, 25, 25, 17, 27, 27, 6, 10, 15, 2, 0, 19, 17, 14, 5, 3, 19, 25, 20, 29, 24, 28, 27, 25, 25, 29, 4, 7, 1, 27, 25, 21, 25, 15, 20, 25, 14, 19, 1, 24, 16, 9, 27, 7, 1, 0],
 "Test_Target": [3, 25, 0, 23, 1, 6, 17, 27, 22, 6, 10, 15, 1, 0, 15, 17, 24, 5, 3, 15, 5, 20, 29, 24, 28, 22, 25, 26, 15, 4, 7, 7, 1, 5, 21, 25, 19, 2, 5, 14, 9, 2, 24, 16, 9, 22, 7, 1, 2],
 "Test_fnames": ["./data/2009/Ciliate_mix/IFCB1_2009_122_163134_00049.png", "./data/2009/Ciliate_mix/IFCB1_2009_362_032219_00760.png", "./data/2006/bad/IFCB1_2006_158_182925_05361.png", "./data/2009/Asterionellopsis/IFCB1_2009_022_005008_01034.png", "./data/2009/Thalassiosira_dirty/IFCB1_2009_022_002654_01575.png", "./data/2009/Chaetoceros/IFCB1_2009_211_153356_00989.png", "./data/2012/Heterocapsa_triquetra/IFCB1_2012_151_154317_01071.png", "./data/2007/Corethron/IFCB1_2007_024_213700_02102.png", "./data/2013/Dictyocha/IFCB1_2013_001_081645_01276.png", "./data/2011/Pleurosigma/IFCB5_2011_316_191740_06940.png", "./data/2012/Guinardia_flaccida/IFCB5_2012_052_021037_00483.png", "./data/2008/Guinardia_striata/IFCB1_2008_349_174035_01765.png", "./data/2011/Thalassiosira_dirty/IFCB5_2011_326_170712_00466.png", "./data/2012/dino30/IFCB5_2012_066_192107_02606.png", "./data/2013/Thalassiosira/IFCB1_2013_011_180852_00186.png", "./data/2011/Corethron/IFCB5_2011_015_194623_00800.png", "./data/2011/Dictyocha/IFCB5_2011_001_171342_02564.png", "./data/2007/Guinardia_delicatula/IFCB1_2007_017_005201_01182.png", "./data/2011/Leptocylindrus/IFCB5_2011_326_175336_07800.png", "./data/2011/Dictyocha/IFCB5_2011_326_194937_07186.png", "./data/2009/Guinardia_striata/IFCB1_2009_228_002831_01828.png", "./data/2014/Guinardia_striata/IFCB5_2014_259_122510_03663.png", "./data/2010/Chaetoceros/IFCB5_2010_249_012602_07456.png", "./data/2008/Asterionellopsis/IFCB1_2008_001_004404_00949.png", "./data/2006/Eucampia/IFCB1_2006_309_003838_00379.png", "./data/2014/Leptocylindrus/IFCB1_2014_188_222013_00723.png", "./data/2009/Guinardia_delicatula/IFCB1_2009_067_004943_01445.png", "./data/2009/Pleurosigma/IFCB1_2009_188_002300_05109.png", "./data/2014/Chaetoceros/IFCB5_2014_259_120213_03884.png", "./data/2011/Tintinnid/IFCB5_2011_330_195348_04700.png", "./data/2012/Guinardia_delicatula/IFCB5_2012_052_025703_02174.png", "./data/2007/Pleurosigma/IFCB1_2007_027_000718_01878.png", "./data/2008/Tintinnid/IFCB1_2008_363_094233_01359.png", "./data/2013/detritus/IFCB5_2013_167_152816_01460.png", "./data/2011/Dictyocha/IFCB5_2011_330_195348_03007.png", "./data/2008/Skeletonema/IFCB1_2008_318_192854_04387.png", "./data/2012/Heterocapsa_triquetra/IFCB1_2012_151_154317_01727.png", "./data/2012/Heterocapsa_triquetra/IFCB1_2012_151_154317_00278.png", "./data/2009/Ditylum/IFCB1_2009_022_222419_00529.png", "./data/2010/Cylindrotheca/IFCB1_2010_132_164328_00157.png", "./data/2012/Ciliate_mix/IFCB1_2012_258_181419_00642.png", "./data/2013/Leptocylindrus/IFCB5_2013_325_230315_01674.png", "./data/2014/Cylindrotheca/IFCB5_2014_057_184322_02897.png", "./data/2008/Skeletonema/IFCB1_2008_248_004347_03143.png", "./data/2012/Skeletonema/IFCB1_2012_292_093250_00459.png", "./data/2009/Ditylum/IFCB1_2009_030_163951_01656.png", "./data/2013/dino30/IFCB5_2013_184_211057_03219.png", "./data/2013/Heterocapsa_triquetra/IFCB5_2013_235_182200_00205.png", "./data/2009/Dictyocha/IFCB1_2009_022_005008_00858.png", "./data/2007/Corethron/IFCB1_2007_360_184927_01753.png", "./data/2012/pennate/IFCB1_2012_282_205545_00603.png", "./data/2011/Tintinnid/IFCB5_2011_001_173655_02936.png", "./data/2010/Ditylum/IFCB1_2010_001_164439_02967.png", "./data/2012/Chaetoceros/IFCB1_2012_273_035637_00160.png", "./data/2009/Dictyocha/IFCB1_2009_309_180858_08979.png", "./data/2013/flagellate_sp3/IFCB5_2013_213_162635_05973.png", "./data/2013/Thalassiosira/IFCB1_2013_302_170210_04227.png", "./data/2011/Prorocentrum/IFCB1_2011_240_193426_01877.png", "./data/2011/bad/IFCB5_2011_304_190824_07867.png", "./data/2009/Laboea_strobila/IFCB1_2009_122_130238_00602.png", "./data/2012/detritus/IFCB5_2012_192_171632_06015.png", "./data/2014/Guinardia_striata/IFCB5_2014_259_120213_01298.png", "./data/2007/Leptocylindrus/IFCB1_2007_089_004753_02419.png", "./data/2009/Corethron/IFCB1_2009_300_194929_02076.png", "./data/2008/Dinobryon/IFCB1_2008_114_173253_00838.png", "./data/2007/Guinardia_flaccida/IFCB1_2007_105_162725_00465.png", "./data/2010/Skeletonema/IFCB5_2010_345_120048_05249.png", "./data/2009/Dinobryon/IFCB1_2009_292_003918_00066.png", "./data/2012/Chaetoceros/IFCB1_2012_311_162214_01291.png", "./data/2010/Cylindrotheca/IFCB1_2010_141_161721_07620.png", "./data/2009/Guinardia_striata/IFCB1_2009_228_005118_02548.png", "./data/2014/Heterocapsa_triquetra/IFCB5_2014_060_064942_01559.png", "./data/2009/Prorocentrum/IFCB1_2009_276_185819_01542.png", "./data/2007/Thalassionema/IFCB1_2007_305_161711_04513.png", "./data/2012/bad/IFCB1_2012_282_200950_00173.png", "./data/2007/Thalassionema/IFCB1_2007_001_164010_02274.png", "./data/2009/Thalassiosira_dirty/IFCB1_2009_276_122947_02879.png", "./data/2008/Pseudonitzschia/IFCB1_2008_237_195716_00590.png", "./data/2010/Chaetoceros_flagellate/IFCB5_2010_259_094055_00754.png", "./data/2013/Skeletonema/IFCB5_2013_153_131718_06513.png", "./data/2013/Chaetoceros_flagellate/IFCB5_2013_213_160322_01932.png", "./data/2009/Dictyocha/IFCB1_2009_300_164330_02917.png", 