{"Time": "0.0:4.0:41.863210678100586",
 "Epochs": 95,
 "TrainAcc": [0.041666666666666664, 0.062111801242236024, 0.10793650793650794, 0.12941176470588237, 0.15151515151515152, 0.15838509316770186, 0.20783132530120482, 0.23692307692307693, 0.29153605015673983, 0.33116883116883117, 0.291044776119403, 0.3231939163498099, 0.3346153846153846, 0.32661290322580644, 0.30943396226415093, 0.3648068669527897, 0.32786885245901637, 0.2918287937743191, 0.3413654618473896, 0.3179916317991632, 0.3858267716535433, 0.42292490118577075, 0.41106719367588934, 0.450199203187251, 0.46037735849056605, 0.4840989399293286, 0.4939759036144578, 0.55893536121673, 0.5313807531380753, 0.5526315789473685, 0.6045627376425855, 0.5809128630705395, 0.6371681415929203, 0.6309523809523809, 0.5872340425531914, 0.6626506024096386, 0.6796116504854369, 0.6403940886699507, 0.6712962962962963, 0.6376146788990825, 0.6616915422885572, 0.6486486486486487, 0.6842105263157895, 0.6570048309178744, 0.6618357487922706, 0.645, 0.6903765690376569, 0.6768060836501901, 0.7333333333333333, 0.7316017316017316, 0.7424242424242424, 0.7318181818181818, 0.7317073170731707, 0.7083333333333334, 0.6910994764397905, 0.7121212121212122, 0.7523809523809524, 0.7662337662337663, 0.7732793522267206, 0.7863636363636364, 0.7963800904977375, 0.8481012658227848, 0.8356164383561644, 0.8264840182648402, 0.828125, 0.8465346534653465, 0.8666666666666667, 0.8564593301435407, 0.8584905660377359, 0.8403755868544601, 0.8601036269430051, 0.8226600985221675, 0.8363636363636363, 0.8428571428571429, 0.8252427184466019, 0.8008474576271186, 0.8450704225352113, 0.8303571428571429, 0.8454545454545455, 0.8528138528138528, 0.8185654008438819, 0.8685446009389671, 0.853448275862069, 0.8669724770642202, 0.8490566037735849, 0.8525345622119815, 0.8602620087336245, 0.8785046728971962, 0.839622641509434, 0.8523809523809524, 0.8812785388127854, 0.8211009174311926, 0.8558558558558559, 0.8577586206896551, 0.8529411764705882],
 "ValidAcc": [0.05, 0.05319148936170213, 0.0707070707070707, 0.06521739130434782, 0.07142857142857142, 0.07792207792207792, 0.0945945945945946, 0.12857142857142856, 0.2318840579710145, 0.13043478260869565, 0.17391304347826086, 0.11627906976744186, 0.2, 0.1836734693877551, 0.17391304347826086, 0.16, 0.12244897959183673, 0.0975609756097561, 0.13725490196078433, 0.24489795918367346, 0.26, 0.15555555555555556, 0.23255813953488372, 0.225, 0.2619047619047619, 0.22, 0.34210526315789475, 0.3, 0.3333333333333333, 0.35135135135135137, 0.3333333333333333, 0.34146341463414637, 0.3142857142857143, 0.325, 0.39473684210526316, 0.35, 0.34285714285714286, 0.32432432432432434, 0.3684210526315789, 0.38235294117647056, 0.2777777777777778, 0.38235294117647056, 0.37142857142857144, 0.37142857142857144, 0.37142857142857144, 0.41935483870967744, 0.35, 0.4358974358974359, 0.4090909090909091, 0.4166666666666667, 0.38235294117647056, 0.4117647058823529, 0.43243243243243246, 0.375, 0.4117647058823529, 0.4444444444444444, 0.375, 0.48717948717948717, 0.375, 0.42857142857142855, 0.5135135135135135, 0.4473684210526316, 0.41935483870967744, 0.4722222222222222, 0.42857142857142855, 0.375, 0.47058823529411764, 0.4, 0.4857142857142857, 0.3888888888888889, 0.48484848484848486, 0.46875, 0.40625, 0.48484848484848486, 0.5151515151515151, 0.47058823529411764, 0.3333333333333333, 0.3888888888888889, 0.5142857142857142, 0.48484848484848486, 0.4, 0.4827586206896552, 0.41379310344827586, 0.43333333333333335, 0.39285714285714285, 0.40625, 0.4594594594594595, 0.4722222222222222, 0.41025641025641024, 0.3870967741935484, 0.4482758620689655, 0.34375, 0.4411764705882353, 0.3939393939393939, 0.40625],
 "TestAcc": 0.17142857142857143,
 "Test_Pred": [14, 4, 0, 17, 8, 10, 9, 2, 14, 29, 1, 8, 29, 11, 9, 24, 28, 17, 27, 7, 1, 25, 17, 21, 27, 0, 0, 3, 10, 17, 8, 8, 29, 2, 8],
 "Test_Target": [3, 3, 6, 22, 4, 10, 12, 1, 24, 5, 3, 8, 29, 8, 1, 6, 28, 18, 26, 7, 7, 5, 18, 21, 23, 6, 2, 0, 11, 12, 9, 12, 5, 21, 11],
 "Test_fnames": ["./data/2009/Ciliate_mix/IFCB1_2009_122_163134_00049.png", "./data/2009/Ciliate_mix/IFCB1_2009_362_032219_00760.png", "./data/2006/bad/IFCB1_2006_158_182925_05361.png", "./data/2009/Asterionellopsis/IFCB1_2009_022_005008_01034.png", "./data/2009/Thalassiosira_dirty/IFCB1_2009_022_002654_01575.png", "./data/2009/Chaetoceros/IFCB1_2009_211_153356_00989.png", "./data/2012/Heterocapsa_triquetra/IFCB1_2012_151_154317_01071.png", "./data/2007/Corethron/IFCB1_2007_024_213700_02102.png", "./data/2013/Dictyocha/IFCB1_2013_001_081645_01276.png", "./data/2011/Pleurosigma/IFCB5_2011_316_191740_06940.png", "./data/2012/Guinardia_flaccida/IFCB5_2012_052_021037_00483.png", "./data/2008/Guinardia_striata/IFCB1_2008_349_174035_01765.png", "./data/2011/Thalassiosira_dirty/IFCB5_2011_326_170712_00466.png", "./data/2012/dino30/IFCB5_2012_066_192107_02606.png", "./data/2013/Thalassiosira/IFCB1_2013_011_180852_00186.png", "./data/2011/Corethron/IFCB5_2011_015_194623_00800.png", "./data/2011/Dictyocha/IFCB5_2011_001_171342_02564.png", "./data/2007/Guinardia_delicatula/IFCB1_2007_017_005201_01182.png", "./data/2011/Leptocylindrus/IFCB5_2011_326_175336_07800.png", "./data/2011/Dictyocha/IFCB5_2011_326_194937_07186.png", "./data/2009/Guinardia_striata/IFCB1_2009_228_002831_01828.png", "./data/2014/Guinardia_striata/IFCB5_2014_259_122510_03663.png", "./data/2010/Chaetoceros/IFCB5_2010_249_012602_07456.png", "./data/2008/Asterionellopsis/IFCB1_2008_001_004404_00949.png", "./data/2006/Eucampia/IFCB1_2006_309_003838_00379.png", "./data/2014/Leptocylindrus/IFCB1_2014_188_222013_00723.png", "./data/2009/Guinardia_delicatula/IFCB1_2009_067_004943_01445.png", "./data/2009/Pleurosigma/IFCB1_2009_188_002300_05109.png", "./data/2014/Chaetoceros/IFCB5_2014_259_120213_03884.png", "./data/2011/Tintinnid/IFCB5_2011_330_195348_04700.png", "./data/2012/Guinardia_delicatula/IFCB5_2012_052_025703_02174.png", "./data/2007/Pleurosigma/IFCB1_2007_027_000718_01878.png", "./data/2008/Tintinnid/IFCB1_2008_363_094233_01359.png", "./data/2013/detritus/IFCB5_2013_167_152816_01460.png", "./data/2011/Dictyocha/IFCB5_2011_330_195348_03007.png", "./data/2008/Skeletonema/IFCB1_2008_318_192854_04387.png", "./data/2012/Heterocapsa_triquetra/IFCB1_2012_151_154317_01727.png", "./data/2012/Heterocapsa_triquetra/IFCB1_2012_151_154317_00278.png", "./data/2009/Ditylum/IFCB1_2009_022_222419_00529.png", "./data/2010/Cylindrotheca/IFCB1_2010_132_164328_00157.png", "./data/2012/Ciliate_mix/IFCB1_2012_258_181419_00642.png", "./data/2013/Leptocylindrus/IFCB5_2013_325_230315_01674.png", "./data/2014/Cylindrotheca/IFCB5_2014_057_184322_02897.png", "./data/2008/Skeletonema/IFCB1_2008_248_004347_03143.png", "./data/2012/Skeletonema/IFCB1_2012_292_093250_00459.png", "./data/2009/Ditylum/IFCB1_2009_030_163951_01656.png", "./data/2013/dino30/IFCB5_2013_184_211057_03219.png", "./data/2013/Heterocapsa_triquetra/IFCB5_2013_235_182200_00205.png", "./data/2009/Dictyocha/IFCB1_2009_022_005008_00858.png", "./data/2007/Corethron/IFCB1_2007_360_184927_01753.png", "./data/2012/pennate/IFCB1_2012_282_205545_00603.png", "./data/2011/Tintinnid/IFCB5_2011_001_173655_02936.png", "./data/2010/Ditylum/IFCB1_2010_001_164439_02967.png", "./data/2012/Chaetoceros/IFCB1_2012_273_035637_00160.png", "./data/2009/Dictyocha/IFCB1_2009_309_180858_08979.png", "./data/2013/flagellate_sp3/IFCB5_2013_213_162635_05973.png", "./data/2013/Thalassiosira/IFCB1_2013_302_170210_04227.png", "./data/2011/Prorocentrum/IFCB1_2011_240_193426_01877.png", "./data/2011/bad/IFCB5_2011_304_190824_07867.png", "./data/2009/Laboea_strobila/IFCB1_2009_122_130238_00602.png", "./data/2012/detritus/IFCB5_2012_192_171632_06015.png", "./data/2014/Guinardia_striata/IFCB5_2014_259_120213_01298.png", "./data/2007/Leptocylindrus/IFCB1_2007_089_004753_02419.png", "./data/2009/Corethron/IFCB1_2009_300_194929_02076.png", "./data/2008/Dinobryon/IFCB1_2008_114_173253_00838.png", "./data/2007/Guinardia_flaccida/IFCB1_2007_105_162725_00465.png", "./data/2010/Skeletonema/IFCB5_2010_345_120048_05249.png", 