{"Epochs": 1, "TrainAcc": [0.14316666666666666, 0.7240833333333333, 0.8081666666666667, 0.8471666666666666, 0.8743333333333333], "ValidAcc": [0.13775, 0.7205, 0.80275, 0.8295, 0.85775], "TestAcc": 0.86775}