{"Epochs": 34, "TrainAcc": [0.22466666666666665, 0.7643333333333333, 0.8430833333333333, 0.8791666666666667, 0.8771666666666667, 0.8778333333333334, 0.9024166666666666, 0.9005, 0.9100833333333334, 0.9195, 0.92, 0.9283333333333333, 0.9235833333333333, 0.9276666666666666, 0.9331666666666667, 0.9336666666666666, 0.9274166666666667, 0.9233333333333333, 0.9303333333333333, 0.9325833333333333, 0.9200833333333334, 0.9373333333333334, 0.9485, 0.9388333333333333, 0.93575, 0.9350833333333334, 0.9448333333333333, 0.9429166666666666, 0.9485833333333333, 0.93725, 0.9466666666666667, 0.9496666666666667, 0.95925, 0.9611666666666666, 0.9596666666666667, 0.9569166666666666, 0.9555833333333333, 0.95675, 0.95175, 0.9491666666666667, 0.9578333333333333, 0.957, 0.9593333333333334, 0.9539166666666666, 0.9605833333333333, 0.9556666666666667, 0.9599166666666666, 0.9643333333333334, 0.9571666666666667, 0.9653333333333334, 0.9653333333333334, 0.97, 0.9664166666666667, 0.94925, 0.9614166666666667, 0.9525833333333333, 0.9544166666666667, 0.95775, 0.95525, 0.9645833333333333, 0.9593333333333334, 0.9626666666666667, 0.9544166666666667, 0.9646666666666667, 0.96875, 0.9729166666666667, 0.96925, 0.9624166666666667, 0.9659166666666666, 0.97625, 0.9765, 0.97475, 0.9801666666666666, 0.9775833333333334, 0.9753333333333334, 0.9774166666666667, 0.9790833333333333, 0.9684166666666667, 0.96825, 0.9680833333333333, 0.9748333333333333, 0.9705833333333334, 0.9716666666666667, 0.97475, 0.9708333333333333, 0.9601666666666666, 0.9735, 0.977, 0.9683333333333334, 0.9665, 0.9715, 0.9573333333333334, 0.9363333333333334, 0.94475, 0.95275, 0.9443333333333334, 0.9621666666666666, 0.95775, 0.96775, 0.9660833333333333, 0.9635, 0.9615, 0.973, 0.9721666666666666, 0.9821666666666666, 0.97975, 0.9793333333333333, 0.9800833333333333, 0.9725, 0.9745, 0.9654166666666667, 0.9759166666666667, 0.97825, 0.9828333333333333, 0.9810833333333333, 0.973, 0.9814166666666667, 0.9835833333333334, 0.9831666666666666, 0.9864166666666667, 0.9790833333333333, 0.9863333333333333, 0.9815833333333334, 0.98825, 0.9849166666666667, 0.9874166666666667, 0.9813333333333333, 0.9810833333333333, 0.9838333333333333, 0.9769166666666667, 0.9756666666666667, 0.9194166666666667, 0.9320833333333334, 0.959, 0.9576666666666667, 0.9640833333333333, 0.9635833333333333, 0.9651666666666666, 0.9600833333333333, 0.9609166666666666, 0.958, 0.9544166666666667, 0.9475, 0.9575833333333333, 0.952, 0.962, 0.9688333333333333, 0.975, 0.97475, 0.9745, 0.9738333333333333, 0.9754166666666667, 0.9691666666666666, 0.9663333333333334, 0.9581666666666667, 0.9623333333333334, 0.9605, 0.9646666666666667, 0.95025, 0.9585833333333333, 0.9625, 0.953, 0.9488333333333333, 0.9624166666666667, 0.9501666666666667, 0.93075, 0.9464166666666667, 0.9566666666666667, 0.97, 0.9646666666666667], "ValidAcc": [0.22775, 0.75675, 0.8275, 0.86825, 0.85575, 0.856, 0.87975, 0.8795, 0.88075, 0.88425, 0.88925, 0.8965, 0.89325, 0.89325, 0.89025, 0.896, 0.88725, 0.88475, 0.88775, 0.88825, 0.8835, 0.89825, 0.91, 0.89575, 0.89225, 0.89175, 0.895, 0.8995, 0.9085, 0.89775, 0.89875, 0.91025, 0.9085, 0.90775, 0.9115, 0.90975, 0.90275, 0.913, 0.89875, 0.90125, 0.9025, 0.9035, 0.90925, 0.9005, 0.90525, 0.903, 0.90425, 0.9155, 0.90525, 0.91425, 0.91375, 0.915, 0.917, 0.90375, 0.91375, 0.9015, 0.8985, 0.90475, 0.89875, 0.91325, 0.913, 0.911, 0.8965, 0.91375, 0.911, 0.91425, 0.91175, 0.907, 0.9095, 0.92475, 0.925, 0.91625, 0.922, 0.926, 0.9155, 0.9195, 0.9225, 0.915, 0.90825, 0.9075, 0.916, 0.9115, 0.90575, 0.9185, 0.90975, 0.90125, 0.91175, 0.9115, 0.89825, 0.89725, 0.90675, 0.894, 0.87975, 0.88375, 0.8935, 0.88275, 0.9005, 0.894, 0.90475, 0.90775, 0.902, 0.89975, 0.9095, 0.90725, 0.9185, 0.9185, 0.92275, 0.92075, 0.91275, 0.91975, 0.912, 0.9125, 0.919, 0.92375, 0.92275, 0.90975, 0.914, 0.91925, 0.91525, 0.91575, 0.91575, 0.92125, 0.91625, 0.921, 0.918, 0.92675, 0.9175, 0.91775, 0.9275, 0.91225, 0.9095, 0.85575, 0.86725, 0.8925, 0.8935, 0.896, 0.90275, 0.9, 0.89475, 0.893, 0.897, 0.89525, 0.88575, 0.89575, 0.89375, 0.9025, 0.902, 0.91325, 0.9055, 0.91025, 0.91025, 0.90725, 0.908, 0.90575, 0.8945, 0.89225, 0.88825, 0.896, 0.88625, 0.8875, 0.89525, 0.889, 0.89125, 0.9025, 0.882, 0.86575, 0.87525, 0.89275, 0.90975, 0.90075], "TestAcc": 0.923}
