{"Time": "0.0:1.0:16.726489067077637",
 "Epochs": 25,
 "TrainAcc": [0.03611111111111111, 0.0440251572327044, 0.07164179104477612, 0.0912280701754386, 0.15584415584415584, 0.18731117824773413, 0.16058394160583941, 0.19029850746268656, 0.25555555555555554, 0.24087591240875914, 0.23137254901960785, 0.19318181818181818, 0.22433460076045628, 0.1975806451612903, 0.22, 0.2140221402214022, 0.18613138686131386, 0.2, 0.210727969348659, 0.18007662835249041, 0.22262773722627738, 0.2339622641509434, 0.24334600760456274, 0.19217081850533807, 0.22868217054263565],
 "ValidAcc": [0.03333333333333333, 0.04, 0.031578947368421054, 0.0945945945945946, 0.15789473684210525, 0.14457831325301204, 0.10909090909090909, 0.05263157894736842, 0.05555555555555555, 0.038461538461538464, 0.06382978723404255, 0.09803921568627451, 0.03571428571428571, 0.07142857142857142, 0.10344827586206896, 0.03636363636363636, 0.10714285714285714, 0.06451612903225806, 0.07407407407407407, 0.10714285714285714, 0.05454545454545454, 0.08771929824561403, 0.10714285714285714, 0.1, 0.07142857142857142],
 "TestAcc": 0.07692307692307693,
 "Test_Pred": [24, 25, 11, 14, 3, 3, 23, 1, 12, 12, 13, 9, 8, 1, 4, 11, 5, 15, 9, 11, 2, 22, 11, 8, 3, 11, 12, 0, 8, 0, 11, 25, 11, 15, 6, 8, 15, 16, 15, 10, 11, 24, 16, 25, 14, 17, 17, 12, 14, 3, 11, 8, 11, 8, 26, 15, 7, 11, 17, 9, 7, 3, 1, 4, 8],
 "Test_Target": [3, 1, 13, 6, 22, 4, 10, 12, 1, 0, 17, 10, 24, 20, 13, 13, 5, 3, 15, 20, 20, 29, 6, 28, 22, 18, 25, 15, 4, 7, 7, 5, 12, 25, 21, 23, 19, 2, 20, 2, 6, 18, 5, 5, 14, 9, 17, 2, 16, 0, 19, 16, 22, 11, 24, 16, 12, 9, 12, 22, 7, 3, 18, 2, 11],
 "Test_fnames": ["./data/2009/Ciliate_mix/IFCB1_2009_122_163134_00049.png", "./data/2009/Ciliate_mix/IFCB1_2009_362_032219_00760.png", "./data/2006/bad/IFCB1_2006_158_182925_05361.png", "./data/2009/Asterionellopsis/IFCB1_2009_022_005008_01034.png", "./data/2009/Thalassiosira_dirty/IFCB1_2009_022_002654_01575.png", "./data/2009/Chaetoceros/IFCB1_2009_211_153356_00989.png", "./data/2012/Heterocapsa_triquetra/IFCB1_2012_151_154317_01071.png", "./data/2007/Corethron/IFCB1_2007_024_213700_02102.png", "./data/2013/Dictyocha/IFCB1_2013_001_081645_01276.png", "./data/2011/Pleurosigma/IFCB5_2011_316_191740_06940.png", "./data/2012/Guinardia_flaccida/IFCB5_2012_052_021037_00483.png", "./data/2008/Guinardia_striata/IFCB1_2008_349_174035_01765.png", "./data/2011/Thalassiosira_dirty/IFCB5_2011_326_170712_00466.png", "./data/2012/dino30/IFCB5_2012_066_192107_02606.png", "./data/2013/Thalassiosira/IFCB1_2013_011_180852_00186.png", "./data/2011/Corethron/IFCB5_2011_015_194623_00800.png", "./data/2011/Dictyocha/IFCB5_2011_001_171342_02564.png", "./data/2007/Guinardia_delicatula/IFCB1_2007_017_005201_01182.png", "./data/2011/Leptocylindrus/IFCB5_2011_326_175336_07800.png", "./data/2011/Dictyocha/IFCB5_2011_326_194937_07186.png", "./data/2009/Guinardia_striata/IFCB1_2009_228_002831_01828.png", "./data/2014/Guinardia_striata/IFCB5_2014_259_122510_03663.png", "./data/2010/Chaetoceros/IFCB5_2010_249_012602_07456.png", "./data/2008/Asterionellopsis/IFCB1_2008_001_004404_00949.png", "./data/2006/Eucampia/IFCB1_2006_309_003838_00379.png", "./data/2014/Leptocylindrus/IFCB1_2014_188_222013_00723.png", "./data/2009/Guinardia_delicatula/IFCB1_2009_067_004943_01445.png", "./data/2009/Pleurosigma/IFCB1_2009_188_002300_05109.png", "./data/2014/Chaetoceros/IFCB5_2014_259_120213_03884.png", "./data/2011/Tintinnid/IFCB5_2011_330_195348_04700.png", "./data/2012/Guinardia_delicatula/IFCB5_2012_052_025703_02174.png", "./data/2007/Pleurosigma/IFCB1_2007_027_000718_01878.png", "./data/2008/Tintinnid/IFCB1_2008_363_094233_01359.png", "./data/2013/detritus/IFCB5_2013_167_152816_01460.png", "./data/2011/Dictyocha/IFCB5_2011_330_195348_03007.png", "./data/2008/Skeletonema/IFCB1_2008_318_192854_04387.png", "./data/2012/Heterocapsa_triquetra/IFCB1_2012_151_154317_01727.png", "./data/2012/Heterocapsa_triquetra/IFCB1_2012_151_154317_00278.png", "./data/2009/Ditylum/IFCB1_2009_022_222419_00529.png", "./data/2010/Cylindrotheca/IFCB1_2010_132_164328_00157.png", "./data/2012/Ciliate_mix/IFCB1_2012_258_181419_00642.png", "./data/2013/Leptocylindrus/IFCB5_2013_325_230315_01674.png", "./data/2014/Cylindrotheca/IFCB5_2014_057_184322_02897.png", "./data/2008/Skeletonema/IFCB1_2008_248_004347_03143.png", "./data/2012/Skeletonema/IFCB1_2012_292_093250_00459.png", "./data/2009/Ditylum/IFCB1_2009_030_163951_01656.png", "./data/2013/dino30/IFCB5_2013_184_211057_03219.png", "./data/2013/Heterocapsa_triquetra/IFCB5_2013_235_182200_00205.png", "./data/2009/Dictyocha/IFCB1_2009_022_005008_00858.png", "./data/2007/Corethron/IFCB1_2007_360_184927_01753.png", "./data/2012/pennate/IFCB1_2012_282_205545_00603.png", "./data/2011/Tintinnid/IFCB5_2011_001_173655_02936.png", "./data/2010/Ditylum/IFCB1_2010_001_164439_02967.png", "./data/2012/Chaetoceros/IFCB1_2012_273_035637_00160.png", "./data/2009/Dictyocha/IFCB1_2009_309_180858_08979.png", "./data/2013/flagellate_sp3/IFCB5_2013_213_162635_05973.png", "./data/2013/Thalassiosira/IFCB1_2013_302_170210_04227.png", "./data/2011/Prorocentrum/IFCB1_2011_240_193426_01877.png", "./data/2011/bad/IFCB5_2011_304_190824_07867.png", "./data/2009/Laboea_strobila/IFCB1_2009_122_130238_00602.png", "./data/2012/detritus/IFCB5_2012_192_171632_06015.png", "./data/2014/Guinardia_striata/IFCB5_2014_259_120213_01298.png", "./data/2007/Leptocylindrus/IFCB1_2007_089_004753_02419.png", "./data/2009/Corethron/IFCB1_2009_300_194929_02076.png", "./data/2008/Dinobryon/IFCB1_2008_114_173253_00838.png", "./data/2007/Guinardia_flaccida/IFCB1_2007_105_162725_00465.png", "./data/2010/Skeletonema/IFCB5_2010_345_120048_05249.png", "./data/2009/Dinobryon/IFCB1_2009_292_003918_00066.png", "./data/2012/Chaetoceros/IFCB1_2012_311_162214_01291.png", "./data/2010/Cylindrotheca/IFCB1_2010_141_161721_07620.png", "./data/2009/Guinardia_striata/IFCB1_2009_228_005118_02548.png", "./data/2014/Heterocapsa_triquetra/IFCB5_2014_060_064942_01559.png", "./data/2009/Prorocentrum/IFCB1_2009_276_185819_01542.png", "./data/2007/Thalassionema/IFCB1_2007_305_161711_04513.png", "./data/2012/bad/IFCB1_2012_282_200950_00173.png", "./data/2007/Thalassionema/IFCB1_2007_001_164010_02274.png", "./data/2009/Thalassiosira_dirty/IFCB1_2009_276_122947_02879.png", "./data/2008/Pseudonitzschia/IFCB1_2008_237_195716_00590.png", "./data/2010/Chaetoceros_flagellate/IFCB5_2010_259_094055_00754.png", "./data/2013/Skeletonema/IFCB5_2013_153_131718_06513.png", "./data/2013/Chaetoceros_flagellate/IFCB5_2013_213_160322_01932.png", "./data/2009/Dictyocha/IFCB1_2009_300_164330_02917.png", "./data/2010/Prorocentrum/IFCB5_2010_259_184200_00048.png", "./data/2010/Cylindrotheca/IFCB1_2010_132_185641_04786.png", "./data/2009/detritus/IFCB1_2009_051_005834_01269.png", "./data/2010/Cylindrotheca/IFCB1_2010_132_164328_03816.png", "./data/2010/Laboea_strobila/IFCB1_2010_120_180116_02989.png", "./data/2011/Eucampia/IFCB5_2011_060_164616_00349.png", "./data/2012/Pleurosigma/IFCB1_2012_142_015832_00483.png", "./data/2008/Chaetoceros_flagellate/IFCB1_2008_116_215800_01261.png", "./data/2009/Phaeocystis/IFCB1_2009_030_174951_00246.png", "./data/2008/Asterionellopsis/IFCB1_2008_095_200706_00879.png", "./data/2012/Pseudonitzschia/IFCB5_2012_066_163841_01375.png", "./data/2014/Thalassiosira_dirty/IFCB5_2014_002_203908_01543.png", "./data/2014/Tintinnid/IFCB5_2014_134_011015_03615.png", "./data/2008/Prorocentrum/IFCB1_2008_240_190615_04513.png", "./data/2009/Phaeocystis/IFCB1_2009_045_162814_02918.png", "./data/2013/Thalassiosira/IFCB1_2013_302_161504_05545.png", "./data/2007/Guinardia_flaccida/IFCB1_2007_120_182130_00289.png", "./data/2008/Tintinnid/IFCB1_2008_194_061440_04155.png", "./data/2009/Phaeocystis/IFCB1_2009_067_165903_00773.png", "./data/2006/Cylindrotheca/IFCB1_2006_158_185109_02863.png", "./data/2006/Guinardia_striata/IFCB1_2006_353_195110_01681.png", "./data/2011/Eucampia/IFCB1_2011_264_214016_00290.png", "./data/2008/Dictyocha/IFCB1_2008_085_021946_07117.png", 