{"Time": "0.0:2.0:56.971041679382324",
 "Epochs": 60,
 "TrainAcc": [0.058333333333333334, 0.0946372239747634, 0.18529411764705883, 0.254601226993865, 0.3431952662721893, 0.4121212121212121, 0.5274390243902439, 0.5341614906832298, 0.5842696629213483, 0.6426116838487973, 0.7450331125827815, 0.7482993197278912, 0.8288590604026845, 0.8582995951417004, 0.8598130841121495, 0.8842592592592593, 0.8382978723404255, 0.9041666666666667, 0.8728070175438597, 0.8703703703703703, 0.8859315589353612, 0.9137931034482759, 0.8634361233480177, 0.8711340206185567, 0.8724489795918368, 0.8676470588235294, 0.8835978835978836, 0.8829787234042553, 0.8743718592964824, 0.9025641025641026, 0.8538011695906432, 0.8614457831325302, 0.8444444444444444, 0.8658536585365854, 0.8526315789473684, 0.8735632183908046, 0.8777777777777778, 0.888268156424581, 0.8571428571428571, 0.8823529411764706, 0.8944444444444445, 0.8888888888888888, 0.8953488372093024, 0.8988095238095238, 0.8674033149171271, 0.861878453038674, 0.88268156424581, 0.8950276243093923, 0.8909090909090909, 0.907103825136612, 0.8424242424242424, 0.8901734104046243, 0.8961748633879781, 0.8362573099415205, 0.884393063583815, 0.8636363636363636, 0.8853503184713376, 0.8764044943820225, 0.9147727272727273, 0.8715083798882681],
 "ValidAcc": [0.016666666666666666, 0.03296703296703297, 0.06521739130434782, 0.11235955056179775, 0.13793103448275862, 0.1875, 0.20833333333333334, 0.19402985074626866, 0.23529411764705882, 0.3275862068965517, 0.3559322033898305, 0.41509433962264153, 0.34, 0.4, 0.37142857142857144, 0.358974358974359, 0.4146341463414634, 0.37777777777777777, 0.37777777777777777, 0.4666666666666667, 0.36363636363636365, 0.3404255319148936, 0.42857142857142855, 0.3953488372093023, 0.4358974358974359, 0.43902439024390244, 0.38461538461538464, 0.38235294117647056, 0.35135135135135137, 0.425, 0.43243243243243246, 0.3684210526315789, 0.24242424242424243, 0.32432432432432434, 0.2972972972972973, 0.35, 0.35, 0.42857142857142855, 0.3783783783783784, 0.3333333333333333, 0.375, 0.3142857142857143, 0.3888888888888889, 0.38461538461538464, 0.37142857142857144, 0.30303030303030304, 0.375, 0.35294117647058826, 0.4117647058823529, 0.4, 0.2894736842105263, 0.3793103448275862, 0.35135135135135137, 0.35294117647058826, 0.2857142857142857, 0.3783783783783784, 0.3939393939393939, 0.45, 0.3611111111111111, 0.3888888888888889],
 "TestAcc": 0.29411764705882354,
 "Test_Pred": [17, 27, 25, 25, 14, 24, 10, 1, 7, 0, 0, 15, 25, 29, 28, 11, 25, 25, 0, 7, 2, 25, 25, 17, 15, 25, 17, 19, 9, 11, 25, 3, 13, 24],
 "Test_Target": [3, 3, 25, 1, 6, 4, 10, 15, 12, 1, 0, 5, 5, 29, 28, 18, 25, 26, 7, 7, 1, 5, 25, 23, 2, 5, 17, 2, 0, 11, 5, 1, 21, 11],
 "Test_fnames": ["./data/2009/Ciliate_mix/IFCB1_2009_122_163134_00049.png", "./data/2009/Ciliate_mix/IFCB1_2009_362_032219_00760.png", "./data/2006/bad/IFCB1_2006_158_182925_05361.png", "./data/2009/Asterionellopsis/IFCB1_2009_022_005008_01034.png", "./data/2009/Thalassiosira_dirty/IFCB1_2009_022_002654_01575.png", "./data/2009/Chaetoceros/IFCB1_2009_211_153356_00989.png", "./data/2012/Heterocapsa_triquetra/IFCB1_2012_151_154317_01071.png", "./data/2007/Corethron/IFCB1_2007_024_213700_02102.png", "./data/2013/Dictyocha/IFCB1_2013_001_081645_01276.png", "./data/2011/Pleurosigma/IFCB5_2011_316_191740_06940.png", "./data/2012/Guinardia_flaccida/IFCB5_2012_052_021037_00483.png", "./data/2008/Guinardia_striata/IFCB1_2008_349_174035_01765.png", "./data/2011/Thalassiosira_dirty/IFCB5_2011_326_170712_00466.png", "./data/2012/dino30/IFCB5_2012_066_192107_02606.png", "./data/2013/Thalassiosira/IFCB1_2013_011_180852_00186.png", "./data/2011/Corethron/IFCB5_2011_015_194623_00800.png", "./data/2011/Dictyocha/IFCB5_2011_001_171342_02564.png", "./data/2007/Guinardia_delicatula/IFCB1_2007_017_005201_01182.png", "./data/2011/Leptocylindrus/IFCB5_2011_326_175336_07800.png", "./data/2011/Dictyocha/IFCB5_2011_326_194937_07186.png", "./data/2009/Guinardia_striata/IFCB1_2009_228_002831_01828.png", "./data/2014/Guinardia_striata/IFCB5_2014_259_122510_03663.png", "./data/2010/Chaetoceros/IFCB5_2010_249_012602_07456.png", "./data/2008/Asterionellopsis/IFCB1_2008_001_004404_00949.png", "./data/2006/Eucampia/IFCB1_2006_309_003838_00379.png", "./data/2014/Leptocylindrus/IFCB1_2014_188_222013_00723.png", "./data/2009/Guinardia_delicatula/IFCB1_2009_067_004943_01445.png", "./data/2009/Pleurosigma/IFCB1_2009_188_002300_05109.png", "./data/2014/Chaetoceros/IFCB5_2014_259_120213_03884.png", "./data/2011/Tintinnid/IFCB5_2011_330_195348_04700.png", "./data/2012/Guinardia_delicatula/IFCB5_2012_052_025703_02174.png", "./data/2007/Pleurosigma/IFCB1_2007_027_000718_01878.png", "./data/2008/Tintinnid/IFCB1_2008_363_094233_01359.png", "./data/2013/detritus/IFCB5_2013_167_152816_01460.png", "./data/2011/Dictyocha/IFCB5_2011_330_195348_03007.png", "./data/2008/Skeletonema/IFCB1_2008_318_192854_04387.png", "./data/2012/Heterocapsa_triquetra/IFCB1_2012_151_154317_01727.png", "./data/2012/Heterocapsa_triquetra/IFCB1_2012_151_154317_00278.png", "./data/2009/Ditylum/IFCB1_2009_022_222419_00529.png", "./data/2010/Cylindrotheca/IFCB1_2010_132_164328_00157.png", "./data/2012/Ciliate_mix/IFCB1_2012_258_181419_00642.png", "./data/2013/Leptocylindrus/IFCB5_2013_325_230315_01674.png", "./data/2014/Cylindrotheca/IFCB5_2014_057_184322_02897.png", "./data/2008/Skeletonema/IFCB1_2008_248_004347_03143.png", "./data/2012/Skeletonema/IFCB1_2012_292_093250_00459.png", "./data/2009/Ditylum/IFCB1_2009_030_163951_01656.png", "./data/2013/dino30/IFCB5_2013_184_211057_03219.png", "./data/2013/Heterocapsa_triquetra/IFCB5_2013_235_182200_00205.png", "./data/2009/Dictyocha/IFCB1_2009_022_005008_00858.png", "./data/2007/Corethron/IFCB1_2007_360_184927_01753.png", "./data/2012/pennate/IFCB1_2012_282_205545_00603.png", "./data/2011/Tintinnid/IFCB5_2011_001_173655_02936.png", "./data/2010/Ditylum/IFCB1_2010_001_164439_02967.png", "./data/2012/Chaetoceros/IFCB1_2012_273_035637_00160.png", "./data/2009/Dictyocha/IFCB1_2009_309_180858_08979.png", "./data/2013/flagellate_sp3/IFCB5_2013_213_162635_05973.png", "./data/2013/Thalassiosira/IFCB1_2013_302_170210_04227.png", "./data/2011/Prorocentrum/IFCB1_2011_240_193426_01877.png", "./data/2011/bad/IFCB5_2011_304_190824_07867.png", "./data/2009/Laboea_strobila/IFCB1_2009_122_130238_00602.png", "./data/2012/detritus/IFCB5_2012_192_171632_06015.png", "./data/2014/Guinardia_striata/IFCB5_2014_259_120213_01298.png", "./data/2007/Leptocylindrus/IFCB1_2007_089_004753_02419.png", "./data/2009/Corethron/IFCB1_2009_300_194929_02076.png", "./data/2008/Dinobryon/IFCB1_2008_114_173253_00838.png", "./data/2007/Guinardia_flaccida/IFCB1_2007_105_162725_00465.png", "./data/2010/Skeletonema/IFCB5_2010_345_120048_05249.png", "./data/2009/Dinobryon/IFCB1_2009_292_003918_00066.png", "./data/2012/Chaetoceros/IFCB1_2012_311_162214_01291.png", "./data/2010/Cylindrotheca/IFCB1_2010_141_161721_07620.png", "./data/2009/Guinardia_striata/IFCB1_2009_228_005118_02548.png", "./data/2014/Heterocapsa_triquetra/IFCB5_2014_060_064942_01559.png", "./data/2009/Prorocentrum/IFCB1_2009_276_185819_01542.png", "./data/2007/Thalassionema/IFCB1_2007_305_161711_04513.png", "./data/2012/bad/IFCB1_2012_282_200950_00173.png", "./data/2007/Thalassionema/IFCB1_2007_001_164010_02274.png", "./data/2009/Thalassiosira_dirty/IFCB1_2009_276_122947_02879.png", "./data/2008/Pseudonitzschia/IFCB1_2008_237_195716_00590.png", "./data/2010/Chaetoceros_flagellate/IFCB5_2010_259_094055_00754.png", "./data/2013/Skeletonema/IFCB5_2013_153_131718_06513.png", "./data/2013/Chaetoceros_flagellate/IFCB5_2013_213_160322_01932.png", "./data/2009/Dictyocha/IFCB1_2009_300_164330_02917.png", "./data/2010/Prorocentrum/IFCB5_2010_259_184200_00048.png", "./data/2010/Cylindrotheca/IFCB1_2010_132_185641_04786.png", "./data/2009/detritus/IFCB1_2009_051_005834_01269.png", "./data/2010/Cylindrotheca/IFCB1_2010_132_164328_03816.png", "./data/2010/Laboea_strobila/IFCB1_2010_120_180116_02989.png", 