{"Time": "0.0:22.0:25.53596806526184",
 "Epochs": 26,
 "TrainAcc": [0.2644214358857663, 0.7150984184776426, 0.8300147912162931, 0.8739333257480942, 0.8938445784503356, 0.9019228581181021, 0.9024917510524519, 0.9111389236545682, 0.9268403686426214, 0.9243372397314825, 0.9275230401638411, 0.9321879622255091, 0.9292297189668904, 0.9305950620093298, 0.93048128342246, 0.9449311639549437, 0.9532370007964501, 0.9435658209125043, 0.937194220047787, 0.9482307429741723, 0.95335077938332, 0.9500512003640915, 0.9608601661167369, 0.9625668449197861, 0.9709864603481625, 0.9664353168733645, 0.9607463875298669, 0.9551712367732392, 0.9695073387188531, 0.9596086016611673, 0.9662077596996246, 0.9596086016611673, 0.9691660029582433, 0.962908180680396, 0.9549436795994993, 0.9616566162248265, 0.9685971100238935, 0.9659802025258847, 0.9530094436227102, 0.937307998634657, 0.9703037888269428, 0.9547161224257594, 0.9560814654681988, 0.9532370007964501, 0.9687108886107635, 0.9667766526339743, 0.9638184093753556, 0.9591534873136875, 0.9724655819774718, 0.9665490954602344, 0.9660939811127546, 0.9525543292752304, 0.9700762316532029, 0.9558539082944589, 0.955740129707589, 0.9608601661167369, 0.9731482534986915, 0.9596086016611673, 0.9576743656843782, 0.9526681078621003, 0.969734895892593, 0.9630219592672659, 0.9531232222095801, 0.9517578791671407, 0.9734895892593014, 0.9659802025258847, 0.9582432586187279, 0.9654113095915349, 0.9711002389350324, 0.9621117305723063, 0.9646148594834452, 0.9596086016611673, 0.9726931391512117, 0.9560814654681988, 0.9453862783024235, 0.9482307429741723, 0.9716691318693822, 0.9685971100238935, 0.9681419956764137, 0.955626351120719, 0.9701900102400728, 0.9632495164410058, 0.9538058937307998, 0.9577881442712481, 0.9659802025258847, 0.9499374217772215, 0.9470929571054727, 0.9532370007964501, 0.9695073387188531, 0.9646148594834452, 0.9608601661167369, 0.95335077938332, 0.9703037888269428, 0.9568779155762885, 0.951188986232791, 0.9502787575378314, 0.9703037888269428, 0.965183752417795, 0.9527818864489703, 0.9357150984184777, 0.9722380248037319, 0.9645010808965753, 0.9648424166571851, 0.9572192513368984],
 "ValidAcc": [0.24334470989761092, 0.6959044368600683, 0.7945392491467577, 0.8395904436860068, 0.8559726962457338, 0.8515358361774744, 0.857679180887372, 0.8590443686006826, 0.8726962457337883, 0.8655290102389078, 0.8511945392491468, 0.8617747440273038, 0.8696245733788396, 0.8679180887372013, 0.8607508532423208, 0.8744027303754266, 0.8808873720136519, 0.8641638225255973, 0.8645051194539249, 0.8730375426621161, 0.8822525597269625, 0.8757679180887372, 0.8843003412969284, 0.8856655290102389, 0.8935153583617748, 0.884641638225256, 0.8829351535836177, 0.8651877133105802, 0.8935153583617748, 0.8795221843003413, 0.884641638225256, 0.8778156996587031, 0.8928327645051195, 0.8778156996587031, 0.8808873720136519, 0.8784982935153584, 0.8897610921501706, 0.8883959044368601, 0.8802047781569966, 0.8583617747440273, 0.8877133105802048, 0.8706484641638226, 0.878839590443686, 0.8767918088737201, 0.8907849829351536, 0.8723549488054607, 0.8870307167235495, 0.8791808873720136, 0.8959044368600683, 0.8870307167235495, 0.8914675767918089, 0.8747440273037542, 0.8887372013651877, 0.8720136518771331, 0.8747440273037542, 0.8802047781569966, 0.8948805460750853, 0.875085324232082, 0.884641638225256, 0.8706484641638226, 0.8921501706484641, 0.8754266211604096, 0.869283276450512, 0.8689419795221843, 0.8955631399317406, 0.8873720136518771, 0.8805460750853242, 0.8802047781569966, 0.8945392491467576, 0.879863481228669, 0.8815699658703071, 0.8781569965870307, 0.8965870307167235, 0.8726962457337883, 0.8614334470989761, 0.8590443686006826, 0.8914675767918089, 0.8819112627986349, 0.8914675767918089, 0.8662116040955632, 0.8931740614334471, 0.878839590443686, 0.878839590443686, 0.8737201365187713, 0.8839590443686007, 0.8686006825938567, 0.8665529010238908, 0.8703071672354948, 0.8911262798634813, 0.8829351535836177, 0.8747440273037542, 0.8703071672354948, 0.8921501706484641, 0.8791808873720136, 0.869283276450512, 0.868259385665529, 0.8883959044368601, 0.8757679180887372, 0.863481228668942, 0.8491467576791809, 0.8904436860068259, 0.8757679180887372, 0.8839590443686007, 0.8696245733788396],
 "TestAcc": 0.8672354948805461}