{"Time": "0.0:1.0:19.558736085891724",
 "Epochs": 37,
 "TrainAcc": [2779549.0, 2777571.25, 2775537.0, 2773374.0, 2770764.75, 2767369.75, 2761665.25, 2750506.75, 2725216.75, 2665090.0, 2578633.75, 2552053.75, 2531826.25, 2513656.25, 2502209.25, 2478106.5, 2474742.25, 2453714.0, 2492885.5, 2524231.5, 2546933.75, 2567066.5, 2576364.0, 2586524.75, 2593058.5, 2597066.25, 2601694.75, 2609391.25, 2612222.75, 2618932.5, 2617339.25, 2617192.0, 2621132.75, 2620485.0, 2620870.0, 2624184.0, 2626953.0],
 "ValidAcc": [352095.0625, 351801.25, 351505.125, 351191.59375, 350815.59375, 350252.125, 349428.0, 347824.53125, 343823.5625, 334847.3125, 319500.21875, 315820.40625, 312760.03125, 309630.96875, 309235.65625, 304511.28125, 300845.03125, 302053.40625, 307360.6875, 313255.78125, 317087.25, 319736.8125, 321475.9375, 322866.65625, 322950.03125, 324583.03125, 326014.84375, 326636.78125, 326718.28125, 326845.5, 328524.5, 327871.25, 329065.0, 328524.34375, 329700.71875, 329218.53125, 330050.3125],
 "TestAcc": 330381.78125}