{"Epochs": 1, "TrainAcc": [0.050583333333333334, 0.051916666666666667, 0.051916666666666667, 0.051916666666666667, 0.051916666666666667], "ValidAcc": [0.045, 0.04775, 0.04775, 0.04775, 0.04775], "TestAcc": 0.0465}