{"Time": "0.0:3.0:7.37365198135376",
 "Epochs": 62,
 "TrainAcc": [0.03888888888888889, 0.037267080745341616, 0.03896103896103896, 0.05952380952380952, 0.05501618122977346, 0.09285714285714286, 0.1027190332326284, 0.10975609756097561, 0.13245033112582782, 0.16923076923076924, 0.1918238993710692, 0.20955882352941177, 0.2037735849056604, 0.20938628158844766, 0.24914675767918087, 0.3090277777777778, 0.2971014492753623, 0.298932384341637, 0.3563218390804598, 0.3271375464684015, 0.4588235294117647, 0.46382978723404256, 0.4872881355932203, 0.5090252707581228, 0.5783132530120482, 0.6089965397923875, 0.5905172413793104, 0.6371681415929203, 0.5907172995780591, 0.6472727272727272, 0.6741573033707865, 0.704, 0.703862660944206, 0.7096774193548387, 0.6967213114754098, 0.6434782608695652, 0.7092511013215859, 0.726457399103139, 0.7819905213270142, 0.7085427135678392, 0.7675675675675676, 0.7421052631578947, 0.8214285714285714, 0.8253968253968254, 0.8091286307053942, 0.8189300411522634, 0.7511111111111111, 0.7622950819672131, 0.8095238095238095, 0.7813765182186235, 0.7964601769911505, 0.8059071729957806, 0.7407407407407407, 0.7611336032388664, 0.7802690582959642, 0.810126582278481, 0.7647058823529411, 0.7669491525423728, 0.7435897435897436, 0.8071748878923767, 0.8146551724137931, 0.7634854771784232],
 "ValidAcc": [0.041666666666666664, 0.022727272727272728, 0.0547945205479452, 0.03409090909090909, 0.02666666666666667, 0.07462686567164178, 0.0898876404494382, 0.075, 0.12727272727272726, 0.16666666666666666, 0.14516129032258066, 0.16666666666666666, 0.16279069767441862, 0.19047619047619047, 0.20408163265306123, 0.1509433962264151, 0.13513513513513514, 0.1891891891891892, 0.15, 0.23684210526315788, 0.23809523809523808, 0.21951219512195122, 0.2894736842105263, 0.25, 0.325, 0.2, 0.3225806451612903, 0.2727272727272727, 0.36363636363636365, 0.37142857142857144, 0.35294117647058826, 0.3548387096774194, 0.35714285714285715, 0.3333333333333333, 0.25, 0.2857142857142857, 0.4375, 0.2962962962962963, 0.36363636363636365, 0.3, 0.3225806451612903, 0.4482758620689655, 0.32142857142857145, 0.4117647058823529, 0.4473684210526316, 0.2857142857142857, 0.24242424242424243, 0.21875, 0.24242424242424243, 0.1935483870967742, 0.28125, 0.23333333333333334, 0.22857142857142856, 0.23333333333333334, 0.3, 0.34375, 0.3125, 0.2894736842105263, 0.2727272727272727, 0.24242424242424243, 0.3333333333333333, 0.2647058823529412],
 "TestAcc": 0.32432432432432434,
 "Test_Pred": [24, 4, 12, 17, 27, 4, 4, 2, 2, 0, 4, 3, 20, 7, 28, 27, 17, 27, 4, 2, 17, 10, 3, 1, 17, 14, 17, 0, 4, 10, 0, 18, 6, 4, 19, 19, 11],
 "Test_Target": [3, 4, 12, 23, 22, 4, 10, 12, 1, 0, 24, 3, 20, 8, 28, 22, 18, 26, 4, 7, 18, 21, 23, 2, 18, 14, 17, 2, 0, 11, 24, 16, 6, 12, 5, 21, 11],
 "Test_fnames": ["./data/2009/Ciliate_mix/IFCB1_2009_122_163134_00049.png", "./data/2009/Ciliate_mix/IFCB1_2009_362_032219_00760.png", "./data/2006/bad/IFCB1_2006_158_182925_05361.png", "./data/2009/Asterionellopsis/IFCB1_2009_022_005008_01034.png", "./data/2009/Thalassiosira_dirty/IFCB1_2009_022_002654_01575.png", "./data/2009/Chaetoceros/IFCB1_2009_211_153356_00989.png", "./data/2012/Heterocapsa_triquetra/IFCB1_2012_151_154317_01071.png", "./data/2007/Corethron/IFCB1_2007_024_213700_02102.png", "./data/2013/Dictyocha/IFCB1_2013_001_081645_01276.png", "./data/2011/Pleurosigma/IFCB5_2011_316_191740_06940.png", "./data/2012/Guinardia_flaccida/IFCB5_2012_052_021037_00483.png", "./data/2008/Guinardia_striata/IFCB1_2008_349_174035_01765.png", "./data/2011/Thalassiosira_dirty/IFCB5_2011_326_170712_00466.png", "./data/2012/dino30/IFCB5_2012_066_192107_02606.png", "./data/2013/Thalassiosira/IFCB1_2013_011_180852_00186.png", "./data/2011/Corethron/IFCB5_2011_015_194623_00800.png", "./data/2011/Dictyocha/IFCB5_2011_001_171342_02564.png", "./data/2007/Guinardia_delicatula/IFCB1_2007_017_005201_01182.png", "./data/2011/Leptocylindrus/IFCB5_2011_326_175336_07800.png", "./data/2011/Dictyocha/IFCB5_2011_326_194937_07186.png", "./data/2009/Guinardia_striata/IFCB1_2009_228_002831_01828.png", "./data/2014/Guinardia_striata/IFCB5_2014_259_122510_03663.png", "./data/2010/Chaetoceros/IFCB5_2010_249_012602_07456.png", "./data/2008/Asterionellopsis/IFCB1_2008_001_004404_00949.png", "./data/2006/Eucampia/IFCB1_2006_309_003838_00379.png", "./data/2014/Leptocylindrus/IFCB1_2014_188_222013_00723.png", "./data/2009/Guinardia_delicatula/IFCB1_2009_067_004943_01445.png", "./data/2009/Pleurosigma/IFCB1_2009_188_002300_05109.png", "./data/2014/Chaetoceros/IFCB5_2014_259_120213_03884.png", "./data/2011/Tintinnid/IFCB5_2011_330_195348_04700.png", "./data/2012/Guinardia_delicatula/IFCB5_2012_052_025703_02174.png", "./data/2007/Pleurosigma/IFCB1_2007_027_000718_01878.png", "./data/2008/Tintinnid/IFCB1_2008_363_094233_01359.png", "./data/2013/detritus/IFCB5_2013_167_152816_01460.png", "./data/2011/Dictyocha/IFCB5_2011_330_195348_03007.png", "./data/2008/Skeletonema/IFCB1_2008_318_192854_04387.png", "./data/2012/Heterocapsa_triquetra/IFCB1_2012_151_154317_01727.png", "./data/2012/Heterocapsa_triquetra/IFCB1_2012_151_154317_00278.png", "./data/2009/Ditylum/IFCB1_2009_022_222419_00529.png", "./data/2010/Cylindrotheca/IFCB1_2010_132_164328_00157.png", "./data/2012/Ciliate_mix/IFCB1_2012_258_181419_00642.png", "./data/2013/Leptocylindrus/IFCB5_2013_325_230315_01674.png", "./data/2014/Cylindrotheca/IFCB5_2014_057_184322_02897.png", "./data/2008/Skeletonema/IFCB1_2008_248_004347_03143.png", "./data/2012/Skeletonema/IFCB1_2012_292_093250_00459.png", "./data/2009/Ditylum/IFCB1_2009_030_163951_01656.png", "./data/2013/dino30/IFCB5_2013_184_211057_03219.png", "./data/2013/Heterocapsa_triquetra/IFCB5_2013_235_182200_00205.png", "./data/2009/Dictyocha/IFCB1_2009_022_005008_00858.png", "./data/2007/Corethron/IFCB1_2007_360_184927_01753.png", "./data/2012/pennate/IFCB1_2012_282_205545_00603.png", "./data/2011/Tintinnid/IFCB5_2011_001_173655_02936.png", "./data/2010/Ditylum/IFCB1_2010_001_164439_02967.png", "./data/2012/Chaetoceros/IFCB1_2012_273_035637_00160.png", "./data/2009/Dictyocha/IFCB1_2009_309_180858_08979.png", "./data/2013/flagellate_sp3/IFCB5_2013_213_162635_05973.png", "./data/2013/Thalassiosira/IFCB1_2013_302_170210_04227.png", "./data/2011/Prorocentrum/IFCB1_2011_240_193426_01877.png", "./data/2011/bad/IFCB5_2011_304_190824_07867.png", "./data/2009/Laboea_strobila/IFCB1_2009_122_130238_00602.png", "./data/2012/detritus/IFCB5_2012_192_171632_06015.png", "./data/2014/Guinardia_striata/IFCB5_2014_259_120213_01298.png", "./data/2007/Leptocylindrus/IFCB1_2007_089_004753_02419.png", "./data/2009/Corethron/IFCB1_2009_300_194929_02076.png", "./data/2008/Dinobryon/IFCB1_2008_114_173253_00838.png", "./data/2007/Guinardia_flaccida/IFCB1_2007_105_162725_00465.png", "./data/2010/Skeletonema/IFCB5_2010_345_120048_05249.png", "./data/2009/Dinobryon/IFCB1_2009_292_003918_00066.png", "./data/2012/Chaetoceros/IFCB1_2012_311_162214_01291.png", "./data/2010/Cylindrotheca/IFCB1_2010_141_161721_07620.png", "./data/2009/Guinardia_striata/IFCB1_2009_228_005118_02548.png", "./data/2014/Heterocapsa_triquetra/IFCB5_2014_060_064942_01559.png", "./data/2009/Prorocentrum/IFCB1_2009_276_185819_01542.png", "./data/2007/Thalassionema/IFCB1_2007_305_161711_04513.png", "./data/2012/bad/IFCB1_2012_282_200950_00173.png", "./data/2007/Thalassionema/IFCB1_2007_001_164010_02274.png", "./data/2009/Thalassiosira_dirty/IFCB1_2009_276_122947_02879.png", "./data/2008/Pseudonitzschia/IFCB1_2008_237_195716_00590.png", "./data/2010/Chaetoceros_flagellate/IFCB5_2010_259_094055_00754.png", "./data/2013/Skeletonema/IFCB5_2013_153_131718_06513.png", "./data/2013/Chaetoceros_flagellate/IFCB5_2013_213_160322_01932.png", "./data/2009/Dictyocha/IFCB1_2009_300_164330_02917.png", "./data/2010/Prorocentrum/IFCB5_2010_259_184200_00048.png", "./data/2010/Cylindrotheca/IFCB1_2010_132_185641_04786.png", "./data/2009/detritus/IFCB1_2009_051_005834_01269.png", "./data/2010/Cylindrotheca/IFCB1_2010_132_164328_03816.png", 