{"Time": "0.0:4.0:2.7930409908294678",
 "Epochs": 84,
 "TrainAcc": [0.041176470588235294, 0.07584269662921349, 0.06963788300835655, 0.08333333333333333, 0.06111111111111111, 0.058333333333333334, 0.06666666666666667, 0.07777777777777778, 0.04722222222222222, 0.06388888888888888, 0.07222222222222222, 0.07222222222222222, 0.07777777777777778, 0.10277777777777777, 0.13333333333333333, 0.1388888888888889, 0.1527777777777778, 0.12777777777777777, 0.11388888888888889, 0.10555555555555556, 0.11944444444444445, 0.12222222222222222, 0.14444444444444443, 0.1, 0.13055555555555556, 0.14722222222222223, 0.13055555555555556, 0.14166666666666666, 0.16111111111111112, 0.16111111111111112, 0.13333333333333333, 0.17222222222222222, 0.2111111111111111, 0.21388888888888888, 0.2111111111111111, 0.2111111111111111, 0.20277777777777778, 0.2, 0.2916666666666667, 0.28888888888888886, 0.3, 0.2972222222222222, 0.3, 0.28888888888888886, 0.3, 0.2861111111111111, 0.3055555555555556, 0.33611111111111114, 0.3472222222222222, 0.35, 0.39444444444444443, 0.39444444444444443, 0.4083333333333333, 0.3972222222222222, 0.4083333333333333, 0.4, 0.4083333333333333, 0.4527777777777778, 0.49444444444444446, 0.44166666666666665, 0.525, 0.5083333333333333, 0.5333333333333333, 0.5138888888888888, 0.5611111111111111, 0.5944444444444444, 0.6166666666666667, 0.5916666666666667, 0.575, 0.5944444444444444, 0.5555555555555556, 0.5666666666666667, 0.5694444444444444, 0.5833333333333334, 0.5861111111111111, 0.5694444444444444, 0.5722222222222222, 0.575, 0.6083333333333333, 0.5833333333333334, 0.5916666666666667, 0.5638888888888889, 0.5861111111111111, 0.5611111111111111],
 "ValidAcc": [0.02727272727272727, 0.02631578947368421, 0.05084745762711865, 0.03389830508474576, 0.016666666666666666, 0.05, 0.04201680672268908, 0.05, 0.041666666666666664, 0.025, 0.03361344537815126, 0.05, 0.058333333333333334, 0.06666666666666667, 0.03333333333333333, 0.041666666666666664, 0.06666666666666667, 0.03333333333333333, 0.041666666666666664, 0.05, 0.03333333333333333, 0.03333333333333333, 0.058333333333333334, 0.058333333333333334, 0.05, 0.041666666666666664, 0.03333333333333333, 0.075, 0.05, 0.058333333333333334, 0.075, 0.09166666666666666, 0.075, 0.075, 0.06666666666666667, 0.06666666666666667, 0.08333333333333333, 0.125, 0.06666666666666667, 0.09166666666666666, 0.125, 0.1, 0.09166666666666666, 0.075, 0.09166666666666666, 0.125, 0.13333333333333333, 0.11666666666666667, 0.10833333333333334, 0.16666666666666666, 0.15833333333333333, 0.15833333333333333, 0.16666666666666666, 0.125, 0.14166666666666666, 0.125, 0.19166666666666668, 0.16666666666666666, 0.16666666666666666, 0.2, 0.19166666666666668, 0.15833333333333333, 0.2, 0.225, 0.16666666666666666, 0.20833333333333334, 0.20833333333333334, 0.225, 0.19166666666666668, 0.2, 0.2, 0.225, 0.225, 0.20833333333333334, 0.20833333333333334, 0.225, 0.19166666666666668, 0.175, 0.2, 0.225, 0.21666666666666667, 0.19166666666666668, 0.21666666666666667, 0.2],
 "TestAcc": 0.15833333333333333,
 "Test_Pred": [3, 18, 25, 0, 9, 25, 27, 27, 25, 9, 11, 9, 4, 11, 20, 11, 14, 15, 29, 14, 29, 15, 9, 4, 8, 9, 8, 19, 27, 14, 13, 17, 14, 8, 2, 11, 17, 27, 14, 17, 27, 19, 25, 10, 20, 3, 4, 3, 0, 4, 29, 14, 11, 2, 2, 28, 27, 15, 29, 8, 27, 11, 28, 17, 7, 11, 0, 9, 20, 25, 27, 18, 15, 9, 25, 9, 14, 15, 9, 9, 19, 3, 4, 11, 2, 25, 14, 11, 11, 2, 7, 6, 29, 15, 24, 27, 14, 27, 11, 19, 16, 8, 17, 17, 3, 4, 27, 8, 1, 19, 3, 1, 16, 20, 2, 1, 10, 16, 14, 19],
 "Test_Target": [3, 3, 25, 0, 23, 1, 13, 4, 6, 17, 11, 12, 23, 27, 22, 4, 6, 10, 15, 6, 12, 12, 1, 0, 9, 15, 10, 17, 1, 24, 10, 17, 24, 26, 6, 20, 13, 13, 8, 5, 3, 15, 5, 20, 20, 8, 27, 13, 6, 4, 29, 24, 8, 1, 6, 28, 22, 18, 25, 14, 26, 12, 15, 4, 7, 11, 20, 7, 1, 5, 12, 13, 18, 21, 25, 21, 23, 19, 2, 20, 2, 6, 18, 5, 26, 5, 14, 9, 17, 2, 16, 0, 19, 23, 24, 18, 16, 22, 11, 24, 16, 5, 12, 9, 6, 12, 22, 23, 7, 5, 3, 1, 2, 18, 12, 21, 7, 2, 11, 29],
 "Test_fnames": ["./data/2009/Ciliate_mix/IFCB1_2009_122_163134_00049.png", "./data/2009/Ciliate_mix/IFCB1_2009_362_032219_00760.png", "./data/2006/bad/IFCB1_2006_158_182925_05361.png", "./data/2009/Asterionellopsis/IFCB1_2009_022_005008_01034.png", "./data/2009/Thalassiosira_dirty/IFCB1_2009_022_002654_01575.png", "./data/2009/Chaetoceros/IFCB1_2009_211_153356_00989.png", "./data/2012/Heterocapsa_triquetra/IFCB1_2012_151_154317_01071.png", "./data/2007/Corethron/IFCB1_2007_024_213700_02102.png", "./data/2013/Dictyocha/IFCB1_2013_001_081645_01276.png", "./data/2011/Pleurosigma/IFCB5_2011_316_191740_06940.png", "./data/2012/Guinardia_flaccida/IFCB5_2012_052_021037_00483.png", "./data/2008/Guinardia_striata/IFCB1_2008_349_174035_01765.png", "./data/2011/Thalassiosira_dirty/IFCB5_2011_326_170712_00466.png", "./data/2012/dino30/IFCB5_2012_066_192107_02606.png", "./data/2013/Thalassiosira/IFCB1_2013_011_180852_00186.png", "./data/2011/Corethron/IFCB5_2011_015_194623_00800.png", "./data/2011/Dictyocha/IFCB5_2011_001_171342_02564.png", "./data/2007/Guinardia_delicatula/IFCB1_2007_017_005201_01182.png", "./data/2011/Leptocylindrus/IFCB5_2011_326_175336_07800.png", "./data/2011/Dictyocha/IFCB5_2011_326_194937_07186.png", "./data/2009/Guinardia_striata/IFCB1_2009_228_002831_01828.png", "./data/2014/Guinardia_striata/IFCB5_2014_259_122510_03663.png", "./data/2010/Chaetoceros/IFCB5_2010_249_012602_07456.png", "./data/2008/Asterionellopsis/IFCB1_2008_001_004404_00949.png", "./data/2006/Eucampia/IFCB1_2006_309_003838_00379.png", "./data/2014/Leptocylindrus/IFCB1_2014_188_222013_00723.png", "./data/2009/Guinardia_delicatula/IFCB1_2009_067_004943_01445.png", "./data/2009/Pleurosigma/IFCB1_2009_188_002300_05109.png", "./data/2014/Chaetoceros/IFCB5_2014_259_120213_03884.png", "./data/2011/Tintinnid/IFCB5_2011_330_195348_04700.png", "./data/2012/Guinardia_delicatula/IFCB5_2012_052_025703_02174.png", "./data/2007/Pleurosigma/IFCB1_2007_027_000718_01878.png", "./data/2008/Tintinnid/IFCB1_2008_363_094233_01359.png", "./data/2013/detritus/IFCB5_2013_167_152816_01460.png", "./data/2011/Dictyocha/IFCB5_2011_330_195348_03007.png", "./data/2008/Skeletonema/IFCB1_2008_318_192854_04387.png", "./data/2012/Heterocapsa_triquetra/IFCB1_2012_151_154317_01727.png", "./data/2012/Heterocapsa_triquetra/IFCB1_2012_151_154317_00278.png", "./data/2009/Ditylum/IFCB1_2009_022_222419_00529.png", "./data/2010/Cylindrotheca/IFCB1_2010_132_164328_00157.png", "./data/2012/Ciliate_mix/IFCB1_2012_258_181419_00642.png", "./data/2013/Leptocylindrus/IFCB5_2013_325_230315_01674.png", "./data/2014/Cylindrotheca/IFCB5_2014_057_184322_02897.png", "./data/2008/Skeletonema/IFCB1_2008_248_004347_03143.png", "./data/2012/Skeletonema/IFCB1_2012_292_093250_00459.png", "./data/2009/Ditylum/IFCB1_2009_030_163951_01656.png", "./data/2013/dino30/IFCB5_2013_184_211057_03219.png", "./data/2013/Heterocapsa_triquetra/IFCB5_2013_235_182200_00205.png", "./data/2009/Dictyocha/IFCB1_2009_022_005008_00858.png", "./data/2007/Corethron/IFCB1_2007_360_184927_01753.png", "./data/2012/pennate/IFCB1_2012_282_205545_00603.png", "./data/2011/Tintinnid/IFCB5_2011_001_173655_02936.png", "./data/2010/Ditylum/IFCB1_2010_001_164439_02967.png", "./data/2012/Chaetoceros/IFCB1_2012_273_035637_00160.png", "./data/2009/Dictyocha/IFCB1_2009_309_180858_08979.png", "./data/2013/flagellate_sp3/IFCB5_2013_213_162635_05973.png", "./data/2013/Thalassiosira/IFCB1_2013_302_170210_04227.png", "./data/2011/Prorocentrum/IFCB1_2011_240_193426_01877.png", "./data/2011/bad/IFCB5_2011_304_190824_07867.png", "./data/2009/Laboea_strobila/IFCB1_2009_122_130238_00602.png", "./data/2012/detritus/IFCB5_2012_192_171632_06015.png", "./data/2014/Guinardia_striata/IFCB5_2014_259_120213_01298.png", "./data/2007/Leptocylindrus/IFCB1_2007_089_004753_02419.png", "./data/2009/Corethron/IFCB1_2009_300_194929_02076.png", "./data/2008/Dinobryon/IFCB1_2008_114_173253_00838.png", "./data/2007/Guinardia_flaccida/IFCB1_2007_105_162725_00465.png", "./data/2010/Skeletonema/IFCB5_2010_345_120048_05249.png", 