{"Time": "0.0:3.0:48.018712759017944",
 "Epochs": 78,
 "TrainAcc": [0.21944444444444444, 0.5285714285714286, 0.7037037037037037, 0.7307692307692307, 0.7205240174672489, 0.7477477477477478, 0.7394957983193278, 0.7758620689655172, 0.7887931034482759, 0.8854166666666666, 0.9243421052631579, 0.9453924914675768, 0.9552715654952076, 0.9816849816849816, 0.9877551020408163, 0.9795918367346939, 0.9849624060150376, 0.9884615384615385, 0.9840637450199203, 0.9803149606299213, 0.9771986970684039, 0.9850187265917603, 0.9920634920634921, 0.9920318725099602, 0.9773584905660377, 0.9937106918238994, 0.9888059701492538, 0.9968051118210862, 0.9968847352024922, 1.0, 0.9967948717948718, 1.0, 1.0, 1.0, 1.0, 1.0, 1.0, 1.0, 1.0, 1.0, 1.0, 1.0, 1.0, 1.0, 1.0, 1.0, 1.0, 1.0, 1.0, 1.0, 1.0, 1.0, 1.0, 1.0, 1.0, 1.0, 1.0, 1.0, 1.0, 1.0, 1.0, 1.0, 1.0, 1.0, 1.0, 1.0, 1.0, 1.0, 1.0, 1.0, 1.0, 1.0, 1.0, 1.0, 1.0, 1.0, 1.0, 1.0],
 "ValidAcc": [0.08333333333333333, 0.22580645161290322, 0.18867924528301888, 0.22058823529411764, 0.19718309859154928, 0.20512820512820512, 0.14925373134328357, 0.22058823529411764, 0.22727272727272727, 0.23255813953488372, 0.28888888888888886, 0.43373493975903615, 0.41304347826086957, 0.3924050632911392, 0.3880597014925373, 0.4307692307692308, 0.38028169014084506, 0.37333333333333335, 0.4142857142857143, 0.463768115942029, 0.4431818181818182, 0.463768115942029, 0.4482758620689655, 0.4074074074074074, 0.5, 0.48148148148148145, 0.5076923076923077, 0.5125, 0.4634146341463415, 0.5833333333333334, 0.45454545454545453, 0.5254237288135594, 0.5769230769230769, 0.5576923076923077, 0.5272727272727272, 0.5918367346938775, 0.5652173913043478, 0.5892857142857143, 0.5614035087719298, 0.603448275862069, 0.59375, 0.5925925925925926, 0.54, 0.6415094339622641, 0.5555555555555556, 0.5769230769230769, 0.6078431372549019, 0.54, 0.625, 0.6071428571428571, 0.6458333333333334, 0.6612903225806451, 0.5588235294117647, 0.5636363636363636, 0.6851851851851852, 0.5714285714285714, 0.7115384615384616, 0.7192982456140351, 0.6545454545454545, 0.673469387755102, 0.6097560975609756, 0.625, 0.6739130434782609, 0.6304347826086957, 0.6595744680851063, 0.6046511627906976, 0.6122448979591837, 0.6041666666666666, 0.5609756097560976, 0.6808510638297872, 0.6136363636363636, 0.58, 0.5918367346938775, 0.6458333333333334, 0.6666666666666666, 0.6, 0.625, 0.6818181818181818],
 "TestAcc": 0.5833333333333334,
 "Test_Pred": [3, 0, 4, 0, 12, 13, 4, 10, 12, 10, 24, 13, 3, 8, 3, 29, 13, 4, 29, 24, 2, 28, 27, 9, 4, 7, 21, 13, 16, 15, 20, 6, 17, 14, 19, 9, 0, 19, 16, 11, 12, 16, 6, 8, 27, 5, 16, 16],
 "Test_Target": [3, 0, 4, 6, 12, 22, 4, 10, 12, 10, 24, 13, 13, 8, 3, 20, 27, 4, 29, 24, 1, 28, 22, 12, 4, 7, 21, 23, 2, 20, 2, 6, 5, 14, 9, 2, 0, 19, 16, 11, 24, 16, 6, 12, 22, 5, 2, 2],
 "Test_fnames": ["./data/2009/Ciliate_mix/IFCB1_2009_122_163134_00049.png", "./data/2009/Ciliate_mix/IFCB1_2009_362_032219_00760.png", "./data/2006/bad/IFCB1_2006_158_182925_05361.png", "./data/2009/Asterionellopsis/IFCB1_2009_022_005008_01034.png", "./data/2009/Thalassiosira_dirty/IFCB1_2009_022_002654_01575.png", "./data/2009/Chaetoceros/IFCB1_2009_211_153356_00989.png", "./data/2012/Heterocapsa_triquetra/IFCB1_2012_151_154317_01071.png", "./data/2007/Corethron/IFCB1_2007_024_213700_02102.png", "./data/2013/Dictyocha/IFCB1_2013_001_081645_01276.png", "./data/2011/Pleurosigma/IFCB5_2011_316_191740_06940.png", "./data/2012/Guinardia_flaccida/IFCB5_2012_052_021037_00483.png", "./data/2008/Guinardia_striata/IFCB1_2008_349_174035_01765.png", "./data/2011/Thalassiosira_dirty/IFCB5_2011_326_170712_00466.png", "./data/2012/dino30/IFCB5_2012_066_192107_02606.png", "./data/2013/Thalassiosira/IFCB1_2013_011_180852_00186.png", "./data/2011/Corethron/IFCB5_2011_015_194623_00800.png", "./data/2011/Dictyocha/IFCB5_2011_001_171342_02564.png", "./data/2007/Guinardia_delicatula/IFCB1_2007_017_005201_01182.png", "./data/2011/Leptocylindrus/IFCB5_2011_326_175336_07800.png", "./data/2011/Dictyocha/IFCB5_2011_326_194937_07186.png", "./data/2009/Guinardia_striata/IFCB1_2009_228_002831_01828.png", "./data/2014/Guinardia_striata/IFCB5_2014_259_122510_03663.png", "./data/2010/Chaetoceros/IFCB5_2010_249_012602_07456.png", "./data/2008/Asterionellopsis/IFCB1_2008_001_004404_00949.png", "./data/2006/Eucampia/IFCB1_2006_309_003838_00379.png", "./data/2014/Leptocylindrus/IFCB1_2014_188_222013_00723.png", "./data/2009/Guinardia_delicatula/IFCB1_2009_067_004943_01445.png", "./data/2009/Pleurosigma/IFCB1_2009_188_002300_05109.png", "./data/2014/Chaetoceros/IFCB5_2014_259_120213_03884.png", "./data/2011/Tintinnid/IFCB5_2011_330_195348_04700.png", "./data/2012/Guinardia_delicatula/IFCB5_2012_052_025703_02174.png", "./data/2007/Pleurosigma/IFCB1_2007_027_000718_01878.png", "./data/2008/Tintinnid/IFCB1_2008_363_094233_01359.png", "./data/2013/detritus/IFCB5_2013_167_152816_01460.png", "./data/2011/Dictyocha/IFCB5_2011_330_195348_03007.png", "./data/2008/Skeletonema/IFCB1_2008_318_192854_04387.png", "./data/2012/Heterocapsa_triquetra/IFCB1_2012_151_154317_01727.png", "./data/2012/Heterocapsa_triquetra/IFCB1_2012_151_154317_00278.png", "./data/2009/Ditylum/IFCB1_2009_022_222419_00529.png", "./data/2010/Cylindrotheca/IFCB1_2010_132_164328_00157.png", "./data/2012/Ciliate_mix/IFCB1_2012_258_181419_00642.png", "./data/2013/Leptocylindrus/IFCB5_2013_325_230315_01674.png", "./data/2014/Cylindrotheca/IFCB5_2014_057_184322_02897.png", "./data/2008/Skeletonema/IFCB1_2008_248_004347_03143.png", "./data/2012/Skeletonema/IFCB1_2012_292_093250_00459.png", "./data/2009/Ditylum/IFCB1_2009_030_163951_01656.png", "./data/2013/dino30/IFCB5_2013_184_211057_03219.png", "./data/2013/Heterocapsa_triquetra/IFCB5_2013_235_182200_00205.png", "./data/2009/Dictyocha/IFCB1_2009_022_005008_00858.png", "./data/2007/Corethron/IFCB1_2007_360_184927_01753.png", "./data/2012/pennate/IFCB1_2012_282_205545_00603.png", "./data/2011/Tintinnid/IFCB5_2011_001_173655_02936.png", "./data/2010/Ditylum/IFCB1_2010_001_164439_02967.png", "./data/2012/Chaetoceros/IFCB1_2012_273_035637_00160.png", "./data/2009/Dictyocha/IFCB1_2009_309_180858_08979.png", "./data/2013/flagellate_sp3/IFCB5_2013_213_162635_05973.png", "./data/2013/Thalassiosira/IFCB1_2013_302_170210_04227.png", "./data/2011/Prorocentrum/IFCB1_2011_240_193426_01877.png", "./data/2011/bad/IFCB5_2011_304_190824_07867.png", "./data/2009/Laboea_strobila/IFCB1_2009_122_130238_00602.png", "./data/2012/detritus/IFCB5_2012_192_171632_06015.png", "./data/2014/Guinardia_striata/IFCB5_2014_259_120213_01298.png", "./data/2007/Leptocylindrus/IFCB1_2007_089_004753_02419.png", "./data/2009/Corethron/IFCB1_2009_300_194929_02076.png", "./data/2008/Dinobryon/IFCB1_2008_114_173253_00838.png", "./data/2007/Guinardia_flaccida/IFCB1_2007_105_162725_00465.png", "./data/2010/Skeletonema/IFCB5_2010_345_120048_05249.png", "./data/2009/Dinobryon/IFCB1_2009_292_003918_00066.png", "./data/2012/Chaetoceros/IFCB1_2012_311_162214_01291.png", "./data/2010/Cylindrotheca/IFCB1_2010_141_161721_07620.png", "./data/2009/Guinardia_striata/IFCB1_2009_228_005118_02548.png", "./data/2014/Heterocapsa_triquetra/IFCB5_2014_060_064942_01559.png", "./data/2009/Prorocentrum/IFCB1_2009_276_185819_01542.png", "./data/2007/Thalassionema/IFCB1_2007_305_161711_04513.png", "./data/2012/bad/IFCB1_2012_282_200950_00173.png", "./data/2007/Thalassionema/IFCB1_2007_001_164010_02274.png", "./data/2009/Thalassiosira_dirty/IFCB1_2009_276_122947_02879.png", "./data/2008/Pseudonitzschia/IFCB1_2008_237_195716_00590.png", "./data/2010/Chaetoceros_flagellate/IFCB5_2010_259_094055_00754.png", "./data/2013/Skeletonema/IFCB5_2013_153_131718_06513.png", "./data/2013/Chaetoceros_flagellate/IFCB5_2013_213_160322_01932.png", "./data/2009/Dictyocha/IFCB1_2009_300_164330_02917.png", "./data/2010/Prorocentrum/IFCB5_2010_259_184200_00048.png", "./data/2010/Cylindrotheca/IFCB1_2010_132_185641_04786.png", "./data/2009/detritus/IFCB1_2009_051_005834_01269.png", "./data/2010/Cylindrotheca/IFCB1_2010_132_164328_03816.png", 