{"Time": "0.0:42.0:38.30027437210083",
 "Epochs": 109,
 "TrainAcc": [18.292984008789062, 18.28240394592285, 18.251089096069336, 18.219669342041016, 18.216384887695312, 18.193002700805664, 18.182981491088867, 18.17757797241211, 18.177297592163086, 18.174898147583008, 18.173236846923828, 18.172204971313477, 18.172191619873047, 18.171445846557617, 18.170955657958984, 18.170576095581055, 18.17054557800293, 18.170259475708008, 18.17005157470703, 18.169950485229492, 18.169824600219727, 18.169673919677734, 18.16960334777832, 18.169498443603516, 18.169395446777344, 18.169296264648438, 18.169279098510742, 18.169206619262695, 18.169105529785156, 18.16905403137207, 18.1690673828125, 18.168987274169922, 18.168882369995117, 18.168895721435547, 18.168901443481445, 18.168764114379883, 18.16871452331543, 18.168807983398438, 18.168685913085938, 18.16855239868164, 18.168655395507812, 18.168603897094727, 18.168458938598633, 18.168407440185547, 18.16848373413086, 18.16840934753418, 18.168306350708008, 18.16824722290039, 18.168315887451172, 18.168270111083984, 18.168155670166016, 18.168058395385742, 18.168123245239258, 18.168113708496094, 18.16797637939453, 18.167827606201172, 18.16786766052246, 18.167875289916992, 18.16768455505371, 18.16750144958496, 18.167572021484375, 18.167510986328125, 18.167299270629883, 18.167078018188477, 18.167083740234375, 18.167001724243164, 18.166879653930664, 18.166616439819336, 18.166563034057617, 18.1663818359375, 18.16624641418457, 18.16605567932129, 18.16603660583496, 18.165864944458008, 18.165733337402344, 18.165578842163086, 18.16558074951172, 18.165393829345703, 18.165327072143555, 18.165117263793945, 18.165115356445312, 18.16497802734375, 18.164981842041016, 18.16469955444336, 18.164682388305664, 18.16459846496582, 18.164615631103516, 18.16426658630371, 18.164247512817383, 18.164155960083008, 18.164159774780273, 18.16374397277832, 18.16370391845703, 18.163543701171875, 18.163427352905273, 18.163042068481445, 18.16318130493164, 18.162860870361328, 18.162548065185547, 18.1623592376709, 18.16232681274414, 18.162084579467773, 18.161888122558594, 18.161720275878906, 18.161849975585938, 18.16155242919922, 18.161396026611328, 18.161243438720703, 18.1612491607666, 18.161144256591797, 18.161149978637695, 18.16091537475586, 18.160898208618164, 18.16088104248047, 18.1608829498291, 18.16061019897461, 18.160646438598633, 18.16050910949707, 18.160545349121094, 18.16036033630371, 18.16065788269043, 18.160337448120117, 18.16023063659668, 18.160200119018555, 18.160234451293945, 18.160099029541016, 18.160104751586914, 18.160043716430664, 18.160036087036133, 18.15996742248535, 18.159996032714844, 18.15993309020996, 18.159896850585938, 18.1599063873291, 18.159957885742188, 18.159847259521484, 18.159807205200195, 18.159835815429688, 18.159868240356445, 18.159780502319336, 18.15973472595215, 18.159753799438477, 18.159826278686523, 18.15970230102539, 18.159679412841797, 18.159730911254883, 18.159814834594727, 18.159645080566406, 18.15972137451172, 18.159626007080078, 18.159666061401367, 18.159603118896484, 18.15967559814453, 18.159597396850586, 18.159626007080078, 18.15960693359375, 18.159626007080078, 18.15960121154785, 18.159597396850586, 18.159608840942383, 18.159635543823242, 18.15960121154785, 18.15958023071289, 18.159622192382812, 18.159616470336914, 18.159605026245117, 18.15959358215332, 18.159603118896484, 18.159618377685547, 18.15960693359375, 18.159595489501953, 18.159597396850586, 18.15961265563965, 18.159603118896484, 18.15960121154785, 18.159587860107422, 18.15961456298828, 18.15960693359375, 18.159605026245117, 18.159589767456055, 18.159608840942383, 18.159603118896484, 18.15959930419922, 18.159587860107422, 18.15961265563965, 18.159605026245117, 18.159603118896484, 18.159589767456055, 18.159608840942383, 18.159603118896484, 18.159603118896484, 18.159589767456055, 18.159608840942383, 18.159603118896484, 18.15960693359375, 18.15958595275879, 18.159608840942383, 18.159603118896484, 18.159603118896484, 18.159584045410156, 18.159610748291016, 18.159605026245117, 18.15960693359375, 18.159582138061523, 18.15961265563965, 18.159605026245117, 18.159610748291016, 18.159584045410156, 18.159608840942383, 18.159605026245117, 18.159610748291016, 18.159578323364258, 18.15961265563965, 18.159603118896484, 18.159616470336914, 18.159576416015625, 18.15961456298828, 18.159605026245117, 18.15961456298828, 18.159576416015625, 18.159610748291016, 18.15960693359375, 18.159626007080078, 18.15957260131836, 18.159616470336914, 18.159605026245117, 18.15963363647461, 18.159570693969727, 18.159618377685547, 18.159603118896484, 18.15962028503418, 18.159570693969727, 18.15961456298828, 18.159603118896484, 18.159626007080078, 18.159568786621094, 18.159618377685547, 18.159605026245117, 18.159626007080078, 18.159570693969727, 18.159618377685547, 18.159605026245117, 18.159622192382812, 18.15957260131836, 18.159616470336914, 18.159605026245117, 18.159626007080078, 18.159568786621094, 18.159622192382812, 18.159603118896484, 18.159629821777344, 18.159568786621094, 18.15962028503418, 18.159605026245117, 18.159622192382812, 18.15957260131836, 18.15961456298828, 18.159605026245117, 18.159624099731445, 18.15956687927246, 18.159706115722656, 18.15961265563965, 18.159543991088867, 18.15961265563965, 18.159543991088867, 18.15953826904297, 18.159517288208008, 18.159526824951172, 18.159543991088867, 18.159517288208008, 18.15953254699707, 18.159513473510742, 18.159513473510742, 18.159521102905273, 18.159534454345703, 18.159509658813477, 18.15964126586914, 18.159543991088867, 18.15950584411621, 18.159563064575195, 18.15960121154785, 18.159530639648438, 18.15950584411621, 18.1595458984375, 18.15961265563965, 18.159530639648438, 18.159502029418945, 18.159536361694336, 18.159626007080078, 18.159536361694336, 18.159500122070312, 18.159534454345703, 18.159635543823242, 18.15953254699707, 18.15949821472168, 18.159534454345703, 18.15963363647461, 18.15953254699707, 18.15949821472168, 18.159521102905273, 18.15964698791504, 18.159536361694336, 18.15949821472168, 18.159528732299805, 18.15964126586914, 18.15953254699707, 18.159496307373047, 18.15952491760254, 18.159645080566406, 18.159528732299805, 18.159494400024414, 18.159517288208008, 18.159656524658203, 18.15953826904297, 18.159496307373047, 18.15952491760254, 18.159652709960938, 18.159536361694336, 18.159496307373047, 18.15952491760254, 18.15966033935547, 18.159534454345703, 18.159496307373047, 18.159534454345703, 18.159643173217773, 18.159534454345703, 18.159496307373047, 18.15951919555664, 18.159664154052734, 18.159536361694336, 18.15949821472168, 18.159534454345703, 18.15964698791504, 18.159530639648438, 18.159496307373047, 18.159523010253906, 18.159658432006836, 18.15953826904297, 18.159496307373047, 18.159534454345703, 18.159637451171875, 18.159526824951172, 18.159496307373047, 18.159517288208008, 18.15966033935547, 18.15953826904297, 18.15949821472168, 18.15953254699707, 18.15964126586914, 18.159536361694336, 18.15949821472168, 18.15952491760254, 18.15964126586914, 18.159528732299805, 18.159496307373047, 18.159515380859375, 18.159652709960938, 18.15953254699707, 18.159496307373047, 18.159523010253906, 18.15965461730957, 18.159536361694336, 18.159500122070312, 18.159528732299805, 18.159635543823242, 18.15953254699707, 18.159500122070312, 18.159515380859375, 18.1596622467041, 18.15953826904297, 18.159500122070312, 18.15952491760254, 18.15964698791504, 18.159536361694336, 18.159502029418945, 18.15951919555664, 18.159652709960938, 18.159536361694336, 18.159503936767578, 18.159523010253906, 18.159637451171875, 18.15952491760254, 18.159500122070312, 18.159515380859375, 18.159652709960938, 18.15953254699707, 18.159503936767578, 18.159515380859375, 18.159664154052734, 18.159543991088867, 18.159503936767578, 18.159523010253906, 18.159637451171875, 18.159530639648438, 18.159509658813477, 18.159517288208008, 18.159652709960938, 18.1595401763916, 18.159503936767578, 18.159517288208008, 18.159652709960938, 18.159534454345703, 18.15950584411621, 