{"Time": "0.0:43.0:19.577895164489746",
 "Epochs": 111,
 "TrainAcc": [18.22089385986328, 18.209619522094727, 18.193086624145508, 18.18480110168457, 18.183958053588867, 18.18033218383789, 18.17828369140625, 18.17643165588379, 18.17621612548828, 18.175220489501953, 18.17446517944336, 18.173789978027344, 18.173734664916992, 18.173242568969727, 18.172880172729492, 18.17241668701172, 18.172588348388672, 18.17206573486328, 18.171720504760742, 18.171363830566406, 18.171340942382812, 18.17112159729004, 18.17087173461914, 18.170595169067383, 18.170560836791992, 18.170400619506836, 18.170045852661133, 18.169795989990234, 18.169832229614258, 18.169523239135742, 18.169221878051758, 18.168886184692383, 18.16911506652832, 18.16848373413086, 18.16768455505371, 18.166732788085938, 18.16737937927246, 18.16520881652832, 18.164274215698242, 18.163555145263672, 18.163490295410156, 18.163049697875977, 18.162681579589844, 18.162431716918945, 18.162395477294922, 18.162242889404297, 18.16224479675293, 18.161962509155273, 18.161964416503906, 18.161518096923828, 18.16132354736328, 18.16118812561035, 18.16129493713379, 18.161052703857422, 18.160858154296875, 18.160747528076172, 18.160768508911133, 18.16058921813965, 18.160417556762695, 18.160320281982422, 18.160484313964844, 18.160146713256836, 18.159954071044922, 18.159786224365234, 18.15975570678711, 18.159679412841797, 18.15946388244629, 18.15928077697754, 18.159265518188477, 18.15917205810547, 18.15896987915039, 18.158815383911133, 18.158924102783203, 18.158706665039062, 18.158546447753906, 18.158397674560547, 18.158384323120117, 18.15835189819336, 18.15833282470703, 18.15819549560547, 18.158306121826172, 18.1580867767334, 18.157958984375, 18.15786361694336, 18.157909393310547, 18.157794952392578, 18.157846450805664, 18.157751083374023, 18.157997131347656, 18.157655715942383, 18.157541275024414, 18.157596588134766, 18.157514572143555, 18.157522201538086, 18.15742301940918, 18.15738296508789, 18.157426834106445, 18.15734100341797, 18.1573429107666, 18.157392501831055, 18.157424926757812, 18.157352447509766, 18.157270431518555, 18.15721321105957, 18.15724754333496, 18.15717315673828, 18.157135009765625, 18.157188415527344, 18.15721893310547, 18.157115936279297, 18.15707778930664, 18.157079696655273, 18.157381057739258, 18.157020568847656, 18.156999588012695, 18.1570987701416, 18.15702247619629, 18.157026290893555, 18.156978607177734, 18.15702247619629, 18.157068252563477, 18.15699005126953, 18.15692901611328, 18.156911849975586, 18.156982421875, 18.156898498535156, 18.156845092773438, 18.1568660736084, 18.15692901611328, 18.156885147094727, 18.156795501708984, 18.156808853149414, 18.156869888305664, 18.15685272216797, 18.15677261352539, 18.156770706176758, 18.15682601928711, 18.156818389892578, 18.15675163269043, 18.156728744506836, 18.156787872314453, 18.156715393066406, 18.15665626525879, 18.156686782836914, 18.156654357910156, 18.156705856323242, 18.15665054321289, 18.15664291381836, 18.156667709350586, 18.156740188598633, 18.15666389465332, 18.156679153442383, 18.156660079956055, 18.156747817993164, 18.156661987304688, 18.156686782836914, 18.15669059753418, 18.156784057617188, 18.156658172607422, 18.156681060791016, 18.15671157836914, 18.156818389892578, 18.156641006469727, 18.156658172607422, 18.156726837158203, 18.156837463378906, 18.156625747680664, 18.15664291381836, 18.156585693359375, 18.156726837158203, 18.156606674194336, 18.156648635864258, 18.15668487548828, 18.15663719177246, 18.156587600708008, 18.156606674194336, 18.15659523010254, 18.156728744506836, 18.15659523010254, 18.15664291381836, 18.1566104888916, 18.15683937072754, 18.156591415405273, 18.156612396240234, 18.156597137451172, 18.156700134277344, 18.15658950805664, 18.156620025634766, 18.156600952148438, 18.15679168701172, 18.1566104888916, 18.156658172607422, 18.156612396240234, 18.156824111938477, 18.156614303588867, 18.156648635864258, 18.15660858154297, 18.156808853149414, 18.15660858154297, 18.156641006469727, 18.156606674194336, 18.15679359436035, 18.1566162109375, 18.15667152404785, 18.156614303588867, 18.156803131103516, 18.156618118286133, 18.15667724609375, 18.1566162109375, 18.15679931640625, 18.156618118286133, 18.156665802001953, 18.156614303588867, 18.15679931640625, 18.1566162109375, 18.156665802001953, 18.15660858154297, 18.156789779663086, 18.1566162109375, 18.15666389465332, 18.15660858154297, 18.15679359436035, 18.1566219329834, 18.156692504882812, 18.1566162109375, 18.156814575195312, 18.156627655029297, 18.15669822692871, 18.156618118286133, 18.15679931640625, 18.156633377075195, 18.15669059753418, 18.156614303588867, 18.156787872314453, 18.1566219329834, 18.15668487548828, 18.156614303588867, 18.156801223754883, 18.15662384033203, 18.15669059753418, 18.1566162109375, 18.15678596496582, 18.1566219329834, 18.156665802001953, 18.15660858154297, 18.15677833557129, 18.156614303588867, 18.15665626525879, 18.156604766845703, 18.15677261352539, 18.156604766845703, 18.15663719177246, 18.156604766845703, 18.156747817993164, 18.156597137451172, 18.1566104888916, 18.15660285949707, 18.156749725341797, 18.156587600708008, 18.15659523010254, 18.156600952148438, 18.156740188598633, 18.156597137451172, 18.15658950805664, 18.15660285949707, 18.15674591064453, 18.156606674194336, 18.156585693359375, 18.156600952148438, 18.15673828125, 18.156614303588867, 18.156587600708008, 18.156599044799805, 18.15673065185547, 18.1566219329834, 18.156585693359375, 18.156597137451172, 18.156726837158203, 18.156627655029297, 18.156587600708008, 18.156600952148438, 18.156726837158203, 18.156639099121094, 18.156578063964844, 18.156599044799805, 18.15671730041504, 18.1566219329834, 18.1566104888916, 18.156604766845703, 18.1567325592041, 18.156627655029297, 18.15658187866211, 18.156604766845703, 18.156709671020508, 18.1566104888916, 18.156627655029297, 18.156604766845703, 18.156740188598633, 18.156635284423828, 18.156583786010742, 18.156606674194336, 18.156723022460938, 18.1566104888916, 18.1566219329834, 18.15660285949707, 18.1567325592041, 18.156646728515625, 18.15658187866211, 18.156600952148438, 18.156702041625977, 18.156633377075195, 18.1566219329834, 18.156606674194336, 18.156736373901367, 18.156633377075195, 18.156585693359375, 18.1566104888916, 18.156715393066406, 18.156600952148438, 18.15660285949707, 18.156599044799805, 18.156715393066406, 18.15668487548828, 18.15660285949707, 18.156614303588867, 18.156740188598633, 18.15660858154297, 18.156585693359375, 18.1566162109375, 18.156719207763672, 18.156587600708008, 18.1566162109375, 18.156599044799805, 18.156726837158203, 18.156660079956055, 18.156587600708008, 18.156600952148438, 18.1567325592041, 18.156625747680664, 18.15658187866211, 18.156597137451172, 18.156707763671875, 18.156658172607422, 18.156625747680664, 18.156612396240234, 18.156742095947266, 18.1566104888916, 18.156583786010742, 18.1566162109375, 18.156715393066406, 18.15658950805664, 18.15660858154297, 18.156597137451172, 18.156715393066406, 18.156675338745117, 18.1566104888916, 18.1566162109375, 18.1567325592041, 18.1566104888916, 18.156585693359375, 18.156620025634766, 18.15671157836914, 18.156583786010742, 18.15660858154297, 18.156599044799805, 18.156713485717773, 18.156660079956055, 18.156635284423828, 18.1566219329834, 18.15673828125, 18.156618118286133, 18.156591415405273, 18.1566104888916, 18.15671730041504, 18.156585693359375, 18.156625747680664, 18.156600952148438, 18.156719207763672, 18.156648635864258, 18.156583786010742, 18.156597137451172, 18.15671730041504, 18.156633377075195, 18.15660285949707, 18.156600952148438, 18.15671730041504, 18.156639099121094, 18.15658187866211, 18.156600952148438, 18.156700134277344, 18.15663719177246, 18.156644821166992, 18.15660858154297, 18.15674591064453, 18.1566104888916, 18.156583786010742, 18.156614303588867, 18.156728744506836, 18.15658950805664, 18.156612396240234, 18.156597137451172, 18.156713485717773, 18.156673431396484, 18.156612396240234, 18.156612396240234, 18.156723022460938, 