{"Time": "0.0:4.0:57.584996461868286",
 "Epochs": 102,
 "TrainAcc": [0.20833333333333334, 0.21428571428571427, 0.33695652173913043, 0.46551724137931033, 0.7313432835820896, 0.8111111111111111, 0.8717948717948718, 0.8994082840236687, 0.9282051282051282, 0.9090909090909091, 0.9285714285714286, 0.9514925373134329, 0.9737991266375546, 0.968609865470852, 0.9791666666666666, 0.9868421052631579, 0.9893238434163701, 0.9837133550488599, 0.99, 1.0, 0.9914893617021276, 0.9959016393442623, 0.9905660377358491, 1.0, 1.0, 1.0, 1.0, 1.0, 0.99581589958159, 1.0, 0.99581589958159, 0.9967320261437909, 0.9963768115942029, 0.9961240310077519, 0.9959349593495935, 0.9957446808510638, 0.9959514170040485, 0.9878048780487805, 0.9913419913419913, 0.991701244813278, 0.9905660377358491, 0.9957983193277311, 0.9914163090128756, 0.9826086956521739, 1.0, 0.992, 0.9871244635193133, 0.9915254237288136, 0.9917355371900827, 0.987603305785124, 0.9875, 0.9917355371900827, 0.9871794871794872, 0.9914893617021276, 0.9833333333333333, 0.9916317991631799, 0.991701244813278, 0.9919678714859438, 0.9956709956709957, 0.9918367346938776, 0.9864864864864865, 0.9826839826839827, 1.0, 1.0, 1.0, 1.0, 0.9955947136563876, 1.0, 0.9953271028037384, 0.9952380952380953, 1.0, 1.0, 0.9953271028037384, 0.9955357142857143, 0.9951923076923077, 0.995575221238938, 0.9949748743718593, 0.9953488372093023, 0.9948186528497409, 0.9951690821256038, 1.0, 0.98989898989899, 1.0, 1.0, 0.9956331877729258, 1.0, 1.0, 0.9951923076923077, 1.0, 1.0, 0.9949748743718593, 1.0, 1.0, 1.0, 0.9906976744186047, 0.9907407407407407, 0.98989898989899, 1.0, 0.9953051643192489, 0.9948186528497409, 1.0, 0.9903381642512077],
 "ValidAcc": [0.11666666666666667, 0.08695652173913043, 0.1568627450980392, 0.23076923076923078, 0.23809523809523808, 0.2982456140350877, 0.3548387096774194, 0.38095238095238093, 0.3333333333333333, 0.38571428571428573, 0.42857142857142855, 0.4230769230769231, 0.39705882352941174, 0.43478260869565216, 0.45, 0.4835164835164835, 0.4943820224719101, 0.5529411764705883, 0.5, 0.5373134328358209, 0.5263157894736842, 0.48214285714285715, 0.6333333333333333, 0.5571428571428572, 0.5625, 0.48148148148148145, 0.5217391304347826, 0.5, 0.5333333333333333, 0.5882352941176471, 0.65, 0.5428571428571428, 0.5625, 0.5166666666666667, 0.625, 0.6065573770491803, 0.5901639344262295, 0.5161290322580645, 0.6274509803921569, 0.609375, 0.6065573770491803, 0.5555555555555556, 0.6111111111111112, 0.5555555555555556, 0.5517241379310345, 0.5964912280701754, 0.5737704918032787, 0.5517241379310345, 0.5964912280701754, 0.5625, 0.5789473684210527, 0.5, 0.5833333333333334, 0.6166666666666667, 0.5932203389830508, 0.5614035087719298, 0.5573770491803278, 0.5925925925925926, 0.559322033898305, 0.5178571428571429, 0.5689655172413793, 0.6610169491525424, 0.5348837209302325, 0.6065573770491803, 0.5454545454545454, 0.6086956521739131, 0.5471698113207547, 0.6296296296296297, 0.603448275862069, 0.6111111111111112, 0.5238095238095238, 0.5416666666666666, 0.5111111111111111, 0.6153846153846154, 0.6170212765957447, 0.5769230769230769, 0.5909090909090909, 0.4772727272727273, 0.5869565217391305, 0.5625, 0.54, 0.5952380952380952, 0.6274509803921569, 0.5869565217391305, 0.5098039215686274, 0.5882352941176471, 0.5476190476190477, 0.6170212765957447, 0.6, 0.5957446808510638, 0.5918367346938775, 0.5, 0.5434782608695652, 0.4807692307692308, 0.6086956521739131, 0.5952380952380952, 0.62, 0.5531914893617021, 0.5208333333333334, 0.6122448979591837, 0.5869565217391305, 0.574468085106383],
 "TestAcc": 0.5238095238095238,
 "Test_Pred": [4, 24, 25, 23, 25, 1, 17, 27, 24, 10, 6, 19, 0, 0, 15, 24, 9, 15, 13, 20, 8, 24, 0, 4, 29, 8, 4, 9, 28, 27, 14, 25, 19, 4, 7, 20, 27, 25, 18, 25, 21, 15, 15, 9, 18, 0, 14, 17, 4, 0, 19, 24, 16, 11, 16, 8, 6, 15, 7, 3, 16, 0, 24],
 "Test_Target": [3, 3, 25, 23, 1, 6, 12, 22, 6, 10, 6, 12, 1, 0, 15, 24, 6, 20, 13, 20, 8, 13, 6, 4, 29, 8, 1, 6, 28, 22, 14, 26, 12, 4, 7, 20, 1, 5, 18, 25, 21, 19, 20, 6, 18, 5, 14, 17, 2, 0, 19, 24, 16, 11, 16, 9, 6, 12, 7, 3, 2, 2, 11],