{"Epochs": 48, 
"TrainAcc": [0.3176757132915797, 0.5831593597773138, 0.669276270006959, 0.6880654140570633, 0.7456506610995128, 0.8048016701461378, 0.8159359777313848, 0.8613430758524704, 0.9091858037578288, 0.9093597773138483, 0.9347599164926931, 0.9556367432150313, 0.9561586638830898, 0.9665970772442589, 0.9794711203897007, 0.9805149617258176, 0.9838204592901879, 0.9859081419624217, 0.9845163535142658, 0.988865692414753, 0.9890396659707724, 0.9872999304105776, 0.9902574808629089, 0.988517745302714, 0.9940848990953375, 0.989213639526792, 0.994258872651357, 0.9944328462073765, 0.993562978427279, 0.9958246346555324, 0.9966945024356297, 0.9966945024356297, 0.994258872651357, 0.9932150313152401, 0.994258872651357, 0.9972164231036882, 0.9973903966597077, 0.9963465553235908, 0.9966945024356297, 0.9975643702157272, 0.9959986082115518, 0.9947807933194155, 0.9966945024356297, 0.9973903966597077, 0.9946068197633959, 0.9947807933194155, 0.9904314544189283, 0.9944328462073765, 0.9979123173277662, 0.9963465553235908, 0.9930410577592206, 0.9937369519832986, 0.9944328462073765, 0.9959986082115518, 0.9947807933194155, 0.9959986082115518, 0.9973903966597077, 0.9980862908837856, 0.9951287404314544, 0.9975643702157272, 0.9979123173277662, 0.9986082115518441, 0.9986082115518441, 0.9986082115518441, 0.9968684759916493, 0.9977383437717467, 0.9972164231036882, 0.9970424495476687, 0.9993041057759221, 0.999652052887961, 0.9982602644398052, 0.9979123173277662, 0.9984342379958246, 0.9979123173277662, 0.9973903966597077, 0.9987821851078637, 0.9979123173277662, 0.9982602644398052, 0.9979123173277662, 0.999652052887961, 0.9989561586638831, 0.9986082115518441, 0.9975643702157272, 0.9973903966597077, 0.9982602644398052, 0.999652052887961, 0.9989561586638831, 0.999652052887961, 0.9986082115518441, 0.9953027139874739, 0.993562978427279, 0.9963465553235908, 0.9980862908837856, 0.9975643702157272, 0.9968684759916493, 0.9975643702157272, 0.9972164231036882, 0.9959986082115518, 0.9946068197633959, 0.9963465553235908, 0.994258872651357, 0.9965205288796103, 0.9961725817675713, 0.9959986082115518, 0.9977383437717467, 0.9972164231036882, 0.9984342379958246, 0.9994780793319415, 0.9994780793319415, 0.9986082115518441, 0.9982602644398052, 0.9987821851078637, 0.9961725817675713, 0.9993041057759221, 0.9984342379958246, 0.9963465553235908, 0.9961725817675713, 0.9933890048712596, 0.9940848990953375, 0.9954766875434934, 0.9947807933194155, 0.9956506610995128, 0.9949547668754349, 0.9956506610995128, 0.9965205288796103, 0.9970424495476687, 0.9963465553235908, 0.9965205288796103, 0.9977383437717467, 0.9982602644398052, 0.9956506610995128, 0.9973903966597077, 0.9954766875434934, 0.994258872651357, 0.9982602644398052, 0.9965205288796103, 0.9958246346555324, 0.9972164231036882, 0.9970424495476687, 0.9984342379958246, 0.9991301322199025, 0.9991301322199025, 0.9987821851078637, 0.9989561586638831], 
"ValidAcc": [0.30359937402190923, 0.5618153364632238, 0.6411058946270214, 0.6515388628064684, 0.6964006259780907, 0.7642149191444966, 0.7715179968701096, 0.810641627543036, 0.8508085550339072, 0.8492436098069901, 0.8633281168492436, 0.8779342723004695, 0.8810641627543035, 0.8836724047991653, 0.8857589984350548, 0.8935837245696401, 0.8935837245696401, 0.9014084507042254, 0.8930620761606677, 0.8941053729786124, 0.8914971309337506, 0.8925404277516954, 0.8977569118414189, 0.8826291079812206, 0.8914971309337506, 0.8878455920709442, 0.8982785602503912, 0.8982785602503912, 0.9045383411580594, 0.9003651538862807, 0.9034950443401147, 0.8988002086593636, 0.892018779342723, 0.8888888888888888, 0.8909754825247783, 0.8977569118414189, 0.8982785602503912, 0.9014084507042254, 0.8993218570683359, 0.8988002086593636, 0.8941053729786124, 0.8909754825247783, 0.8914971309337506, 0.8894105372978612, 0.8857589984350548, 0.8868022952529995, 0.8805425143453313, 0.892018779342723, 0.8899321857068336, 0.8878455920709442, 0.8909754825247783, 0.8883672404799166, 0.8914971309337506, 0.8873239436619719, 0.8909754825247783, 0.8878455920709442, 0.8925404277516954, 0.8894105372978612, 0.8946270213875848, 0.8972352634324465, 0.8998435054773083, 0.9055816379760042, 0.9040166927490871, 0.9118414188836724, 0.9061032863849765, 0.9066249347939489, 0.9040166927490871, 0.8977569118414189, 0.9003651538862807, 0.9014084507042254, 0.8977569118414189, 0.8925404277516954, 0.8998435054773083, 0.8993218570683359, 0.8972352634324465, 0.8993218570683359, 0.9014084507042254, 0.8961919666145018, 0.8988002086593636, 0.8988002086593636, 0.9034950443401147, 0.9055816379760042, 0.9014084507042254, 0.908189880020866, 0.9040166927490871, 0.9024517475221701, 0.8941053729786124, 0.9019300991131977, 0.8998435054773083, 0.8914971309337506, 0.8956703182055294, 0.892018779342723, 0.8946270213875848, 0.8988002086593636, 0.8988002086593636, 0.8977569118414189, 0.8951486697965572, 0.8868022952529995, 0.8821074595722483, 0.8888888888888888, 0.8774126238914971, 0.8904538341158059, 0.8925404277516954, 0.8894105372978612, 0.8847157016171101, 0.8888888888888888, 0.8946270213875848, 0.8951486697965572, 0.8993218570683359, 0.9003651538862807, 0.8930620761606677, 0.892018779342723, 0.8914971309337506, 0.9014084507042254, 0.8982785602503912, 0.8878455920709442, 0.8972352634324465, 0.892018779342723, 0.8888888888888888, 0.8810641627543035, 0.8768909754825248, 0.8732394366197183, 0.8789775691184142, 0.883150756390193, 0.8873239436619719, 0.8909754825247783, 0.8862806468440271, 0.8826291079812206, 0.8935837245696401, 0.8899321857068336, 0.8914971309337506, 0.8847157016171101, 0.8857589984350548, 0.8794992175273866, 0.8909754825247783, 0.8878455920709442, 0.8946270213875848, 0.8967136150234741, 0.8982785602503912, 0.8935837245696401, 0.8998435054773083, 0.9040166927490871, 0.8967136150234741, 0.8988002086593636], 
"TestAcc": 0.9128847157016171}