{"Time": "0.0:4.0:50.11195111274719",
 "Epochs": 101,
 "TrainAcc": [0.225, 0.5, 0.625, 0.631578947368421, 0.7028985507246377, 0.711864406779661, 0.7914110429447853, 0.8794326241134752, 0.9, 0.9357798165137615, 0.9289099526066351, 0.9504950495049505, 0.9488372093023256, 0.9429824561403509, 0.9636363636363636, 0.9625, 0.9466666666666667, 0.9709090909090909, 0.966804979253112, 0.9906103286384976, 0.9815668202764977, 0.9866220735785953, 0.9875, 0.99581589958159, 0.9829351535836177, 0.98828125, 0.9955156950672646, 0.9915254237288136, 0.996551724137931, 0.9960629921259843, 0.9964664310954063, 0.991304347826087, 0.9959016393442623, 1.0, 0.9954545454545455, 1.0, 1.0, 1.0, 1.0, 1.0, 1.0, 0.9957081545064378, 1.0, 0.9908256880733946, 1.0, 1.0, 1.0, 1.0, 1.0, 1.0, 1.0, 1.0, 1.0, 0.995850622406639, 1.0, 1.0, 1.0, 1.0, 1.0, 1.0, 1.0, 1.0, 1.0, 1.0, 1.0, 1.0, 1.0, 1.0, 1.0, 1.0, 1.0, 1.0, 1.0, 1.0, 1.0, 1.0, 1.0, 1.0, 1.0, 1.0, 1.0, 1.0, 1.0, 1.0, 1.0, 1.0, 1.0, 1.0, 1.0, 1.0, 1.0, 1.0, 1.0, 1.0, 1.0, 1.0, 1.0, 1.0, 1.0, 1.0, 1.0],
 "ValidAcc": [0.075, 0.18518518518518517, 0.2, 0.16216216216216217, 0.23333333333333334, 0.20833333333333334, 0.2835820895522388, 0.2692307692307692, 0.2878787878787879, 0.3835616438356164, 0.37333333333333335, 0.33783783783783783, 0.3698630136986301, 0.3382352941176471, 0.35064935064935066, 0.34177215189873417, 0.4, 0.4, 0.3157894736842105, 0.3815789473684211, 0.4444444444444444, 0.379746835443038, 0.3918918918918919, 0.47619047619047616, 0.375, 0.47058823529411764, 0.4642857142857143, 0.5223880597014925, 0.4691358024691358, 0.5576923076923077, 0.5333333333333333, 0.5084745762711864, 0.47540983606557374, 0.5185185185185185, 0.5263157894736842, 0.5357142857142857, 0.47058823529411764, 0.48214285714285715, 0.5535714285714286, 0.5254237288135594, 0.4838709677419355, 0.49056603773584906, 0.5576923076923077, 0.5094339622641509, 0.49122807017543857, 0.5102040816326531, 0.5517241379310345, 0.5230769230769231, 0.4909090909090909, 0.5636363636363636, 0.547945205479452, 0.46875, 0.543859649122807, 0.5777777777777777, 0.52, 0.47368421052631576, 0.5892857142857143, 0.5166666666666667, 0.5576923076923077, 0.625, 0.6825396825396826, 0.6197183098591549, 0.6521739130434783, 0.5681818181818182, 0.5365853658536586, 0.5686274509803921, 0.6078431372549019, 0.6122448979591837, 0.5306122448979592, 0.6, 0.5769230769230769, 0.5217391304347826, 0.574468085106383, 0.673469387755102, 0.5714285714285714, 0.5957446808510638, 0.6086956521739131, 0.6346153846153846, 0.5957446808510638, 0.6341463414634146, 0.5454545454545454, 0.5641025641025641, 0.64, 0.6086956521739131, 0.6590909090909091, 0.5416666666666666, 0.5319148936170213, 0.5833333333333334, 0.6046511627906976, 0.6037735849056604, 0.6666666666666666, 0.58, 0.5454545454545454, 0.5, 0.4782608695652174, 0.5892857142857143, 0.5531914893617021, 0.5769230769230769, 0.5510204081632653, 0.5918367346938775, 0.5625],
 "TestAcc": 0.6065573770491803,
 "Test_Pred": [4, 25, 25, 13, 4, 1, 11, 27, 13, 4, 10, 6, 2, 0, 15, 17, 24, 10, 17, 24, 15, 13, 8, 27, 20, 8, 27, 4, 8, 28, 27, 17, 14, 4, 7, 20, 27, 7, 24, 18, 21, 25, 13, 17, 15, 17, 4, 9, 16, 27, 11, 13, 17, 9, 6, 27, 1, 7, 29, 21, 24],
 "Test_Target": [3, 25, 1, 13, 4, 6, 11, 27, 22, 4, 10, 6, 1, 0, 15, 17, 24, 10, 17, 24, 20, 13, 8, 3, 20, 8, 27, 4, 8, 28, 22, 18, 14, 4, 7, 20, 1, 12, 13, 18, 21, 25, 23, 5, 9, 17, 2, 0, 16, 22, 11, 24, 12, 9, 6, 22, 23, 7, 5, 21, 11],
 "Test_fnames": ["./data/2009/Ciliate_mix/IFCB1_2009_122_163134_00049.png", "./data/2009/Ciliate_mix/IFCB1_2009_362_032219_00760.png", "./data/2006/bad/IFCB1_2006_158_182925_05361.png", "./data/2009/Asterionellopsis/IFCB1_2009_022_005008_01034.png", "./data/2009/Thalassiosira_dirty/IFCB1_2009_022_002654_01575.png", "./data/2009/Chaetoceros/IFCB1_2009_211_153356_00989.png", "./data/2012/Heterocapsa_triquetra/IFCB1_2012_151_154317_01071.png", "./data/2007/Corethron/IFCB1_2007_024_213700_02102.png", "./data/2013/Dictyocha/IFCB1_2013_001_081645_01276.png", "./data/2011/Pleurosigma/IFCB5_2011_316_191740_06940.png", "./data/2012/Guinardia_flaccida/IFCB5_2012_052_021037_00483.png", "./data/2008/Guinardia_striata/IFCB1_2008_349_174035_01765.png", "./data/2011/Thalassiosira_dirty/IFCB5_2011_326_170712_00466.png", "./data/2012/dino30/IFCB5_2012_066_192107_02606.png", "./data/2013/Thalassiosira/IFCB1_2013_011_180852_00186.png", "./data/2011/Corethron/IFCB5_2011_015_194623_00800.png", "./data/2011/Dictyocha/IFCB5_2011_001_171342_02564.png", "./data/2007/Guinardia_delicatula/IFCB1_2007_017_005201_01182.png", "./data/2011/Leptocylindrus/IFCB5_2011_326_175336_07800.png", "./data/2011/Dictyocha/IFCB5_2011_326_194937_07186.png", "./data/2009/Guinardia_striata/IFCB1_2009_228_002831_01828.png", "./data/2014/Guinardia_striata/IFCB5_2014_259_122510_03663.png", "./data/2010/Chaetoceros/IFCB5_2010_249_012602_07456.png", "./data/2008/Asterionellopsis/IFCB1_2008_001_004404_00949.png", "./data/2006/Eucampia/IFCB1_2006_309_003838_00379.png", "./data/2014/Leptocylindrus/IFCB1_2014_188_222013_00723.png", "./data/2009/Guinardia_delicatula/IFCB1_2009_067_004943_01445.png", "./data/2009/Pleurosigma/IFCB1_2009_188_002300_05109.png", "./data/2014/Chaetoceros/IFCB5_2014_259_120213_03884.png", "./data/2011/Tintinnid/IFCB5_2011_330_195348_04700.png", "./data/2012/Guinardia_delicatula/IFCB5_2012_052_025703_02174.png", "./data/2007/Pleurosigma/IFCB1_2007_027_000718_01878.png", "./data/2008/Tintinnid/IFCB1_2008_363_094233_01359.png", "./data/2013/detritus/IFCB5_2013_167_152816_01460.png", "./data/2011/Dictyocha/IFCB5_2011_330_195348_03007.png", "./data/2008/Skeletonema/IFCB1_2008_318_192854_04387.png", "./data/2012/Heterocapsa_triquetra/IFCB1_2012_151_154317_01727.png", "./data/2012/Heterocapsa_triquetra/IFCB1_2012_151_154317_00278.png", "./data/2009/Ditylum/IFCB1_2009_022_222419_00529.png", "./data/2010/Cylindrotheca/IFCB1_2010_132_164328_00157.png", "./data/2012/Ciliate_mix/IFCB1_2012_258_181419_00642.png", "./data/2013/Leptocylindrus/IFCB5_2013_325_230315_01674.png", "./data/2014/Cylindrotheca/IFCB5_2014_057_184322_02897.png", "./data/2008/Skeletonema/IFCB1_2008_248_004347_03143.png", "./data/2012/Skeletonema/IFCB1_2012_292_093250_00459.png", "./data/2009/Ditylum/IFCB1_2009_030_163951_01656.png", "./data/2013/dino30/IFCB5_2013_184_211057_03219.png", "./data/2013/Heterocapsa_triquetra/IFCB5_2013_235_182200_00205.png", "./data/2009/Dictyocha/IFCB1_2009_022_005008_00858.png", "./data/2007/Corethron/IFCB1_2007_360_184927_01753.png", "./data/2012/pennate/IFCB1_2012_282_205545_00603.png", "./data/2011/Tintinnid/IFCB5_2011_001_173655_02936.png", "./data/2010/Ditylum/IFCB1_2010_001_164439_02967.png", "./data/2012/Chaetoceros/IFCB1_2012_273_035637_00160.png", "./data/2009/Dictyocha/IFCB1_2009_309_180858_08979.png", "./data/2013/flagellate_sp3/IFCB5_2013_213_162635_05973.png", "./data/2013/Thalassiosira/IFCB1_2013_302_170210_04227.png", "./data/2011/Prorocentrum/IFCB1_2011_240_193426_01877.png", "./data/2011/bad/IFCB5_2011_304_190824_07867.png", "./data/2009/Laboea_strobila/IFCB1_2009_122_130238_00602.png", "./data/2012/detritus/IFCB5_2012_192_171632_06015.png", "./data/2014/Guinardia_striata/IFCB5_2014_259_120213_01298.png", "./data/2007/Leptocylindrus/IFCB1_2007_089_004753_02419.png", "./data/2009/Corethron/IFCB1_2009_300_194929_02076.png", "./data/2008/Dinobryon/IFCB1_2008_114_173253_00838.png", "./data/2007/Guinardia_flaccida/IFCB1_2007_105_162725_00465.png", "./data/2010/Skeletonema/IFCB5_2010_345_120048_05249.png", "./data/2009/Dinobryon/IFCB1_2009_292_003918_00066.png", "./data/2012/Chaetoceros/IFCB1_2012_311_162214_01291.png", "./data/2010/Cylindrotheca/IFCB1_2010_141_161721_07620.png", "./data/2009/Guinardia_striata/IFCB1_2009_228_005118_02548.png", "./data/2014/Heterocapsa_triquetra/IFCB5_2014_060_064942_01559.png", "./data/2009/Prorocentrum/IFCB1_2009_276_185819_01542.png", "./data/2007/Thalassionema/IFCB1_2007_305_161711_04513.png", "./data/2012/bad/IFCB1_2012_282_200950_00173.png", 