{"Time": "0.0:46.0:6.229518175125122",
 "Epochs": 43,
 "TrainAcc": [0.16065536466037092, 0.7079303675048356, 0.7925816361360792, 0.8172715894868585, 0.8365001706678803, 0.8667652747752873, 0.8713164182500853, 0.8782569120491523, 0.90681533735351, 0.8864489703037888, 0.9002161793150529, 0.9023779724655819, 0.9039708726817612, 0.9087495733302993, 0.8944134713846854, 0.899874843554443, 0.9087495733302993, 0.9105700307202185, 0.9110251450676983, 0.890772556604847, 0.9069291159403801, 0.9054499943110706, 0.9001024007281829, 0.9087495733302993, 0.9079531232222096, 0.9143247240869269, 0.9102286949596086, 0.8964614859483445, 0.9077255660484697, 0.909432244851519, 0.9138696097394471, 0.8969166002958243, 0.9084082375696894, 0.9135282739788372, 0.918534531801115, 0.9272954829901012, 0.9369666628740471, 0.9234270110365229, 0.9196723176698145, 0.9159176243031062, 0.9391284560245762, 0.9096598020252589, 0.9143247240869269, 0.9095460234383889, 0.9368528842871772, 0.9160314028899761, 0.913983388326317, 0.9137558311525771, 0.9381044487427466, 0.925475025600182, 0.9302537262487199, 0.9342359767891683, 0.9393560131983161, 0.9297986119012401, 0.9239959039708727, 0.9024917510524519, 0.9368528842871772, 0.9279781545113209, 0.932756855159859, 0.9161451814768461, 0.9382182273296166, 0.9151211741950165, 0.9220616679940835, 0.9059051086585505, 0.9352599840709979, 0.9228581181021732, 0.9297986119012401, 0.9114802594151781, 0.9385595630902264, 0.9243372397314825, 0.9203549891910342, 0.9269541472294914, 0.9384457845033565, 0.918534531801115, 0.9202412106041643, 0.9077255660484697, 0.9389008988508363, 0.9216065536466037, 0.9137558311525771, 0.9217203322334736, 0.9370804414609171, 0.9352599840709979, 0.9333257480942087, 0.9151211741950165, 0.9361702127659575, 0.9178518602798953, 0.9258163613607919, 0.9194447604960746, 0.9351462054841279, 0.9252474684264421, 0.9423142564569348, 0.9410626920013654, 0.9365115485265673, 0.9082944589828195, 0.9266128114688815, 0.9206963249516441, 0.9369666628740471, 0.9220616679940835, 0.9204687677779042, 0.9090909090909091, 0.9359426555922176, 0.9169416315849357, 0.9267265900557515, 0.8963477073614746, 0.9377631129821368, 0.9118215951757879, 0.9284332688588007, 0.9154625099556264, 0.9342359767891683, 0.9311639549436797, 0.9175105245192855, 0.9082944589828195, 0.9357150984184777, 0.9251336898395722, 0.8974854932301741, 0.8981681647513938, 0.9376493343952668, 0.9257025827739219, 0.9087495733302993, 0.9241096825577426, 0.9344635339629082, 0.9228581181021732, 0.9330981909204688, 0.9138696097394471, 0.9361702127659575, 0.9150073956081466, 0.9188758675617249, 0.9227443395153032, 0.937307998634657, 0.9257025827739219, 0.9279781545113209, 0.9310501763568096, 0.9354875412447378, 0.9305950620093298, 0.9180794174536352, 0.9100011377858687, 0.9363977699396974, 0.9269541472294914, 0.916372738650586, 0.9142109455000569, 0.9348048697235181, 0.9250199112527022, 0.9243372397314825, 0.9107975878939584, 0.9342359767891683, 0.9285470474456707, 0.9158038457162362, 0.9069291159403801, 0.9368528842871772, 0.8803049266128115, 0.9212652178859938, 0.9061326658322904, 0.9359426555922176, 0.9127318238707475, 0.934918648310388, 0.9307088405961998, 0.9358288770053476, 0.9136420525657072, 0.9200136534304244, 0.9239959039708727, 0.9377631129821368, 0.9287746046194106, 0.9153487313687564, 0.9167140744111958, 0.9357150984184777, 0.9323017408123792, 0.9308226191830697, 0.9244510183183525, 0.9378768915690067, 0.9187620889748549, 0.9272954829901012, 0.9226305609284333],
 "ValidAcc": [0.15119453924914675, 0.6856655290102389, 0.7641638225255972, 0.7764505119453925, 0.8047781569965871, 0.8187713310580205, 0.8249146757679181, 0.8361774744027304, 0.856655290102389, 0.826962457337884, 0.8457337883959044, 0.8494880546075085, 0.8532423208191127, 0.8559726962457338, 0.8436860068259385, 0.8344709897610921, 0.8583617747440273, 0.847098976109215, 0.852901023890785, 0.8235494880546075, 0.852901023890785, 0.8491467576791809, 0.8416382252559726, 0.857679180887372, 0.8590443686006826, 0.8587030716723549, 0.846075085324232, 0.841296928327645, 0.8573378839590444, 0.8542662116040955, 0.8549488054607508, 0.8361774744027304, 0.8593856655290102, 0.8580204778156997, 0.8607508532423208, 0.8689419795221843, 0.8720136518771331, 0.8614334470989761, 0.8532423208191127, 0.8505119453924914, 0.8709897610921502, 0.8368600682593856, 0.8344709897610921, 0.8372013651877133, 0.8641638225255973, 0.8532423208191127, 0.8525597269624573, 0.8464163822525598, 0.8737201365187713, 0.8583617747440273, 0.8597269624573379, 0.8624573378839591, 0.8737201365187713, 0.8559726962457338, 0.8610921501706484, 0.830716723549488, 0.874061433447099, 0.8624573378839591, 0.8593856655290102, 0.8477815699658703, 0.8733788395904437, 0.8508532423208192, 0.8484641638225257, 0.8296928327645051, 0.868259385665529, 0.8559726962457338, 0.8648464163822526, 0.8481228668941979, 0.8665529010238908, 0.8508532423208192, 0.8450511945392492, 0.8583617747440273, 0.8716723549488055, 0.8467576791808874, 0.8522184300341297, 0.8348122866894198, 0.869283276450512, 0.8552901023890785, 0.8522184300341297, 0.8614334470989761, 0.8726962457337883, 0.8624573378839591, 0.8645051194539249, 0.830716723549488, 0.8747440273037542, 0.8467576791808874, 0.8607508532423208, 0.8457337883959044, 0.8675767918088737, 0.8505119453924914, 0.8737201365187713, 0.8747440273037542, 0.8716723549488055, 0.8508532423208192, 0.8569965870307167, 0.8488054607508533, 0.8716723549488055, 0.8505119453924914, 0.8457337883959044, 0.8426621160409556, 0.8699658703071672, 0.846075085324232, 0.8546075085324232, 0.8232081911262799, 0.8706484641638226, 0.8296928327645051, 0.8464163822525598, 0.831740614334471, 0.8686006825938567, 0.8556313993174062, 0.851877133105802, 0.8392491467576791, 0.8709897610921502, 0.8501706484641638, 0.826962457337884, 0.8293515358361775, 0.8726962457337883, 0.8552901023890785, 0.8382252559726963, 0.8535836177474403, 0.8686006825938567, 0.8535836177474403, 0.8617747440273038, 0.8491467576791809, 0.8658703071672355, 0.8450511945392492, 0.8491467576791809, 0.8494880546075085, 0.8699658703071672, 0.8573378839590444, 0.8658703071672355, 0.8641638225255973, 0.8668941979522184, 0.8597269624573379, 0.8474402730375427, 0.8419795221843004, 0.8696245733788396, 0.8580204778156997, 0.8498293515358362, 0.8515358361774744, 0.8689419795221843, 0.8488054607508533, 0.8484641638225257, 0.8443686006825939, 0.8709897610921502, 0.8552901023890785, 0.842320819112628, 0.836518771331058, 0.8668941979522184, 0.8129692832764505, 0.8542662116040955, 0.8474402730375427, 0.8686006825938567, 0.8395904436860068, 0.8665529010238908, 0.8624573378839591, 0.8720136518771331, 0.8378839590443686, 0.8440273037542663, 0.8508532423208192, 0.8709897610921502, 0.8515358361774744, 0.8481228668941979, 0.847098976109215, 0.8662116040955632, 0.8665529010238908, 0.8593856655290102, 0.8457337883959044, 0.8726962457337883, 0.8580204778156997, 0.8525597269624573, 0.8590443686006826],
 "TestAcc": 0.8549488054607508}