{"Time": "0.0:1.0:53.21276783943176",
 "Epochs": 38,
 "TrainAcc": [0.23333333333333334, 0.6170212765957447, 0.6923076923076923, 0.5959595959595959, 0.7037037037037037, 0.6470588235294118, 0.6793893129770993, 0.7391304347826086, 0.8536585365853658, 0.8116883116883117, 0.8311688311688312, 0.8490566037735849, 0.8860759493670886, 0.8679245283018868, 0.8539325842696629, 0.8888888888888888, 0.8757396449704142, 0.8490566037735849, 0.9020979020979021, 0.9366197183098591, 0.9044943820224719, 0.9206349206349206, 0.8950276243093923, 0.8918918918918919, 0.8923076923076924, 0.9195979899497487, 0.905, 0.8982300884955752, 0.9009433962264151, 0.9170731707317074, 0.9072164948453608, 0.9064039408866995, 0.9137055837563451, 0.912568306010929, 0.9289340101522843, 0.9108910891089109, 0.9095238095238095, 0.8984771573604061],
 "ValidAcc": [0.09166666666666666, 0.25, 0.22727272727272727, 0.22916666666666666, 0.1836734693877551, 0.22916666666666666, 0.3392857142857143, 0.22857142857142856, 0.3076923076923077, 0.288135593220339, 0.2878787878787879, 0.2542372881355932, 0.27941176470588236, 0.296875, 0.22058823529411764, 0.16666666666666666, 0.25, 0.4107142857142857, 0.35, 0.25925925925925924, 0.2923076923076923, 0.3108108108108108, 0.3283582089552239, 0.3548387096774194, 0.29411764705882354, 0.2987012987012987, 0.2972972972972973, 0.30434782608695654, 0.3611111111111111, 0.3442622950819672, 0.2753623188405797, 0.3142857142857143, 0.29850746268656714, 0.3235294117647059, 0.2702702702702703, 0.3055555555555556, 0.30434782608695654, 0.3333333333333333],
 "TestAcc": 0.2898550724637681,
 "Test_Pred": [0, 25, 8, 24, 14, 9, 15, 15, 19, 19, 23, 0, 24, 8, 17, 28, 9, 15, 15, 28, 20, 20, 14, 4, 25, 24, 28, 27, 25, 14, 28, 15, 11, 2, 7, 23, 25, 18, 24, 25, 24, 15, 16, 6, 16, 7, 25, 19, 17, 8, 16, 16, 28, 14, 16, 22, 3, 16, 15, 15, 27, 14, 15, 15, 1, 16, 21, 10, 16],
 "Test_Target": [3, 1, 4, 12, 23, 6, 10, 15, 12, 15, 10, 1, 24, 10, 17, 26, 6, 20, 5, 5, 20, 20, 13, 4, 29, 24, 28, 22, 25, 14, 26, 4, 11, 20, 7, 1, 5, 12, 13, 25, 23, 20, 2, 6, 18, 5, 5, 9, 17, 2, 16, 0, 19, 23, 16, 22, 24, 16, 5, 12, 22, 23, 7, 5, 1, 2, 18, 12, 2],
 "Test_fnames": ["./data/2009/Ciliate_mix/IFCB1_2009_122_163134_00049.png", "./data/2009/Ciliate_mix/IFCB1_2009_362_032219_00760.png", "./data/2006/bad/IFCB1_2006_158_182925_05361.png", "./data/2009/Asterionellopsis/IFCB1_2009_022_005008_01034.png", "./data/2009/Thalassiosira_dirty/IFCB1_2009_022_002654_01575.png", "./data/2009/Chaetoceros/IFCB1_2009_211_153356_00989.png", "./data/2012/Heterocapsa_triquetra/IFCB1_2012_151_154317_01071.png", "./data/2007/Corethron/IFCB1_2007_024_213700_02102.png", "./data/2013/Dictyocha/IFCB1_2013_001_081645_01276.png", "./data/2011/Pleurosigma/IFCB5_2011_316_191740_06940.png", "./data/2012/Guinardia_flaccida/IFCB5_2012_052_021037_00483.png", "./data/2008/Guinardia_striata/IFCB1_2008_349_174035_01765.png", "./data/2011/Thalassiosira_dirty/IFCB5_2011_326_170712_00466.png", "./data/2012/dino30/IFCB5_2012_066_192107_02606.png", "./data/2013/Thalassiosira/IFCB1_2013_011_180852_00186.png", "./data/2011/Corethron/IFCB5_2011_015_194623_00800.png", "./data/2011/Dictyocha/IFCB5_2011_001_171342_02564.png", "./data/2007/Guinardia_delicatula/IFCB1_2007_017_005201_01182.png", "./data/2011/Leptocylindrus/IFCB5_2011_326_175336_07800.png", "./data/2011/Dictyocha/IFCB5_2011_326_194937_07186.png", "./data/2009/Guinardia_striata/IFCB1_2009_228_002831_01828.png", "./data/2014/Guinardia_striata/IFCB5_2014_259_122510_03663.png", "./data/2010/Chaetoceros/IFCB5_2010_249_012602_07456.png", "./data/2008/Asterionellopsis/IFCB1_2008_001_004404_00949.png", "./data/2006/Eucampia/IFCB1_2006_309_003838_00379.png", "./data/2014/Leptocylindrus/IFCB1_2014_188_222013_00723.png", "./data/2009/Guinardia_delicatula/IFCB1_2009_067_004943_01445.png", "./data/2009/Pleurosigma/IFCB1_2009_188_002300_05109.png", "./data/2014/Chaetoceros/IFCB5_2014_259_120213_03884.png", "./data/2011/Tintinnid/IFCB5_2011_330_195348_04700.png", "./data/2012/Guinardia_delicatula/IFCB5_2012_052_025703_02174.png", "./data/2007/Pleurosigma/IFCB1_2007_027_000718_01878.png", "./data/2008/Tintinnid/IFCB1_2008_363_094233_01359.png", "./data/2013/detritus/IFCB5_2013_167_152816_01460.png", "./data/2011/Dictyocha/IFCB5_2011_330_195348_03007.png", "./data/2008/Skeletonema/IFCB1_2008_318_192854_04387.png", "./data/2012/Heterocapsa_triquetra/IFCB1_2012_151_154317_01727.png", "./data/2012/Heterocapsa_triquetra/IFCB1_2012_151_154317_00278.png", "./data/2009/Ditylum/IFCB1_2009_022_222419_00529.png", "./data/2010/Cylindrotheca/IFCB1_2010_132_164328_00157.png", "./data/2012/Ciliate_mix/IFCB1_2012_258_181419_00642.png", "./data/2013/Leptocylindrus/IFCB5_2013_325_230315_01674.png", "./data/2014/Cylindrotheca/IFCB5_2014_057_184322_02897.png", "./data/2008/Skeletonema/IFCB1_2008_248_004347_03143.png", "./data/2012/Skeletonema/IFCB1_2012_292_093250_00459.png", "./data/2009/Ditylum/IFCB1_2009_030_163951_01656.png", "./data/2013/dino30/IFCB5_2013_184_211057_03219.png", "./data/2013/Heterocapsa_triquetra/IFCB5_2013_235_182200_00205.png", "./data/2009/Dictyocha/IFCB1_2009_022_005008_00858.png", "./data/2007/Corethron/IFCB1_2007_360_184927_01753.png", "./data/2012/pennate/IFCB1_2012_282_205545_00603.png", "./data/2011/Tintinnid/IFCB5_2011_001_173655_02936.png", "./data/2010/Ditylum/IFCB1_2010_001_164439_02967.png", "./data/2012/Chaetoceros/IFCB1_2012_273_035637_00160.png", "./data/2009/Dictyocha/IFCB1_2009_309_180858_08979.png", "./data/2013/flagellate_sp3/IFCB5_2013_213_162635_05973.png", "./data/2013/Thalassiosira/IFCB1_2013_302_170210_04227.png", "./data/2011/Prorocentrum/IFCB1_2011_240_193426_01877.png", "./data/2011/bad/IFCB5_2011_304_190824_07867.png", "./data/2009/Laboea_strobila/IFCB1_2009_122_130238_00602.png", "./data/2012/detritus/IFCB5_2012_192_171632_06015.png", "./data/2014/Guinardia_striata/IFCB5_2014_259_120213_01298.png", "./data/2007/Leptocylindrus/IFCB1_2007_089_004753_02419.png", "./data/2009/Corethron/IFCB1_2009_300_194929_02076.png", "./data/2008/Dinobryon/IFCB1_2008_114_173253_00838.png", "./data/2007/Guinardia_flaccida/IFCB1_2007_105_162725_00465.png", "./data/2010/Skeletonema/IFCB5_2010_345_120048_05249.png", "./data/2009/Dinobryon/IFCB1_2009_292_003918_00066.png", "./data/2012/Chaetoceros/IFCB1_2012_311_162214_01291.png", "./data/2010/Cylindrotheca/IFCB1_2010_141_161721_07620.png", "./data/2009/Guinardia_striata/IFCB1_2009_228_005118_02548.png", "./data/2014/Heterocapsa_triquetra/IFCB5_2014_060_064942_01559.png", "./data/2009/Prorocentrum/IFCB1_2009_276_185819_01542.png", "./data/2007/Thalassionema/IFCB1_2007_305_161711_04513.png", "./data/2012/bad/IFCB1_2012_282_200950_00173.png", "./data/2007/Thalassionema/IFCB1_2007_001_164010_02274.png", "./data/2009/Thalassiosira_dirty/IFCB1_2009_276_122947_02879.png", "./data/2008/Pseudonitzschia/IFCB1_2008_237_195716_00590.png", "./data/2010/Chaetoceros_flagellate/IFCB5_2010_259_094055_00754.png", "./data/2013/Skeletonema/IFCB5_2013_153_131718_06513.png", "./data/2013/Chaetoceros_flagellate/IFCB5_2013_213_160322_01932.png", "./data/2009/Dictyocha/IFCB1_2009_300_164330_02917.png", "./data/2010/Prorocentrum/IFCB5_2010_259_184200_00048.png", "./data/2010/Cylindrotheca/IFCB1_2010_132_185641_04786.png", "./data/2009/detritus/IFCB1_2009_051_005834_01269.png", "./data/2010/Cylindrotheca/IFCB1_2010_132_164328_03816.png", "./data/2010/Laboea_strobila/IFCB1_2010_120_180116_02989.png", "./data/2011/Eucampia/IFCB5_2011_060_164616_00349.png", "./data/2012/Pleurosigma/IFCB1_2012_142_015832_00483.png", "./data/2008/Chaetoceros_flagellate/IFCB1_2008_116_215800_01261.png", "./data/2009/Phaeocystis/IFCB1_2009_030_174951_00246.png", "./data/2008/Asterionellopsis/IFCB1_2008_095_200706_00879.png", "./data/2012/Pseudonitzschia/IFCB5_2012_066_163841_01375.png", "./data/2014/Thalassiosira_dirty/IFCB5_2014_002_203908_01543.png", "./data/2014/Tintinnid/IFCB5_2014_134_011015_03615.png", "./data/2008/Prorocentrum/IFCB1_2008_240_190615_04513.png", 