{"Time": "0.0:6.0:31.9556565284729",
 "Epochs": 134,
 "TrainAcc": [0.041666666666666664, 0.027777777777777776, 0.041666666666666664, 0.06111111111111111, 0.05555555555555555, 0.08611111111111111, 0.06666666666666667, 0.05555555555555555, 0.075, 0.07777777777777778, 0.075, 0.08333333333333333, 0.058333333333333334, 0.08611111111111111, 0.08055555555555556, 0.07777777777777778, 0.1111111111111111, 0.1111111111111111, 0.10833333333333334, 0.1388888888888889, 0.14444444444444443, 0.1388888888888889, 0.12222222222222222, 0.10555555555555556, 0.1638888888888889, 0.1638888888888889, 0.14444444444444443, 0.17222222222222222, 0.18888888888888888, 0.21388888888888888, 0.24722222222222223, 0.3111111111111111, 0.33055555555555555, 0.32222222222222224, 0.3055555555555556, 0.3111111111111111, 0.3277777777777778, 0.3138888888888889, 0.32222222222222224, 0.325, 0.3138888888888889, 0.28888888888888886, 0.29444444444444445, 0.3527777777777778, 0.4222222222222222, 0.49166666666666664, 0.5472222222222223, 0.5472222222222223, 0.5972222222222222, 0.6833333333333333, 0.6833333333333333, 0.6527777777777778, 0.7361111111111112, 0.7111111111111111, 0.7, 0.7, 0.7222222222222222, 0.7083333333333334, 0.7222222222222222, 0.7388888888888889, 0.7138888888888889, 0.7111111111111111, 0.7305555555555555, 0.7277777777777777, 0.7166666666666667, 0.7194444444444444, 0.7472222222222222, 0.7861111111111111, 0.8055555555555556, 0.7722222222222223, 0.825, 0.8333333333333334, 0.8416666666666667, 0.8277777777777777, 0.8361111111111111, 0.85, 0.8333333333333334, 0.825, 0.8361111111111111, 0.8305555555555556, 0.8277777777777777, 0.8333333333333334, 0.8277777777777777, 0.8083333333333333, 0.8361111111111111, 0.8055555555555556, 0.8305555555555556, 0.825, 0.8666666666666667, 0.8666666666666667, 0.8583333333333333, 0.8611111111111112, 0.8666666666666667, 0.8666666666666667, 0.8583333333333333, 0.8638888888888889, 0.8888888888888888, 0.8833333333333333, 0.8694444444444445, 0.8694444444444445, 0.9083333333333333, 0.9027777777777778, 0.9, 0.9111111111111111, 0.8861111111111111, 0.8861111111111111, 0.8888888888888888, 0.9, 0.9111111111111111, 0.9083333333333333, 0.9083333333333333, 0.9, 0.8916666666666667, 0.9027777777777778, 0.925, 0.9277777777777778, 0.9222222222222223, 0.9111111111111111, 0.9305555555555556, 0.9138888888888889, 0.9333333333333333, 0.9305555555555556, 0.9277777777777778, 0.9277777777777778, 0.9361111111111111, 0.9, 0.9083333333333333, 0.925, 0.9166666666666666, 0.8944444444444445, 0.9027777777777778, 0.9138888888888889, 0.9, 0.9055555555555556],
 "ValidAcc": [0.06666666666666667, 0.041666666666666664, 0.025, 0.041666666666666664, 0.075, 0.041666666666666664, 0.041666666666666664, 0.041666666666666664, 0.05, 0.05, 0.041666666666666664, 0.075, 0.058333333333333334, 0.058333333333333334, 0.03333333333333333, 0.08333333333333333, 0.075, 0.06666666666666667, 0.09166666666666666, 0.05, 0.075, 0.075, 0.058333333333333334, 0.058333333333333334, 0.058333333333333334, 0.05, 0.10833333333333334, 0.08333333333333333, 0.075, 0.125, 0.15, 0.14166666666666666, 0.15, 0.15, 0.11666666666666667, 0.14166666666666666, 0.13333333333333333, 0.15, 0.14166666666666666, 0.10833333333333334, 0.13333333333333333, 0.13333333333333333, 0.15833333333333333, 0.16666666666666666, 0.18333333333333332, 0.20833333333333334, 0.18333333333333332, 0.26666666666666666, 0.275, 0.25833333333333336, 0.25833333333333336, 0.3, 0.3, 0.25833333333333336, 0.3, 0.2916666666666667, 0.26666666666666666, 0.26666666666666666, 0.2833333333333333, 0.2833333333333333, 0.2916666666666667, 0.2916666666666667, 0.26666666666666666, 0.2916666666666667, 0.26666666666666666, 0.30833333333333335, 0.35833333333333334, 0.35, 0.325, 0.375, 0.325, 0.375, 0.35833333333333334, 0.36666666666666664, 0.3416666666666667, 0.30833333333333335, 0.31666666666666665, 0.3416666666666667, 0.35, 0.3333333333333333, 0.3416666666666667, 0.3416666666666667, 0.3416666666666667, 0.325, 0.35, 0.3333333333333333, 0.35833333333333334, 0.38333333333333336, 0.38333333333333336, 0.375, 0.31666666666666665, 0.31666666666666665, 0.35, 0.36666666666666664, 0.4, 0.35, 0.39166666666666666, 0.3416666666666667, 0.375, 0.4166666666666667, 0.35833333333333334, 0.36666666666666664, 0.38333333333333336, 0.3416666666666667, 0.4, 0.375, 0.36666666666666664, 0.4083333333333333, 0.4166666666666667, 0.375, 0.375, 0.375, 0.4, 0.43333333333333335, 0.4166666666666667, 0.35, 0.39166666666666666, 0.4, 0.425, 0.43333333333333335, 0.39166666666666666, 0.38333333333333336, 0.4, 0.3416666666666667, 0.36666666666666664, 0.4166666666666667, 0.38333333333333336, 0.425, 0.39166666666666666, 0.4083333333333333, 0.38333333333333336, 0.35833333333333334, 0.4166666666666667, 0.425],
 "TestAcc": 0.2916666666666667,
 "Test_Pred": [24, 14, 25, 0, 8, 25, 13, 8, 25, 19, 11, 4, 3, 9, 27, 24, 14, 11, 15, 3, 29, 10, 24, 0, 11, 19, 12, 17, 8, 8, 10, 17, 14, 27, 17, 15, 13, 24, 8, 29, 3, 15, 28, 20, 20, 8, 8, 14, 14, 4, 29, 14, 11, 2, 9, 28, 27, 20, 25, 14, 27, 0, 29, 24, 2, 11, 16, 7, 20, 25, 2, 18, 17, 9, 25, 10, 27, 15, 9, 15, 11, 9, 14, 1, 0, 16, 14, 15, 17, 2, 16, 17, 15, 8, 24, 27, 16, 27, 9, 24, 16, 1, 9, 11, 6, 17, 27, 9, 7, 15, 13, 2, 16, 15, 4, 9, 7, 16, 24, 19],
 "Test_Target": [3, 3, 25, 0, 23, 1, 13, 4, 6, 17, 11, 12, 23, 27, 22, 4, 6, 10, 15, 6, 12, 12, 1, 0, 9, 15, 10, 17, 1, 24, 10, 17, 24, 26, 6, 20, 13, 13, 8, 5, 3, 15, 5, 20, 20, 8, 27, 13, 6, 4, 29, 24, 8, 1, 6, 28, 22, 18, 25, 14, 26, 12, 15, 4, 7, 11, 20, 7, 1, 5, 12, 13, 18, 21, 25, 21, 23, 19, 2, 20, 2, 6, 18, 5, 26, 5, 14, 9, 17, 2, 16, 0, 19, 23, 24, 18, 16, 22, 11, 24, 16, 5, 12, 9, 6, 12, 22, 23, 7, 5, 3, 1, 2, 18, 12, 21, 7, 2, 11, 29],