{"Time": "0.0:18.0:37.02005195617676",
 "Epochs": 57,
 "TrainAcc": [20.517736434936523, 18.755361557006836, 18.645151138305664, 18.430219650268555, 18.414453506469727, 18.326440811157227, 18.29035186767578, 18.287307739257812, 18.286617279052734, 18.28350067138672, 18.28066062927246, 18.27810287475586, 18.278024673461914, 18.277252197265625, 18.273574829101562, 18.277650833129883, 18.277719497680664, 18.284950256347656, 18.281465530395508, 18.274255752563477, 18.28506088256836, 18.28365707397461, 18.27478790283203, 18.280792236328125, 18.284685134887695, 18.29500961303711, 18.280868530273438, 18.2748966217041, 18.283418655395508, 18.291109085083008, 18.289525985717773, 18.28046989440918, 18.288471221923828, 18.28885841369629, 18.276126861572266, 18.2813720703125, 18.292673110961914, 18.295597076416016, 18.277090072631836, 18.279155731201172, 18.29011344909668, 18.292753219604492, 18.295881271362305, 18.272125244140625, 18.288375854492188, 18.268712997436523, 18.263303756713867, 18.25838851928711, 18.27344512939453, 18.254623413085938, 18.245437622070312, 18.235633850097656, 18.238370895385742, 18.225805282592773, 18.21515464782715, 18.201000213623047, 18.201940536499023, 18.190927505493164, 18.183565139770508, 18.17868995666504, 18.17888641357422, 18.175369262695312, 18.173429489135742, 18.1719970703125, 18.172203063964844, 18.17101287841797, 18.170360565185547, 18.169898986816406, 18.170650482177734, 18.16970443725586, 18.171171188354492, 18.179210662841797, 18.17376136779785, 18.1791934967041, 18.174047470092773, 18.176023483276367, 18.178321838378906, 18.1860294342041, 18.182140350341797, 18.17588233947754, 18.182392120361328, 18.182893753051758, 18.177335739135742, 18.177534103393555, 18.179046630859375, 18.187074661254883, 18.17914581298828, 18.179115295410156, 18.178241729736328, 18.185503005981445, 18.174684524536133, 18.177692413330078, 18.17922592163086, 18.191591262817383, 18.185134887695312, 18.173452377319336, 18.175968170166016, 18.20142936706543, 18.197052001953125, 18.17156219482422, 18.17302894592285, 18.185277938842773, 18.1805419921875, 18.178329467773438, 18.178482055664062, 18.18377113342285, 18.184797286987305, 18.171852111816406, 18.177127838134766, 18.199180603027344, 18.183324813842773, 18.17266845703125, 18.174663543701172, 18.196205139160156, 18.186527252197266, 18.174293518066406, 18.176111221313477, 18.200462341308594, 18.184459686279297, 18.175018310546875, 18.180490493774414, 18.18636131286621, 18.18105697631836, 18.178979873657227, 18.17765235900879, 18.191673278808594, 18.179019927978516, 18.172094345092773, 18.175498962402344, 18.206392288208008, 18.187623977661133, 18.172195434570312, 18.175201416015625, 18.194156646728516, 18.187118530273438, 18.17313003540039, 18.1750431060791, 18.1988582611084, 18.1904296875, 18.176502227783203, 18.180063247680664, 18.186952590942383, 18.18723487854004, 18.176143646240234, 18.179115295410156, 18.19326400756836, 18.183809280395508, 18.17367172241211, 18.179744720458984, 18.186878204345703, 18.17934226989746, 18.1715030670166, 18.174365997314453, 18.19907569885254, 18.188068389892578, 18.178560256958008, 18.187877655029297, 18.177583694458008, 18.17557716369629, 18.170385360717773, 18.17173957824707, 18.20848846435547, 18.180158615112305, 18.17816162109375, 18.179155349731445, 18.199243545532227, 18.18646812438965, 18.1746826171875, 18.174724578857422, 18.208847045898438, 18.1877384185791, 18.17507553100586, 18.18348503112793, 18.187171936035156, 18.176843643188477, 18.170795440673828, 18.17344093322754, 18.20030403137207, 18.180540084838867, 18.17348861694336, 18.183134078979492, 18.18421745300293, 18.17511558532715, 18.17194175720215, 18.17267608642578, 18.195972442626953, 18.185091018676758, 18.172931671142578, 18.181129455566406, 18.18215560913086, 18.180944442749023, 18.172883987426758, 18.17534637451172, 18.199554443359375, 18.17586326599121, 18.170591354370117, 18.176864624023438, 18.199729919433594, 18.182750701904297, 18.172653198242188, 18.180091857910156, 18.187030792236328, 18.177452087402344, 18.17221450805664, 18.17767906188965, 18.19904899597168, 18.17963409423828, 18.173110961914062, 18.175006866455078, 18.206104278564453, 18.184650421142578, 18.170856475830078, 18.175922393798828, 18.197330474853516, 18.17884635925293, 18.170419692993164, 18.178049087524414, 18.189008712768555, 18.17844009399414, 18.172025680541992, 18.17222023010254, 18.215435028076172, 18.17970085144043, 18.173786163330078, 18.18149757385254, 18.18747329711914, 18.17529296875, 18.17017936706543],