{"Time": "0.0:3.0:38.837499380111694",
 "Epochs": 74,
 "TrainAcc": [0.017241379310344827, 0.031746031746031744, 0.04225352112676056, 0.06164383561643835, 0.08139534883720931, 0.08787878787878788, 0.07736389684813753, 0.09631728045325778, 0.1151685393258427, 0.1544943820224719, 0.16434540389972144, 0.15555555555555556, 0.18994413407821228, 0.16111111111111112, 0.1787709497206704, 0.17270194986072424, 0.14763231197771587, 0.21288515406162464, 0.20224719101123595, 0.16526610644257703, 0.1787709497206704, 0.16944444444444445, 0.19722222222222222, 0.23055555555555557, 0.2116991643454039, 0.21666666666666667, 0.20334261838440112, 0.22562674094707522, 0.29329608938547486, 0.2709497206703911, 0.27247191011235955, 0.268361581920904, 0.2585227272727273, 0.28611898016997167, 0.25, 0.30140845070422534, 0.37047353760445684, 0.3, 0.325, 0.35555555555555557, 0.3111111111111111, 0.34444444444444444, 0.34444444444444444, 0.3138888888888889, 0.39444444444444443, 0.38333333333333336, 0.40555555555555556, 0.44166666666666665, 0.38333333333333336, 0.4111111111111111, 0.4166666666666667, 0.40555555555555556, 0.4305555555555556, 0.45224719101123595, 0.505586592178771, 0.5138888888888888, 0.5138888888888888, 0.5194444444444445, 0.5333333333333333, 0.5361111111111111, 0.5305555555555556, 0.5194444444444445, 0.5333333333333333, 0.5305555555555556, 0.525, 0.5027777777777778, 0.5194444444444445, 0.5416666666666666, 0.5361111111111111, 0.5222222222222223, 0.5194444444444445, 0.5222222222222223, 0.5472222222222223, 0.5083333333333333],
 "ValidAcc": [0.0, 0.058823529411764705, 0.023809523809523808, 0.06451612903225806, 0.07407407407407407, 0.09876543209876543, 0.05319148936170213, 0.05555555555555555, 0.10101010101010101, 0.06862745098039216, 0.0673076923076923, 0.09523809523809523, 0.09803921568627451, 0.038834951456310676, 0.03773584905660377, 0.08333333333333333, 0.0784313725490196, 0.05714285714285714, 0.08653846153846154, 0.10679611650485436, 0.07476635514018691, 0.09433962264150944, 0.06481481481481481, 0.09523809523809523, 0.08571428571428572, 0.06930693069306931, 0.10476190476190476, 0.14150943396226415, 0.11818181818181818, 0.14035087719298245, 0.11818181818181818, 0.11304347826086956, 0.12389380530973451, 0.08108108108108109, 0.17391304347826086, 0.13793103448275862, 0.11206896551724138, 0.09565217391304348, 0.12173913043478261, 0.14655172413793102, 0.12389380530973451, 0.13513513513513514, 0.05405405405405406, 0.1875, 0.13636363636363635, 0.11304347826086956, 0.1794871794871795, 0.17117117117117117, 0.14912280701754385, 0.15384615384615385, 0.17391304347826086, 0.1452991452991453, 0.20689655172413793, 0.211864406779661, 0.2033898305084746, 0.14285714285714285, 0.17647058823529413, 0.20168067226890757, 0.15833333333333333, 0.2033898305084746, 0.15833333333333333, 0.2033898305084746, 0.1864406779661017, 0.16101694915254236, 0.15966386554621848, 0.1694915254237288, 0.19327731092436976, 0.16101694915254236, 0.15833333333333333, 0.1864406779661017, 0.19658119658119658, 0.1864406779661017, 0.16806722689075632, 0.1864406779661017],
 "TestAcc": 0.19469026548672566,
 "Test_Pred": [3, 9, 25, 8, 2, 27, 13, 8, 0, 17, 12, 14, 17, 4, 18, 9, 10, 25, 15, 19, 9, 7, 0, 8, 4, 17, 8, 14, 27, 2, 9, 14, 4, 24, 8, 29, 0, 10, 19, 29, 20, 3, 8, 11, 4, 8, 29, 24, 8, 27, 10, 1, 27, 17, 25, 8, 1, 9, 29, 3, 7, 11, 9, 9, 2, 25, 2, 17, 17, 0, 25, 27, 4, 27, 29, 14, 4, 2, 0, 29, 14, 0, 17, 9, 23, 3, 19, 14, 9, 29, 4, 27, 8, 19, 2, 26, 21, 8, 11, 10, 27, 9, 19, 29, 4, 10, 9, 17, 21, 7, 14, 24, 25],
 "Test_Target": [3, 3, 25, 0, 23, 1, 13, 4, 6, 17, 12, 23, 27, 22, 4, 6, 10, 15, 6, 12, 12, 1, 0, 15, 10, 17, 1, 24, 10, 24, 26, 6, 13, 13, 8, 5, 3, 15, 5, 20, 20, 8, 27, 13, 6, 4, 29, 24, 8, 1, 6, 28, 22, 18, 25, 14, 26, 12, 15, 4, 7, 11, 20, 7, 1, 5, 12, 13, 18, 21, 25, 23, 19, 2, 2, 6, 18, 5, 26, 5, 14, 9, 17, 2, 16, 0, 19, 23, 24, 18, 16, 22, 11, 24, 16, 5, 12, 9, 6, 12, 22, 23, 7, 5, 3, 1, 2, 18, 21, 7, 2, 11, 29],
 "Test_fnames": ["./data/2009/Ciliate_mix/IFCB1_2009_122_163134_00049.png", "./data/2009/Ciliate_mix/IFCB1_2009_362_032219_00760.png", "./data/2006/bad/IFCB1_2006_158_182925_05361.png", "./data/2009/Asterionellopsis/IFCB1_2009_022_005008_01034.png", "./data/2009/Thalassiosira_dirty/IFCB1_2009_022_002654_01575.png", "./data/2009/Chaetoceros/IFCB1_2009_211_153356_00989.png", "./data/2012/Heterocapsa_triquetra/IFCB1_2012_151_154317_01071.png", "./data/2007/Corethron/IFCB1_2007_024_213700_02102.png", "./data/2013/Dictyocha/IFCB1_2013_001_081645_01276.png", "./data/2011/Pleurosigma/IFCB5_2011_316_191740_06940.png", "./data/2012/Guinardia_flaccida/IFCB5_2012_052_021037_00483.png", "./data/2008/Guinardia_striata/IFCB1_2008_349_174035_01765.png", "./data/2011/Thalassiosira_dirty/IFCB5_2011_326_170712_00466.png", "./data/2012/dino30/IFCB5_2012_066_192107_02606.png", "./data/2013/Thalassiosira/IFCB1_2013_011_180852_00186.png", "./data/2011/Corethron/IFCB5_2011_015_194623_00800.png", "./data/2011/Dictyocha/IFCB5_2011_001_171342_02564.png", "./data/2007/Guinardia_delicatula/IFCB1_2007_017_005201_01182.png", "./data/2011/Leptocylindrus/IFCB5_2011_326_175336_07800.png", "./data/2011/Dictyocha/IFCB5_2011_326_194937_07186.png", "./data/2009/Guinardia_striata/IFCB1_2009_228_002831_01828.png", "./data/2014/Guinardia_striata/IFCB5_2014_259_122510_03663.png", "./data/2010/Chaetoceros/IFCB5_2010_249_012602_07456.png", "./data/2008/Asterionellopsis/IFCB1_2008_001_004404_00949.png", "./data/2006/Eucampia/IFCB1_2006_309_003838_00379.png", "./data/2014/Leptocylindrus/IFCB1_2014_188_222013_00723.png", "./data/2009/Guinardia_delicatula/IFCB1_2009_067_004943_01445.png", "./data/2009/Pleurosigma/IFCB1_2009_188_002300_05109.png", "./data/2014/Chaetoceros/IFCB5_2014_259_120213_03884.png", "./data/2011/Tintinnid/IFCB5_2011_330_195348_04700.png", "./data/2012/Guinardia_delicatula/IFCB5_2012_052_025703_02174.png", "./data/2007/Pleurosigma/IFCB1_2007_027_000718_01878.png", "./data/2008/Tintinnid/IFCB1_2008_363_094233_01359.png", "./data/2013/detritus/IFCB5_2013_167_152816_01460.png", "./data/2011/Dictyocha/IFCB5_2011_330_195348_03007.png", "./data/2008/Skeletonema/IFCB1_2008_318_192854_04387.png", "./data/2012/Heterocapsa_triquetra/IFCB1_2012_151_154317_01727.png", "./data/2012/Heterocapsa_triquetra/IFCB1_2012_151_154317_00278.png", "./data/2009/Ditylum/IFCB1_2009_022_222419_00529.png", "./data/2010/Cylindrotheca/IFCB1_2010_132_164328_00157.png", "./data/2012/Ciliate_mix/IFCB1_2012_258_181419_00642.png", "./data/2013/Leptocylindrus/IFCB5_2013_325_230315_01674.png", "./data/2014/Cylindrotheca/IFCB5_2014_057_184322_02897.png", "./data/2008/Skeletonema/IFCB1_2008_248_004347_03143.png", "./data/2012/Skeletonema/IFCB1_2012_292_093250_00459.png", "./data/2009/Ditylum/IFCB1_2009_030_163951_01656.png", "./data/2013/dino30/IFCB5_2013_184_211057_03219.png", "./data/2013/Heterocapsa_triquetra/IFCB5_2013_235_182200_00205.png", "./data/2009/Dictyocha/IFCB1_2009_022_005008_00858.png", "./data/2007/Corethron/IFCB1_2007_360_184927_01753.png", "./data/2012/pennate/IFCB1_2012_282_205545_00603.png", "./data/2011/Tintinnid/IFCB5_2011_001_173655_02936.png", "./data/2010/Ditylum/IFCB1_2010_001_164439_02967.png", "./data/2012/Chaetoceros/IFCB1_2012_273_035637_00160.png", "./data/2009/Dictyocha/IFCB1_2009_309_180858_08979.png", "./data/2013/flagellate_sp3/IFCB5_2013_213_162635_05973.png", "./data/2013/Thalassiosira/IFCB1_2013_302_170210_04227.png", "./data/2011/Prorocentrum/IFCB1_2011_240_193426_01877.png", "./data/2011/bad/IFCB5_2011_304_190824_07867.png", "./data/2009/Laboea_strobila/IFCB1_2009_122_130238_00602.png", "./data/2012/detritus/IFCB5_2012_192_171632_06015.png", "./data/2014/Guinardia_striata/IFCB5_2014_259_120213_01298.png", "./data/2007/Leptocylindrus/IFCB1_2007_089_004753_02419.png", "./data/2009/Corethron/IFCB1_2009_300_194929_02076.png", "./data/2008/Dinobryon/IFCB1_2008_114_173253_00838.png", "./data/2007/Guinardia_flaccida/IFCB1_2007_105_162725_00465.png", "./data/2010/Skeletonema/IFCB5_2010_345_120048_05249.png", 