{"Time": "xx:xx:xx",
 "Epochs": 41,
 "TrainAcc": [0.06586997541311682, 0.38612842358053634, 0.5175824804162616, 0.5889987992452399, 0.6668191434616044, 0.7276573846417749, 0.7692835496597862, 0.7827205672136772, 0.8165704156898622, 0.8389273257476128, 0.8569958259477386, 0.8662587912402081, 0.8859282977871805, 0.8943335811081251, 0.8997655669277832, 0.9039967979873063, 0.9061124135170678, 0.9081708502487278, 0.9113728629424209, 0.9213791526102121, 0.9277259991994968, 0.9333295214134599, 0.9381325404539996, 0.9356166733375264, 0.9356166733375264, 0.9344159185773915, 0.9419063411287095, 0.9435073474755561, 0.9356738521356281, 0.9424209503116244, 0.9464806449768426, 0.9424209503116244, 0.944021956658471, 0.9466521813711476, 0.9428783806964378, 0.9467665389673509, 0.9442506718508777, 0.9437932414660644, 0.951169306421179, 0.9417919835325061, 0.9466521813711476, 0.9522557035851107, 0.9523128823832123, 0.9529990279604322, 0.957802047000972, 0.9583166561838871, 0.9487677969009092, 0.9568871862313454, 0.9566584710389388, 0.9580307621933787, 0.9543713191148722, 0.9585453713762937, 0.9587740865687003, 0.9493395848819258, 0.9539710675281605, 0.952370061181314, 0.9607181657041569, 0.9574017954142604, 0.9606609869060553, 0.9550574646920922, 0.9438504202641661, 0.9524844187775173, 0.9517410944021957, 0.958659728972497, 0.9555148950769055, 0.9570015438275488, 0.9598033049345303, 0.9561438618560237, 0.9481388301217908, 0.9489965120933158, 0.9591171593573103, 0.9564869346446337, 0.9587740865687003, 0.9615186688775802, 0.9566012922408371, 0.9536279947395506, 0.9567156498370404, 0.9611184172908686, 0.9602607353193436, 0.9598033049345303, 0.9614614900794786, 0.9584310137800903, 0.9548859282977872, 0.9529418491623306, 0.9615758476756818, 0.9631768540225284, 0.9640345359940534, 0.9666075819086283, 0.958659728972497, 0.9562010406541255, 0.9585453713762937, 0.9599748413288353, 0.9587740865687003, 0.958831265366802, 0.9602607353193436, 0.9485962605066042, 0.9550002858939906, 0.959688947338327, 0.9615758476756818, 0.9615186688775802, 0.9631768540225284, 0.9619189204642918, 0.9481960089198925, 0.9551146434901938, 0.9557436102693121, 0.9606038081079535, 0.9591171593573103, 0.9603179141174453, 0.9624335296472069, 0.9560866830579221, 0.9588884441649037, 0.9596317685402252, 0.9619189204642918, 0.9607181657041569, 0.9605466293098519, 0.9627194236377151, 0.9553433586826005, 0.9599748413288353, 0.9580879409914803, 0.9616330264737836, 0.9615758476756818, 0.9596317685402252, 0.9614043112813768, 0.950654697238264, 0.9569443650294471, 0.9545428555091772, 0.9612327748870719, 0.9622619932529018, 0.9630053176282235, 0.9636342844073418, 0.9493967636800275, 0.9603179141174453, 0.9548859282977872, 0.9614614900794786, 0.9583166561838871, 0.9600891989250386, 0.958831265366802, 0.9494539424781291, 0.9553433586826005, 0.944021956658471, 0.9616330264737836, 0.9582594773857853, 0.958488192578192, 0.9607181657041569, 0.9494539424781291, 0.9526559551718223, 0.9565441134427355, 0.9610040596946652, 0.9603750929155469, 0.9603750929155469, 0.9607181657041569, 0.9484247241122992, 0.9524272399794156, 0.9567156498370404, 0.9618045628680885, 0.9609468808965635, 0.9612899536851736, 0.9598604837326319, 0.9528274915661272, 0.9489965120933158, 0.9495111212762307, 0.9610612384927669, 0.958831265366802, 0.9615186688775802, 0.963748642003545, 0.9531705643547372, 0.9558007890674138, 0.9520269883927039, 0.9619189204642918, 0.958831265366802, 0.9599748413288353, 0.9599748413288353, 0.9541426039224655, 0.9533421007490422, 0.9543141403167705, 0.9615186688775802, 0.9610040596946652, 0.9596317685402252, 0.9619189204642918, 0.9570015438275488, 0.9616330264737836, 0.9557436102693121, 0.9617473840699868, 0.9600320201269369, 0.9603179141174453, 0.9632912116187318, 0.9595745897421236, 0.9539138887300589, 0.9579164045971754, 0.9608897020984619, 0.9601463777231403, 0.9584310137800903, 0.9603750929155469, 0.9529990279604322, 0.9569443650294471, 0.9599748413288353, 0.9619760992623935, 0.9604894505117503, 0.9630624964263251, 0.9604894505117503, 0.9472811481502659, 0.9540282463262623, 0.9484819029104008, 0.9616902052718852, 0.9599176625307336, 0.9609468808965635, 0.9635199268111384, 0.9544284979129739, 0.9600891989250386, 0.9578592257990737, 0.9606609869060553, 0.9601463777231403, 0.959002801761107, 0.9608325233003602, 0.9484247241122992, 0.9505403396420607, 0.9564869346446337, 0.9620332780604952, 0.9607753445022585, 0.9614043112813768, 0.9638629995997484, 0.944365029447081, 0.9486534393047058, 0.9453370690148093, 0.9607181657041569, 0.9583166561838871, 0.9587169077705987, 0.9622619932529018, 0.9519698095946023, 0.9560866830579221, 0.9537423523357539, 0.9597461261364286, 0.9566012922408371, 0.9598033049345303, 0.9610040596946652, 0.9524272399794156, 0.9587740865687003, 0.9562582194522271, 0.9620904568585968, 0.9605466293098519, 0.9634627480130368, 0.9614043112813768, 0.9494539424781291, 0.9508834124306708, 0.9505403396420607, 0.9608897020984619, 0.9567156498370404, 0.9580307621933787, 0.959002801761107, 0.9503116244496541, 0.9531705643547372, 0.9482531877179942, 0.9610612384927669, 0.9592886957516154, 0.9610040596946652, 0.9647206815712733, 0.9582594773857853, 0.957630510606667, 0.9560866830579221, 0.9611184172908686, 0.9599748413288353, 0.9599176625307336, 0.96392017839785, 0.9536279947395506, 0.9570015438275488, 0.950997770026874, 0.9616902052718852, 0.958488192578192, 0.9598604837326319, 0.9628337812339185, 0.9538567099319573, 0.957973583395277, 0.9551718222882954, 0.9607753445022585, 0.9600320201269369, 0.9611755960889702, 0.9612899536851736, 0.952884670364229, 0.9552290010863972, 0.9519698095946023, 0.9618617416661902, 0.9590599805592086, 0.9626622448396135, 0.9608325233003602, 0.9603179141174453, 0.9601463777231403, 0.9598033049345303],