{"Time": "0.0:3.0:22.710419416427612",
 "Epochs": 69,
 "TrainAcc": [0.21388888888888888, 0.5483870967741935, 0.6346153846153846, 0.6391752577319587, 0.6837606837606838, 0.7218045112781954, 0.8841463414634146, 0.9298245614035088, 0.9019607843137255, 0.9587628865979382, 0.9254385964912281, 0.9525547445255474, 0.9680851063829787, 0.9849056603773585, 0.9736842105263158, 0.9678714859437751, 0.978125, 0.9810606060606061, 0.99, 0.9902597402597403, 0.9901315789473685, 0.9933774834437086, 0.9960159362549801, 0.9966555183946488, 0.9961685823754789, 0.9966666666666667, 0.9959839357429718, 1.0, 0.9964539007092199, 1.0, 1.0, 0.9962546816479401, 1.0, 1.0, 1.0, 1.0, 1.0, 1.0, 1.0, 0.9958847736625515, 1.0, 1.0, 0.9960159362549801, 1.0, 1.0, 1.0, 0.996078431372549, 1.0, 1.0, 0.9959349593495935, 0.9958333333333333, 0.9957081545064378, 1.0, 1.0, 0.9959514170040485, 0.9958847736625515, 1.0, 1.0, 0.996031746031746, 1.0, 0.995850622406639, 1.0, 1.0, 1.0, 1.0, 1.0, 0.9959839357429718, 1.0, 1.0],
 "ValidAcc": [0.11666666666666667, 0.17647058823529413, 0.17647058823529413, 0.18867924528301888, 0.20454545454545456, 0.2962962962962963, 0.31746031746031744, 0.3013698630136986, 0.2328767123287671, 0.28378378378378377, 0.32, 0.3855421686746988, 0.3373493975903614, 0.3684210526315789, 0.30434782608695654, 0.4057971014492754, 0.39759036144578314, 0.40789473684210525, 0.42857142857142855, 0.475, 0.4936708860759494, 0.47435897435897434, 0.5263157894736842, 0.46153846153846156, 0.5454545454545454, 0.4857142857142857, 0.4807692307692308, 0.5510204081632653, 0.609375, 0.4696969696969697, 0.45161290322580644, 0.4230769230769231, 0.47058823529411764, 0.44642857142857145, 0.40384615384615385, 0.4716981132075472, 0.54, 0.5952380952380952, 0.4909090909090909, 0.42, 0.5333333333333333, 0.55, 0.4909090909090909, 0.5, 0.5409836065573771, 0.52, 0.4716981132075472, 0.41304347826086957, 0.5714285714285714, 0.5573770491803278, 0.4523809523809524, 0.4375, 0.5166666666666667, 0.4230769230769231, 0.5510204081632653, 0.543859649122807, 0.5471698113207547, 0.4489795918367347, 0.46296296296296297, 0.4807692307692308, 0.4339622641509434, 0.47368421052631576, 0.509090909090909, 0.4642857142857143, 0.49056603773584906, 0.48333333333333334, 0.4827586206896552, 0.5333333333333333, 0.5423728813559322],
 "TestAcc": 0.44776119402985076,
 "Test_Pred": [3, 14, 24, 26, 13, 0, 17, 11, 29, 13, 4, 10, 14, 9, 1, 11, 17, 3, 10, 14, 9, 15, 13, 26, 20, 14, 4, 11, 2, 27, 17, 14, 1, 12, 4, 7, 11, 13, 18, 0, 9, 15, 16, 15, 6, 18, 0, 14, 17, 19, 10, 24, 16, 27, 11, 12, 8, 24, 19, 7, 29, 3, 1, 16, 11, 21, 19],
 "Test_Target": [3, 3, 23, 1, 13, 6, 17, 11, 27, 22, 4, 10, 6, 12, 1, 15, 17, 1, 10, 24, 6, 20, 13, 3, 20, 6, 4, 8, 1, 22, 18, 14, 26, 12, 4, 7, 11, 13, 18, 21, 21, 19, 2, 20, 6, 18, 26, 14, 17, 2, 0, 24, 16, 22, 11, 24, 9, 6, 12, 7, 5, 3, 1, 2, 12, 21, 29],
 "Test_fnames": ["./data/2009/Ciliate_mix/IFCB1_2009_122_163134_00049.png", "./data/2009/Ciliate_mix/IFCB1_2009_362_032219_00760.png", "./data/2006/bad/IFCB1_2006_158_182925_05361.png", "./data/2009/Asterionellopsis/IFCB1_2009_022_005008_01034.png", "./data/2009/Thalassiosira_dirty/IFCB1_2009_022_002654_01575.png", "./data/2009/Chaetoceros/IFCB1_2009_211_153356_00989.png", "./data/2012/Heterocapsa_triquetra/IFCB1_2012_151_154317_01071.png", "./data/2007/Corethron/IFCB1_2007_024_213700_02102.png", "./data/2013/Dictyocha/IFCB1_2013_001_081645_01276.png", "./data/2011/Pleurosigma/IFCB5_2011_316_191740_06940.png", "./data/2012/Guinardia_flaccida/IFCB5_2012_052_021037_00483.png", "./data/2008/Guinardia_striata/IFCB1_2008_349_174035_01765.png", "./data/2011/Thalassiosira_dirty/IFCB5_2011_326_170712_00466.png", "./data/2012/dino30/IFCB5_2012_066_192107_02606.png", "./data/2013/Thalassiosira/IFCB1_2013_011_180852_00186.png", "./data/2011/Corethron/IFCB5_2011_015_194623_00800.png", "./data/2011/Dictyocha/IFCB5_2011_001_171342_02564.png", "./data/2007/Guinardia_delicatula/IFCB1_2007_017_005201_01182.png", "./data/2011/Leptocylindrus/IFCB5_2011_326_175336_07800.png", "./data/2011/Dictyocha/IFCB5_2011_326_194937_07186.png", "./data/2009/Guinardia_striata/IFCB1_2009_228_002831_01828.png", "./data/2014/Guinardia_striata/IFCB5_2014_259_122510_03663.png", "./data/2010/Chaetoceros/IFCB5_2010_249_012602_07456.png", "./data/2008/Asterionellopsis/IFCB1_2008_001_004404_00949.png", "./data/2006/Eucampia/IFCB1_2006_309_003838_00379.png", "./data/2014/Leptocylindrus/IFCB1_2014_188_222013_00723.png", "./data/2009/Guinardia_delicatula/IFCB1_2009_067_004943_01445.png", "./data/2009/Pleurosigma/IFCB1_2009_188_002300_05109.png", "./data/2014/Chaetoceros/IFCB5_2014_259_120213_03884.png", "./data/2011/Tintinnid/IFCB5_2011_330_195348_04700.png", "./data/2012/Guinardia_delicatula/IFCB5_2012_052_025703_02174.png", "./data/2007/Pleurosigma/IFCB1_2007_027_000718_01878.png", "./data/2008/Tintinnid/IFCB1_2008_363_094233_01359.png", "./data/2013/detritus/IFCB5_2013_167_152816_01460.png", "./data/2011/Dictyocha/IFCB5_2011_330_195348_03007.png", "./data/2008/Skeletonema/IFCB1_2008_318_192854_04387.png", "./data/2012/Heterocapsa_triquetra/IFCB1_2012_151_154317_01727.png", "./data/2012/Heterocapsa_triquetra/IFCB1_2012_151_154317_00278.png", "./data/2009/Ditylum/IFCB1_2009_022_222419_00529.png", "./data/2010/Cylindrotheca/IFCB1_2010_132_164328_00157.png", "./data/2012/Ciliate_mix/IFCB1_2012_258_181419_00642.png", "./data/2013/Leptocylindrus/IFCB5_2013_325_230315_01674.png", "./data/2014/Cylindrotheca/IFCB5_2014_057_184322_02897.png", "./data/2008/Skeletonema/IFCB1_2008_248_004347_03143.png", "./data/2012/Skeletonema/IFCB1_2012_292_093250_00459.png", "./data/2009/Ditylum/IFCB1_2009_030_163951_01656.png", "./data/2013/dino30/IFCB5_2013_184_211057_03219.png", "./data/2013/Heterocapsa_triquetra/IFCB5_2013_235_182200_00205.png", "./data/2009/Dictyocha/IFCB1_2009_022_005008_00858.png", "./data/2007/Corethron/IFCB1_2007_360_184927_01753.png", "./data/2012/pennate/IFCB1_2012_282_205545_00603.png", "./data/2011/Tintinnid/IFCB5_2011_001_173655_02936.png", "./data/2010/Ditylum/IFCB1_2010_001_164439_02967.png", "./data/2012/Chaetoceros/IFCB1_2012_273_035637_00160.png", "./data/2009/Dictyocha/IFCB1_2009_309_180858_08979.png", "./data/2013/flagellate_sp3/IFCB5_2013_213_162635_05973.png", "./data/2013/Thalassiosira/IFCB1_2013_302_170210_04227.png", "./data/2011/Prorocentrum/IFCB1_2011_240_193426_01877.png", "./data/2011/bad/IFCB5_2011_304_190824_07867.png", "./data/2009/Laboea_strobila/IFCB1_2009_122_130238_00602.png", "./data/2012/detritus/IFCB5_2012_192_171632_06015.png", "./data/2014/Guinardia_striata/IFCB5_2014_259_120213_01298.png", "./data/2007/Leptocylindrus/IFCB1_2007_089_004753_02419.png", "./data/2009/Corethron/IFCB1_2009_300_194929_02076.png", "./data/2008/Dinobryon/IFCB1_2008_114_173253_00838.png", "./data/2007/Guinardia_flaccida/IFCB1_2007_105_162725_00465.png", "./data/2010/Skeletonema/IFCB5_2010_345_120048_05249.png", "./data/2009/Dinobryon/IFCB1_2009_292_003918_00066.png", "./data/2012/Chaetoceros/IFCB1_2012_311_162214_01291.png", "./data/2010/Cylindrotheca/IFCB1_2010_141_161721_07620.png", "./data/2009/Guinardia_striata/IFCB1_2009_228_005118_02548.png", "./data/2014/Heterocapsa_triquetra/IFCB5_2014_060_064942_01559.png", "./data/2009/Prorocentrum/IFCB1_2009_276_185819_01542.png", "./data/2007/Thalassionema/IFCB1_2007_305_161711_04513.png", "./data/2012/bad/IFCB1_2012_282_200950_00173.png", "./data/2007/Thalassionema/IFCB1_2007_001_164010_02274.png", "./data/2009/Thalassiosira_dirty/IFCB1_2009_276_122947_02879.png", "./data/2008/Pseudonitzschia/IFCB1_2008_237_195716_00590.png", "./data/2010/Chaetoceros_flagellate/IFCB5_2010_259_094055_00754.png", "./data/2013/Skeletonema/IFCB5_2013_153_131718_06513.png", "./data/2013/Chaetoceros_flagellate/IFCB5_2013_213_160322_01932.png", "./data/2009/Dictyocha/IFCB1_2009_300_164330_02917.png", "./data/2010/Prorocentrum/IFCB5_2010_259_184200_00048.png", "./data/2010/Cylindrotheca/IFCB1_2010_132_185641_04786.png", "./data/2009/detritus/IFCB1_2009_051_005834_01269.png", 