{"Epochs": 60, "TrainAcc": [0.057833333333333334, 0.13183333333333333, 0.2155, 0.3233333333333333, 0.5345, 0.5758333333333333, 0.697, 0.761, 0.7726666666666666, 0.8178333333333333, 0.8426666666666667, 0.8456666666666667, 0.8746666666666667, 0.8805, 0.9233333333333333, 0.9085, 0.9321666666666667, 0.9475, 0.9488333333333333, 0.9356666666666666, 0.959, 0.936, 0.9416666666666667, 0.9365, 0.9476666666666667, 0.9435, 0.9576666666666667, 0.9508333333333333, 0.9585, 0.9783333333333334, 0.9803333333333333, 0.9793333333333333, 0.9751666666666666, 0.9741666666666666, 0.9745, 0.9793333333333333, 0.954, 0.9773333333333334, 0.9531666666666667, 0.98, 0.983, 0.9586666666666667, 0.9776666666666667, 0.9583333333333334, 0.9656666666666667, 0.9775, 0.964, 0.981, 0.9488333333333333, 0.9528333333333333, 0.9641666666666666, 0.9696666666666667, 0.9708333333333333, 0.9686666666666667, 0.9406666666666667, 0.9651666666666666, 0.975, 0.9655, 0.9536666666666667, 0.9523333333333334], "ValidAcc": [0.058, 0.133, 0.224, 0.3195, 0.5205, 0.5745, 0.6685, 0.72, 0.7295, 0.769, 0.777, 0.796, 0.807, 0.814, 0.8485, 0.819, 0.8455, 0.858, 0.858, 0.8505, 0.8675, 0.844, 0.8345, 0.8335, 0.841, 0.8395, 0.8425, 0.842, 0.8525, 0.863, 0.869, 0.8615, 0.862, 0.86, 0.874, 0.867, 0.8405, 0.8655, 0.8425, 0.8775, 0.867, 0.851, 0.873, 0.8345, 0.859, 0.8655, 0.848, 0.8695, 0.84, 0.841, 0.8505, 0.859, 0.8565, 0.8505, 0.8355, 0.8365, 0.8595, 0.84, 0.8375, 0.8305], "TestAcc": 0.8635}