{"Time": "0.0:3.0:53.02216696739197",
 "Epochs": 80,
 "TrainAcc": [0.20833333333333334, 0.45454545454545453, 0.5116279069767442, 0.42528735632183906, 0.654320987654321, 0.8292682926829268, 0.8387096774193549, 0.9153439153439153, 0.9108910891089109, 0.8947368421052632, 0.8733624454148472, 0.8867924528301887, 0.875, 0.8956521739130435, 0.8980392156862745, 0.8735177865612648, 0.9107142857142857, 0.9325396825396826, 0.9568965517241379, 0.9579439252336449, 0.9256198347107438, 0.9437229437229437, 0.9661016949152542, 0.967479674796748, 0.972027972027972, 0.9824561403508771, 0.9807692307692307, 0.9841269841269841, 0.9959183673469387, 0.9873417721518988, 0.9917355371900827, 0.9850187265917603, 0.9961389961389961, 0.9918367346938776, 0.9967105263157895, 1.0, 1.0, 0.991701244813278, 0.9961389961389961, 0.9875518672199171, 0.9938271604938271, 0.9894366197183099, 0.996031746031746, 0.9913793103448276, 0.9875, 0.9968152866242038, 1.0, 1.0, 1.0, 1.0, 1.0, 1.0, 1.0, 1.0, 1.0, 1.0, 1.0, 1.0, 1.0, 1.0, 1.0, 1.0, 1.0, 1.0, 1.0, 1.0, 1.0, 1.0, 1.0, 1.0, 1.0, 1.0, 1.0, 1.0, 1.0, 1.0, 1.0, 1.0, 1.0, 1.0],
 "ValidAcc": [0.03333333333333333, 0.09523809523809523, 0.08571428571428572, 0.1568627450980392, 0.16, 0.2222222222222222, 0.1111111111111111, 0.16901408450704225, 0.13333333333333333, 0.1686746987951807, 0.2, 0.19230769230769232, 0.19753086419753085, 0.20987654320987653, 0.16470588235294117, 0.23529411764705882, 0.2, 0.2, 0.21518987341772153, 0.2054794520547945, 0.18292682926829268, 0.24675324675324675, 0.21978021978021978, 0.25, 0.3855421686746988, 0.2823529411764706, 0.32098765432098764, 0.35135135135135137, 0.31746031746031744, 0.34782608695652173, 0.3333333333333333, 0.36486486486486486, 0.36764705882352944, 0.40298507462686567, 0.3372093023255814, 0.3283582089552239, 0.4, 0.38461538461538464, 0.36666666666666664, 0.417910447761194, 0.4166666666666667, 0.41025641025641024, 0.4098360655737705, 0.4032258064516129, 0.45161290322580644, 0.43373493975903615, 0.4915254237288136, 0.4594594594594595, 0.5087719298245614, 0.453125, 0.3898305084745763, 0.39344262295081966, 0.5384615384615384, 0.47761194029850745, 0.5094339622641509, 0.5384615384615384, 0.4915254237288136, 0.5, 0.5, 0.6140350877192983, 0.4647887323943662, 0.5370370370370371, 0.5192307692307693, 0.5609756097560976, 0.46938775510204084, 0.5227272727272727, 0.44, 0.46153846153846156, 0.5555555555555556, 0.5, 0.44, 0.5, 0.5625, 0.43137254901960786, 0.46808510638297873, 0.5, 0.46938775510204084, 0.5094339622641509, 0.5, 0.4807692307692308],
 "TestAcc": 0.47368421052631576,
 "Test_Pred": [3, 0, 0, 12, 27, 3, 8, 14, 10, 6, 12, 19, 0, 24, 24, 15, 12, 29, 3, 29, 8, 27, 14, 4, 24, 11, 26, 27, 17, 14, 28, 9, 4, 7, 7, 19, 18, 0, 24, 15, 20, 18, 14, 17, 2, 9, 24, 27, 27, 16, 17, 2, 8, 7, 9, 16, 24],
 "Test_Target": [3, 0, 6, 12, 27, 22, 4, 6, 10, 6, 12, 12, 0, 24, 24, 20, 13, 5, 3, 20, 8, 27, 13, 4, 24, 8, 6, 22, 18, 14, 26, 12, 4, 7, 7, 12, 18, 21, 23, 20, 2, 18, 14, 17, 2, 0, 24, 18, 22, 16, 12, 9, 12, 7, 12, 2, 11],
 "Test_fnames": ["./data/2009/Ciliate_mix/IFCB1_2009_122_163134_00049.png", "./data/2009/Ciliate_mix/IFCB1_2009_362_032219_00760.png", "./data/2006/bad/IFCB1_2006_158_182925_05361.png", "./data/2009/Asterionellopsis/IFCB1_2009_022_005008_01034.png", "./data/2009/Thalassiosira_dirty/IFCB1_2009_022_002654_01575.png", "./data/2009/Chaetoceros/IFCB1_2009_211_153356_00989.png", "./data/2012/Heterocapsa_triquetra/IFCB1_2012_151_154317_01071.png", "./data/2007/Corethron/IFCB1_2007_024_213700_02102.png", "./data/2013/Dictyocha/IFCB1_2013_001_081645_01276.png", "./data/2011/Pleurosigma/IFCB5_2011_316_191740_06940.png", "./data/2012/Guinardia_flaccida/IFCB5_2012_052_021037_00483.png", "./data/2008/Guinardia_striata/IFCB1_2008_349_174035_01765.png", "./data/2011/Thalassiosira_dirty/IFCB5_2011_326_170712_00466.png", "./data/2012/dino30/IFCB5_2012_066_192107_02606.png", "./data/2013/Thalassiosira/IFCB1_2013_011_180852_00186.png", "./data/2011/Corethron/IFCB5_2011_015_194623_00800.png", "./data/2011/Dictyocha/IFCB5_2011_001_171342_02564.png", "./data/2007/Guinardia_delicatula/IFCB1_2007_017_005201_01182.png", "./data/2011/Leptocylindrus/IFCB5_2011_326_175336_07800.png", "./data/2011/Dictyocha/IFCB5_2011_326_194937_07186.png", "./data/2009/Guinardia_striata/IFCB1_2009_228_002831_01828.png", "./data/2014/Guinardia_striata/IFCB5_2014_259_122510_03663.png", "./data/2010/Chaetoceros/IFCB5_2010_249_012602_07456.png", "./data/2008/Asterionellopsis/IFCB1_2008_001_004404_00949.png", "./data/2006/Eucampia/IFCB1_2006_309_003838_00379.png", "./data/2014/Leptocylindrus/IFCB1_2014_188_222013_00723.png", "./data/2009/Guinardia_delicatula/IFCB1_2009_067_004943_01445.png", "./data/2009/Pleurosigma/IFCB1_2009_188_002300_05109.png", "./data/2014/Chaetoceros/IFCB5_2014_259_120213_03884.png", "./data/2011/Tintinnid/IFCB5_2011_330_195348_04700.png", "./data/2012/Guinardia_delicatula/IFCB5_2012_052_025703_02174.png", "./data/2007/Pleurosigma/IFCB1_2007_027_000718_01878.png", "./data/2008/Tintinnid/IFCB1_2008_363_094233_01359.png", "./data/2013/detritus/IFCB5_2013_167_152816_01460.png", "./data/2011/Dictyocha/IFCB5_2011_330_195348_03007.png", "./data/2008/Skeletonema/IFCB1_2008_318_192854_04387.png", "./data/2012/Heterocapsa_triquetra/IFCB1_2012_151_154317_01727.png", "./data/2012/Heterocapsa_triquetra/IFCB1_2012_151_154317_00278.png", "./data/2009/Ditylum/IFCB1_2009_022_222419_00529.png", "./data/2010/Cylindrotheca/IFCB1_2010_132_164328_00157.png", "./data/2012/Ciliate_mix/IFCB1_2012_258_181419_00642.png", "./data/2013/Leptocylindrus/IFCB5_2013_325_230315_01674.png", "./data/2014/Cylindrotheca/IFCB5_2014_057_184322_02897.png", "./data/2008/Skeletonema/IFCB1_2008_248_004347_03143.png", "./data/2012/Skeletonema/IFCB1_2012_292_093250_00459.png", "./data/2009/Ditylum/IFCB1_2009_030_163951_01656.png", "./data/2013/dino30/IFCB5_2013_184_211057_03219.png", "./data/2013/Heterocapsa_triquetra/IFCB5_2013_235_182200_00205.png", "./data/2009/Dictyocha/IFCB1_2009_022_005008_00858.png", "./data/2007/Corethron/IFCB1_2007_360_184927_01753.png", "./data/2012/pennate/IFCB1_2012_282_205545_00603.png", "./data/2011/Tintinnid/IFCB5_2011_001_173655_02936.png", "./data/2010/Ditylum/IFCB1_2010_001_164439_02967.png", "./data/2012/Chaetoceros/IFCB1_2012_273_035637_00160.png", "./data/2009/Dictyocha/IFCB1_2009_309_180858_08979.png", "./data/2013/flagellate_sp3/IFCB5_2013_213_162635_05973.png", "./data/2013/Thalassiosira/IFCB1_2013_302_170210_04227.png", "./data/2011/Prorocentrum/IFCB1_2011_240_193426_01877.png", "./data/2011/bad/IFCB5_2011_304_190824_07867.png", "./data/2009/Laboea_strobila/IFCB1_2009_122_130238_00602.png", "./data/2012/detritus/IFCB5_2012_192_171632_06015.png", "./data/2014/Guinardia_striata/IFCB5_2014_259_120213_01298.png", "./data/2007/Leptocylindrus/IFCB1_2007_089_004753_02419.png", "./data/2009/Corethron/IFCB1_2009_300_194929_02076.png", "./data/2008/Dinobryon/IFCB1_2008_114_173253_00838.png", "./data/2007/Guinardia_flaccida/IFCB1_2007_105_162725_00465.png", "./data/2010/Skeletonema/IFCB5_2010_345_120048_05249.png", "./data/2009/Dinobryon/IFCB1_2009_292_003918_00066.png", "./data/2012/Chaetoceros/IFCB1_2012_311_162214_01291.png", "./data/2010/Cylindrotheca/IFCB1_2010_141_161721_07620.png", "./data/2009/Guinardia_striata/IFCB1_2009_228_005118_02548.png", "./data/2014/Heterocapsa_triquetra/IFCB5_2014_060_064942_01559.png", "./data/2009/Prorocentrum/IFCB1_2009_276_185819_01542.png", "./data/2007/Thalassionema/IFCB1_2007_305_161711_04513.png", "./data/2012/bad/IFCB1_2012_282_200950_00173.png", "./data/2007/Thalassionema/IFCB1_2007_001_164010_02274.png", "./data/2009/Thalassiosira_dirty/IFCB1_2009_276_122947_02879.png", "./data/2008/Pseudonitzschia/IFCB1_2008_237_195716_00590.png", "./data/2010/Chaetoceros_flagellate/IFCB5_2010_259_094055_00754.png", "./data/2013/Skeletonema/IFCB5_2013_153_131718_06513.png", "./data/2013/Chaetoceros_flagellate/IFCB5_2013_213_160322_01932.png", "./data/2009/Dictyocha/IFCB1_2009_300_164330_02917.png", 