{"Time": "0.0:1.0:48.71481442451477",
 "Epochs": 36,
 "TrainAcc": [0.06944444444444445, 0.06514657980456026, 0.06626506024096386, 0.08487084870848709, 0.10666666666666667, 0.09621993127147767, 0.07911392405063292, 0.12264150943396226, 0.1387900355871886, 0.13653136531365315, 0.12698412698412698, 0.16236162361623616, 0.13229571984435798, 0.11857707509881422, 0.1511627906976744, 0.11940298507462686, 0.1353135313531353, 0.13427561837455831, 0.16731517509727625, 0.15126050420168066, 0.12, 0.13114754098360656, 0.14227642276422764, 0.13513513513513514, 0.15384615384615385, 0.1282051282051282, 0.14583333333333334, 0.1407766990291262, 0.09745762711864407, 0.11403508771929824, 0.14912280701754385, 0.125, 0.13656387665198239, 0.09954751131221719, 0.13658536585365855, 0.17194570135746606],
 "ValidAcc": [0.08333333333333333, 0.08602150537634409, 0.0625, 0.1, 0.05952380952380952, 0.1323529411764706, 0.16883116883116883, 0.13513513513513514, 0.1111111111111111, 0.12727272727272726, 0.14814814814814814, 0.12244897959183673, 0.14285714285714285, 0.10204081632653061, 0.16326530612244897, 0.17307692307692307, 0.09836065573770492, 0.0625, 0.09090909090909091, 0.14893617021276595, 0.08888888888888889, 0.15217391304347827, 0.06976744186046512, 0.0851063829787234, 0.13333333333333333, 0.13333333333333333, 0.13636363636363635, 0.16666666666666666, 0.09523809523809523, 0.0425531914893617, 0.09523809523809523, 0.17073170731707318, 0.09090909090909091, 0.13636363636363635, 0.14285714285714285, 0.07142857142857142],
 "TestAcc": 0.10526315789473684,
 "Test_Pred": [14, 3, 8, 14, 10, 8, 14, 14, 24, 7, 14, 14, 17, 14, 11, 17, 11, 7, 27, 11, 29, 24, 12, 17, 7, 11, 14, 7, 8, 8, 7, 10, 17, 17, 19, 17, 11, 11],
 "Test_Target": [1, 6, 22, 4, 10, 12, 1, 24, 24, 3, 20, 29, 24, 1, 28, 18, 26, 7, 1, 5, 21, 25, 21, 23, 19, 2, 18, 2, 19, 16, 22, 24, 12, 9, 7, 5, 21, 11],
 "Test_fnames": ["./data/2009/Ciliate_mix/IFCB1_2009_122_163134_00049.png", "./data/2009/Ciliate_mix/IFCB1_2009_362_032219_00760.png", "./data/2006/bad/IFCB1_2006_158_182925_05361.png", "./data/2009/Asterionellopsis/IFCB1_2009_022_005008_01034.png", "./data/2009/Thalassiosira_dirty/IFCB1_2009_022_002654_01575.png", "./data/2009/Chaetoceros/IFCB1_2009_211_153356_00989.png", "./data/2012/Heterocapsa_triquetra/IFCB1_2012_151_154317_01071.png", "./data/2007/Corethron/IFCB1_2007_024_213700_02102.png", "./data/2013/Dictyocha/IFCB1_2013_001_081645_01276.png", "./data/2011/Pleurosigma/IFCB5_2011_316_191740_06940.png", "./data/2012/Guinardia_flaccida/IFCB5_2012_052_021037_00483.png", "./data/2008/Guinardia_striata/IFCB1_2008_349_174035_01765.png", "./data/2011/Thalassiosira_dirty/IFCB5_2011_326_170712_00466.png", "./data/2012/dino30/IFCB5_2012_066_192107_02606.png", "./data/2013/Thalassiosira/IFCB1_2013_011_180852_00186.png", "./data/2011/Corethron/IFCB5_2011_015_194623_00800.png", "./data/2011/Dictyocha/IFCB5_2011_001_171342_02564.png", "./data/2007/Guinardia_delicatula/IFCB1_2007_017_005201_01182.png", "./data/2011/Leptocylindrus/IFCB5_2011_326_175336_07800.png", "./data/2011/Dictyocha/IFCB5_2011_326_194937_07186.png", "./data/2009/Guinardia_striata/IFCB1_2009_228_002831_01828.png", "./data/2014/Guinardia_striata/IFCB5_2014_259_122510_03663.png", "./data/2010/Chaetoceros/IFCB5_2010_249_012602_07456.png", "./data/2008/Asterionellopsis/IFCB1_2008_001_004404_00949.png", "./data/2006/Eucampia/IFCB1_2006_309_003838_00379.png", "./data/2014/Leptocylindrus/IFCB1_2014_188_222013_00723.png", "./data/2009/Guinardia_delicatula/IFCB1_2009_067_004943_01445.png", "./data/2009/Pleurosigma/IFCB1_2009_188_002300_05109.png", "./data/2014/Chaetoceros/IFCB5_2014_259_120213_03884.png", "./data/2011/Tintinnid/IFCB5_2011_330_195348_04700.png", "./data/2012/Guinardia_delicatula/IFCB5_2012_052_025703_02174.png", "./data/2007/Pleurosigma/IFCB1_2007_027_000718_01878.png", "./data/2008/Tintinnid/IFCB1_2008_363_094233_01359.png", "./data/2013/detritus/IFCB5_2013_167_152816_01460.png", "./data/2011/Dictyocha/IFCB5_2011_330_195348_03007.png", "./data/2008/Skeletonema/IFCB1_2008_318_192854_04387.png", "./data/2012/Heterocapsa_triquetra/IFCB1_2012_151_154317_01727.png", "./data/2012/Heterocapsa_triquetra/IFCB1_2012_151_154317_00278.png", "./data/2009/Ditylum/IFCB1_2009_022_222419_00529.png", "./data/2010/Cylindrotheca/IFCB1_2010_132_164328_00157.png", "./data/2012/Ciliate_mix/IFCB1_2012_258_181419_00642.png", "./data/2013/Leptocylindrus/IFCB5_2013_325_230315_01674.png", "./data/2014/Cylindrotheca/IFCB5_2014_057_184322_02897.png", "./data/2008/Skeletonema/IFCB1_2008_248_004347_03143.png", "./data/2012/Skeletonema/IFCB1_2012_292_093250_00459.png", "./data/2009/Ditylum/IFCB1_2009_030_163951_01656.png", "./data/2013/dino30/IFCB5_2013_184_211057_03219.png", "./data/2013/Heterocapsa_triquetra/IFCB5_2013_235_182200_00205.png", "./data/2009/Dictyocha/IFCB1_2009_022_005008_00858.png", "./data/2007/Corethron/IFCB1_2007_360_184927_01753.png", "./data/2012/pennate/IFCB1_2012_282_205545_00603.png", "./data/2011/Tintinnid/IFCB5_2011_001_173655_02936.png", "./data/2010/Ditylum/IFCB1_2010_001_164439_02967.png", "./data/2012/Chaetoceros/IFCB1_2012_273_035637_00160.png", "./data/2009/Dictyocha/IFCB1_2009_309_180858_08979.png", "./data/2013/flagellate_sp3/IFCB5_2013_213_162635_05973.png", "./data/2013/Thalassiosira/IFCB1_2013_302_170210_04227.png", "./data/2011/Prorocentrum/IFCB1_2011_240_193426_01877.png", "./data/2011/bad/IFCB5_2011_304_190824_07867.png", "./data/2009/Laboea_strobila/IFCB1_2009_122_130238_00602.png", "./data/2012/detritus/IFCB5_2012_192_171632_06015.png", "./data/2014/Guinardia_striata/IFCB5_2014_259_120213_01298.png", "./data/2007/Leptocylindrus/IFCB1_2007_089_004753_02419.png", "./data/2009/Corethron/IFCB1_2009_300_194929_02076.png", "./data/2008/Dinobryon/IFCB1_2008_114_173253_00838.png", "./data/2007/Guinardia_flaccida/IFCB1_2007_105_162725_00465.png", "./data/2010/Skeletonema/IFCB5_2010_345_120048_05249.png", "./data/2009/Dinobryon/IFCB1_2009_292_003918_00066.png", "./data/2012/Chaetoceros/IFCB1_2012_311_162214_01291.png", "./data/2010/Cylindrotheca/IFCB1_2010_141_161721_07620.png", "./data/2009/Guinardia_striata/IFCB1_2009_228_005118_02548.png", "./data/2014/Heterocapsa_triquetra/IFCB5_2014_060_064942_01559.png", "./data/2009/Prorocentrum/IFCB1_2009_276_185819_01542.png", "./data/2007/Thalassionema/IFCB1_2007_305_161711_04513.png", "./data/2012/bad/IFCB1_2012_282_200950_00173.png", "./data/2007/Thalassionema/IFCB1_2007_001_164010_02274.png", "./data/2009/Thalassiosira_dirty/IFCB1_2009_276_122947_02879.png", "./data/2008/Pseudonitzschia/IFCB1_2008_237_195716_00590.png", "./data/2010/Chaetoceros_flagellate/IFCB5_2010_259_094055_00754.png", "./data/2013/Skeletonema/IFCB5_2013_153_131718_06513.png", "./data/2013/Chaetoceros_flagellate/IFCB5_2013_213_160322_01932.png", "./data/2009/Dictyocha/IFCB1_2009_300_164330_02917.png", "./data/2010/Prorocentrum/IFCB5_2010_259_184200_00048.png", "./data/2010/Cylindrotheca/IFCB1_2010_132_185641_04786.png", "./data/2009/detritus/IFCB1_2009_051_005834_01269.png", "./data/2010/Cylindrotheca/IFCB1_2010_132_164328_03816.png", "./data/2010/Laboea_strobila/IFCB1_2010_120_180116_02989.png", "./data/2011/Eucampia/IFCB5_2011_060_164616_00349.png", "./data/2012/Pleurosigma/IFCB1_2012_142_015832_00483.png", "./data/2008/Chaetoceros_flagellate/IFCB1_2008_116_215800_01261.png", "./data/2009/Phaeocystis/IFCB1_2009_030_174951_00246.png", "./data/2008/Asterionellopsis/IFCB1_2008_095_200706_00879.png", "./data/2012/Pseudonitzschia/IFCB5_2012_066_163841_01375.png", "./data/2014/Thalassiosira_dirty/IFCB5_2014_002_203908_01543.png", "./data/2014/Tintinnid/IFCB5_2014_134_011015_03615.png", "./data/2008/Prorocentrum/IFCB1_2008_240_190615_04513.png", "./data/2009/Phaeocystis/IFCB1_2009_045_162814_02918.png", "./data/2013/Thalassiosira/IFCB1_2013_302_161504_05545.png", "./data/2007/Guinardia_flaccida/IFCB1_2007_120_182130_00289.png", "./data/2008/Tintinnid/IFCB1_2008_194_061440_04155.png", "./data/2009/Phaeocystis/IFCB1_2009_067_165903_00773.png", 